"glass","sklo"
"ice","led"
"mud","bl to"
"stone","k men"
" coffer"," truhla"
"water","voda"
"far","daleko"
"low","n¡zko"
"outside","venku"
"cavern","jeskynØ"
"desert","pouçœ"
"forest","les"
"glacier","ledovec"
"savanna","savana"
"lake","jezero"
"mountains","hory"
"ocean","oce n"
"sky","nebe"
"tavern","hospoda"
"tomb","hrobka"
"underworld","podsvØt¡"
"marsh","ba§ina"
"swamp","moŸ l"
"drums","bubny"
"attack","utok"
"eat","j¡st"
"trade","obchodovat"
"gem","klenot"
"metal","kov"
"announcement","ozn men¡"
"companion","pr…vodce"
"speak","mluvit"
"confirm","potvrdit"
"Night creature!","NoŸn¡ stvoýen¡!"
"its","jeho"
"it","To"
"itself","S m"
"Activity","¬innost"
"Training Session","Tr‚nink"
"Activity Event","Ud lost Ÿinnosti"
"Research","Vìzkum"
"Play","Hraj"
"Worship","Uct¡vej"
"Socialize","Socializuj"
" empty "," pr zdnì "
" empties "," vypr zdnil "
" pick up "," seber to "
" picks up "," sebral "
" embraces "," obdivuje "
" has shared many tales from beyond "," se podØlil o mnoho pý¡bØh… ze z hrob¡ "
" has shared a few rumors."," se podØlil o p r drb…"
" has shared a rumor from abroad."," se podØlil o drb ze zahraniŸ¡"
" gives you "," d v  ti "
" has discovered "," objevil "
"Glass furnace","Skl ýsk  pec"
"Stoneworker","Kamen¡k"
" has become a student of "," se stal studentem "
"Ponder ","Hloubat "
"Learn ","UŸ se "
"Teach ","UŸ "
"Discuss ","Diskutuj "
"Read","¬ti"
"Write","Piç"
"Write about ","Piç o "
"Meditate on ","Medituj o "
"Pray to ","Modli se k "
"Go to Combat Training","Jde na Bojovì Tr‚nink"
"Organize Combat Training","Organizuj Bojovì Tr‚nink"
"Lead Combat Training","VeÔ Bojovì Tr‚nink"
"Wait for Combat Training","PoŸkej na Bojovì Tr‚nink"
"Play Make Believe","Pýedst¡rej, §e"
"Play with ","Hraj si s "
"Toy","hraŸka"
"Inveigh Against ","Oboýit se proti "
"Promote ","povìçit "
"Law","Z kon"
"Loyalty","Loajalita"
"Family","Rodina"
"Friendship","Pý telstv¡"
"Power","S¡la"
"Truth","Pravda"
"Cunning","Prohnanost"
"Eloquence","Vìmluvnost "
"Fairness","F‚rovost"
"Decorum","Sluçnost"
"Tradition","Tradice"
"Artwork","UmØleck‚ d¡lo"
"Cooperation","Spolupr ce"
"Independence","Nez vislost"
"Stoicism","Stoicismus"
"Introspection","Sebepozorov n¡"
"Self-Control","Sebekontrola"
"Tranquility","Klid"
"Harmony","Harmonie"
"Merriment","Vesel¡"
"Craftsmanship","üemesln  dovednost"
"Martial Prowess","Bojov  zdatnost"
"Skill","ZruŸnost"
"Hard Work","Tvrd  pr ce"
"Sacrifice","ObØœ"
"Competition","Soupeýen¡"
"Perseverance","Vytrvalost"
"Leisure Time","Volnì Ÿas"
"Commerce","Obchod"
"Romance","Romantika"
"Nature","Povaha"
"Peace","M¡r"
"Knowledge","VØdomosti"
"Preach on ","K zat "
"Listen to Sermon","Poslechni si K z n¡"
"Tell Story","üekni Pý¡bØh"
"Listen to Story","Naslouchej Pý¡bØhu"
"Listen to Poetry","Poslechni si Poezii"
"Play ","Hraj "
"Simulate ","Simuluj "
"Sing","Zp¡vej"
"Chant","PopØvuj"
"Recite Poetry","Recituj Pouzii"
"Perform Music","Zahraj Hudbu"
"Listen to Music","Naslouchej HudbØ"
"Perform Dance","PýedveÔ Tanec"
"Watch Dance","Pozoruj Tanec"
"Go to ","Jde "
" Demonstration"," Demonstrace"
"Lead ","VeÔ "
"Organize ","Zorganizuj "
"Watch ","Sleduj "
"Wait for ","¬ekej na "
"Serve Customer","Poslu§ Z kazn¡kovi"
"Serve ","Slu§ "
"Go to Individual Combat Drill","Jde na Osobn¡ Bojov‚ CviŸen¡"
"Individual Combat Drill","Osobn¡ Bojov‚ CviŸen¡"
"/Resting","/OdpoŸ¡v "
"Go to Sparring Match","Jde na Tr‚ninkovì Souboj"
"Spar","Box"
"Go to Sparring Practice","Jde na Tr‚ninkov‚ CviŸen¡"
"Watch Sparring Practice","Sledovat Boxerskì Tr‚ning"
"Archery Practice","Lukostýeleckì Tr‚ning"
"You cannot perform here.","Nem…§eç zde vystupovat."
"I'd like a room.","ChtØl bych nØjakì pokoj."
"You could not find a partner.","Nem…§eç naj¡t partnera."
"There are not enough dancers.","Nen¡ tu dostatek taneŸnic."
"There is not enough room to perform here.","Nen¡ tu dost m¡sta pro proveden¡"
"You","Ty"
"Some children","NØjak‚ dØti"
"is","je"
"begins","zaŸ¡n "
"begin","zaŸal"
" playing make believe."," pýedst¡rat hran¡m"
" playing with "," hran¡ s "
"a toy","hraŸka"
"The performers","UmØlci"
"a sermon on ","k z n¡ o "
"the story of ","pý¡bØh o "
"reciting the poem ","recitov n¡ b snØ "
"an improvised recital of ","improvizovanì recit l "
"the musical composition ","hudebn¡ skladba "
"improvised music, ","improvizovan  hudba, "
"dancing ","tanŸen¡ "
"an improvised dance, ","improvizovanì tanec, "
" in the middle of "," bØhem "
"You continue the sermon.","PokraŸujeç v k z n¡."
"The sermon continues.","K z n¡ pokraŸuje."
"You continue the story.","PokraŸujeç v pý¡bØhu."
"The story continues.","A pý¡bØh pokraŸuje."
"You begin","ZaŸ¡n ç"
"The poetry enters","Poezije vstupuje"
"the ","ten "
" line."," ý dek."
"the verse paragraph","verçovanì odstavec"
" verse paragraph"," verçovanì odstavec"
"the stanza","m¡stnost"
" stanza"," m¡stnost"
"You continue the poem.","PokraŸujeç v b sni."
"The poem continues.","A b seå pokraŸuje."
"You enter ","Vstupujeç do "
"The dance enters a new section with ","TaneŸn¡k zaŸ¡n  novou Ÿ st s "
"The music enters ","Hudba vstupuje "
"a simple passage","jednoduch  pas §"
"the introduction","£vod"
"the exposition","expozice"
" of the theme"," z motivu"
" of the first theme"," z prvn¡ho motivu"
" of the second theme"," z druh‚ho motivu"
" of the previous passage"," z pýedchoz¡ pas §e"
"a recapitulation","rekapitulace"
"the synthesis","synt‚za"
" of the two themes"," ze dvou motiv…"
" of previous passages"," z pýedchoz¡ pas §e"
"a verse","verç"
"a chorus","sbor"
"the finale","fin le"
"the coda","coda"
"a bridge-passage","most"
"first ","prvn¡ "
"second ","druh‚ "
"theme","motiv"
"a series of variations","ýada variac¡"
" on the theme"," na t‚ma"
" on the first theme"," na prvn¡ motiv"
" on the second theme"," na druhì motiv"
" and "," a "
"You continue the dance.","PokraŸujeç v tanci."
"The dance continues.","Tanec pokraŸuje."
"You continue the music.","PokraŸujete v hudbØ."
"The music continues.","Hudba pokraŸuje."
"You conclude your performance.","Uzav¡r te sv…j vìkon."
"The performers are finished.","éŸinkuj¡c¡ jsou dokonŸeni."
"Some performers finish their act.","NØkteý¡ umØlci dokonŸuj¡ sv…j Ÿin."
" has finished performing."," ukonŸil sv‚ vystoupen¡."
" concludes a performance."," uzav¡r  vystoupen¡."
"You've learned ","NauŸil jsi se "
"You feel like you know the basic rules of ","M ç pocit, §e zn ç z kladn¡ pravidla "
" now."," teÔ."
"Your","Tvoj¡"
"'s"," "
" lay"," polo§it"
" forth an awe-inspiring sermon for the ages!"," kaz n¡ vzbudilo £ctu na vØky vØk…!"
" artfully deliver"," umnØ dod vat"
" a lucid and powerful sermon."," jasn‚ a siln‚ k z n¡."
" giving a creditable sermon."," k z n¡, kter‚ je hodno uzn n¡."
" just can't give a sermon very well."," jen neum¡ dobýe k zat."
" dance"," tanec"
" flawlessly, like someone out of a legend!"," bezchybnØ,jako nØjak  legenda!"
" dancing exceptionally."," tanŸ¡ vìjmeŸnØ"
" dancing well."," dobrì taneŸn¡k"
" get"," dostat"
" tangled up."," zamotan‚"
" and the "," a "
" are indistinguishable!"," jsou k nerozezn n¡!"
"instrument","n stroj"
" delivering a virtuoso performance on the "," pýedvedl obdivuhodnì vìkon na "
" is absolutely flawless."," je naprosto bezchybnì."
"chant","popØvuj"
"song","p¡seå"
" could nearly pass for the voice of the "," by mohl bìt t‚mØý pova§ov n za hlas "
" play"," hr t"
" the "," ta "
" with skill."," s dovednost¡."
"sing","zp¡vat"
" beautifully."," n dhernØ."
" sound"," zvuk"
" vaguely like the intended "," ne jak bylo zamìçleno "
" playing the "," hraje "
" well."," dobýe."
"chanting","popØvovat"
"singing","zp¡v "
" make"," udØlat"
" a mockery of the "," vìsmØch "
" with a shameworthy performance."," s ostudnìm vìkonem"
"doesn't","ne"
"don't","ne"
" seem to know how to play the "," zd  se, §e v¡, jak hr t "
" sloppily"," nedbalì"
" and even forget"," a dokonce zapomenout"
" some of the words."," nØkter  slova"
" bring"," pýin‚st"
" the poem to life with this flawless recitation."," b seå o§ila dokonalou recitac¡."
" choose"," vybrat"
" the perfect phrasing."," perfektn¡ vyjadýov n¡."
" recite"," recitovat"
" the words evocatively."," slova sugestivnØ."
" enunciate"," vyslovit"
" crisply."," kýehce."
" speak"," mluvit"
" mumble"," mumlat"
", having completely forgotten the words.",", proto§e £plnØ zapomnØl slova."
" poorly."," chabØ."
" weave"," tkan¡"
" a mesmerizing tale!"," fascinuj¡c¡ pý¡bØh!"
" tell"," ý¡ci"
" the story in vivid detail."," pý¡bØh v detailech jako §ivìch."
" telling the tale quite well."," docela dobýe vypr v¡ pý¡bØh."
" stumble"," klopìtnout"
" over the details."," nad detaily."
"It has no writing.","Nem  § dn‚ p¡smo."
"The pages are blank.","Str nky jsou pr zdn‚."
"It has no pages.","Nem  § dn‚ str nky."
"Reputation:","Reputace:"
"legendary hero","legend rn¡ hrdina"
"famous hero","fam¢zn¡ hrdina"
"hero","hrdina"
"noted intruder","proslunì vetýelec"
"Groups","Skupiny"
"Plots","Intriky"
"Assassination Plot","Vra§edn‚ spiknut¡"
"Abduction Plot","énos"
"Sabotage Plot","Sabot §"
"Infiltration Plot","Infiltrace"
"Framing Plot","Pole"
"War Starting Plot","Spiknut¡ pro zah jen¡ v lky"
"Military Organization","Arm dn¡ organizace"
"Rocky Wasteland","Skalnat  Pustina"
"Alias: ","Pýezd¡vka: "
"Highest known in organization","Nejzn mØjç¡ v organizaci"
"Associated Organization: ","Pýidru§en  organizace: "
"Associated Plot: ","Souvisej¡c¡ pozemek: "
" and your military subordinate"," a v ç podý¡zenì voj k"
" and your military commander"," a v ç vojenskì velitel"
" to "," na "
"The "," ten "
"'s "," "
"death","smrt"
"We should have made it there by now.","U§ jsme tam mØli bìt."
"We should be making better progress.","MØli bychom dØlat lepç¡ pokrok."
"We are going the wrong way.","Jdeme çpatnìm smØrem."
"We haven't performed for some time.","U§ nØjakou dobu nem me provedeno."
"We have arrived at our destination.","Dorazili jsme do c¡le."
"The oppressor has been overthrown!","UtlaŸovatel byl svr§en!"
"We must not abandon ","Nesm¡me opustit "
"We must go back.","Mus¡me se vr tit."
"Empty announcement ","Pr zdn‚ ozn men¡ "
"spinning ","rotuj¡c¡ "
"flying ","l‚taj¡c¡ "
"It","To"
", but it is deflected by ",", ale je vychìlen o "
" by the "," podle "
" in the "," v "
" from behind"," zezadu"
" from the side"," ze strany"
" with "," s "
", but the attack is deflected by ",",ale £tok byl odbr cen d¡ky "
"The geldables have been torn away!","Kastr ti byly odra§eni!"
", lightly tapping the target!",", lehk‚ çkrtnut¡ o c¡l"
", but there is no force!",",ale nebyla v tom § dn  s¡la!"
", but it passes right through!",",ale proçlo to pý¡mo skrz!"
", but the attack passes right through!",",ale £tok proçel pý¡mo skrz!"
", but it glances away!",", ale kouk  jinam!"
", but the attack glances away!",", ale £tok smØýuje jinìm smØrem!"
" and the severed part sails off in an arc!"," a oddØlen  Ÿ st smØýuje obloukem jjinam!"
"the part","Ÿ st"
" is smashed into the body, an unrecognizable mass!"," je vra§en do tØla, §e z nØj z…stala neidentifikovateln  hmota!"
" splits in gore!"," promØnil se na krvavou kaçi!"
" collapses!"," zhroucen¡!"
"the injured part","zranØn  Ÿ st"
" is ripped into loose shreds!"," je roztrhanì na mal‚ kousky!"
" is torn apart!"," je roztrhanì!"
" and it is mostly cut away from the rest of the torso!"," a vØtçina tØla je odýez na od zbytk… trupu and it is mostly cut away from the rest of the torso!"
" is cloven asunder!"," je na dva kusy!"
" explodes into gore!"," explodoval na krvavou kaçi!"
" collapses into a lump of gore!"," zhroutil se do krvav‚ kaçe!"
" is crushed!"," je rozdrcenì!"
"tearing","trh n¡"
"tearing apart","trhat tØlo"
"shattering","roztý¡çtit"
"chipping","odçt¡pat"
"fracturing","l mat"
"denting","pomaŸkat"
"bruising","modýiny"
" it"," je"
" apart"," oddØlenØ"
" and"," a"
" tearing apart"," roztrh n¡"
" shattering"," tý¡çtivì"
" tearing"," trh n¡"
" chipping"," odçt¡pat"
" fracturing"," l mat"
" denting"," pomaŸkat"
" bruising"," modýiny"
" through a hole in the "," skrz d¡ru v "
"main part","hlavn¡ Ÿ st"
"passing through a hole in the "," proch zej¡c¡ d¡rou v "
"jamming the"," tlaŸenice v"
" part"," Ÿ st"
"through the ","skrz "
"out of the wound","ven z r ny"
"breaking away","odtrhnout se"
" most of"," vØtçina z"
" half of"," polovina z"
" a piece of"," Ÿ st z"
" the rest of"," zbytek z"
" through the "," skrz "
" and spilling "," a rozlitì "
"your","vaçe"
"rancid","zatuchlì"
"decomposing","rozkl daj¡c¡ se"
"rotten","shnilì"
"fetid","p chnouc¡"
"foul","odpornì"
"reeking","p chnouc¡"
"filthy","çpinavì"
"stinking","smradlavì"
"It is a gelding strike!","Je to £der!"
"It is a gelding blow!","Je to r na!"
"a major artery","hlavn¡ tepna"
"an artery","tepna"
" has been opened by the attack"," byl otevýenì d¡ky £toku"
"many nerves","hodnØ nerv…"
"a motor nerve"," v¡ce nerv…"
"a sensory nerve"," smyslovì nerv"
"have","m¡t"
" been severed"," byl odý¡znut"
"a ligament"," vaz"
" has been "," byl "
"torn","roztr§enì"
"sprained","vymknutì"
"bruised","pohmo§dØnì"
"a tendon"," çlacha"
"strained"," napjatì"
" is ripped to shreds!"," je roztrhanì na kusy!"
" breaks!"," pýeruçenì!"
" attack is interrupted!"," £tok je pýeruçen!"
" have"," m¡t"
" has"," m "
" become enraged!"," rozzlobit se!"
" has lodged firmly in the wound!"," pevnØ uv¡zl v r nØ!"
" latch on firmly"," petlice na z voru"
" latches on firmly"," petlice na z vory"
" latch on firmly!"," petlice na z voru!"
" latches on firmly!"," petlice na z vory!"
" are"," jsou"
" is"," je"
" propelled away by the force of the blow!"," odra§en silou £deru!"
" been knocked unconscious!"," upadl do bezvØdom¡!"
" been stunned again!"," byl znovu omr Ÿen!"
" been stunned!"," byl omr Ÿen!"
" having more trouble breathing!"," obt¡§nØji se mu dìch !"
" having trouble breathing!"," m  probl‚my s dìch n¡m!"
" feel"," c¡tit"
" looks"," hled "
" even more sick!"," jeçtØ nemocnØjç¡!"
" sick!"," nemocnì!"
" is injected into the "," je vstýikov n do "
" pours over the "," je oplachovnì "
" flows over the "," teŸe pýes "
" splatters over the "," nastý¡k n na "
" crumbles over the "," drolen na "
" is sucked out of the wound!"," je vys t z r ny!"
"Date: ","Datum: "
" (Tame)","  (OchoŸenì)"
"with "," s "
" item"," polo§ka"
"Independent","Nez vislì"
"No team/side","V tìmu/Ve skupinØ"
"Side #","Skupina #"
"Create","Vytvoýit"
"Reset","Resetovat"
"Conditions","Podm¡nky"
"Equipment","Vybaven¡"
"Skills","Dovednosti"
"Creature","Stvoýen¡"
"Tame/mountable","OchoŸenì/krotkì"
" year"," rok"
"Set the weather, temperature, and time.","Nastavte poŸas¡, teplotu a Ÿas."
"No cumulus clouds","¦ dn‚ kupovit‚ mraky"
"Scattered cumulus","Roztrouçen  kupovit  oblaka"
"Many cumulus (rain)","Mnoho kupovitìch oblak… (d‚çœ)"
"Cumulonimbus (rain)","Cumulonimbus (d‚çœ)"
"No stratus","Bez stratusu-mhly"
"Stratus (rain)","Mlha (d‚çœ)"
"Nimbostratus (rain)","Deçœov  sloha (d‚çœ)"
"No fog","¦ dn  mlha"
"Thin mist","ü¡dk  mlha"
"Thick fog","Hust  mlha"
"Dragonfire","DraŸ¡ oheå"
"Scorching","Spaluj¡c¡"
"Subterranean","Podzem¡"
"Below freezing","Pod bodem mrazu"
"Deathly cold","Smrt¡c¡ zima"
"Absolute zero","Absolutn¡ nula"
"Morning","R no"
"Late morning","Pozdn¡ odpoledne"
"Early afternoon","¬asn‚ odpoledne"
"Late afternoon","Pozdn¡ odpoledne"
"Early evening","PodveŸer"
"Evening","VeŸer"
"Night","Noc"
"Late night","Pozdn¡ noc"
"Early morning","¬asn‚ r no"
"item","polo§ka"
" have returned."," se vr tili."
" and others have returned."," a ostatn¡ se vr tili."
" has returned."," se vr til."
" has brought back many tales from beyond "," vr til se ze zahraniŸ¡ se spoustou pý¡hod "
" has brought back a few rumors."," vr til se spØt s nØkolika povØstmi."
" has brought back a rumor from abroad."," pýiçel z cest z ciziny s nØkolika f mami."
" has arrived."," pýijel."
" is visiting."," navçt¡vil."
", the performance troupe, has arrived."," dorazil divadeln¡ soubor."
", a performance troupe, is visiting."," navçt¡vil n s divadeln¡ soubor."
"Spoils Report: ","Seznam zka§enìch vØc¡: "
" and others"," a dalç¡"
"Winter","Zima"
"Autumn","Podzim"
"Summer","L‚to"
"Spring","Jaro"
"The dead walk.  Hide while you still can!","¦iv¡ mrtvì. Schovej se dokud m…§eç!"
"A vile force of darkness has arrived!","Pýiçla hnusn  s¡la temnoty!"
"overlords","vl dci"
"Stone-Fall Trap","Past ze Spadl‚ho Kamene"
"save","ulo§it"
"fighting with ","Bojuje s "
"Owner: ","Vlastn¡k: "
"Weight: ","Hmotnost: "
"Value: ","Hodnota: "
"View stockpile","Zobrazit z sobu"
"Beside ","Vedle "
"herself","sama"
"himself","s m"
"Cancel","Zruçit"
"Overview","Pýehled"
"Items","PýedmØty"
"Health","Zdrav¡"
"Rooms","Pkoje"
"Relations","Vztahy"
"Thoughts","Myçlenky"
"Personality","Osobnost"
" Year"," Rok"
" Old"," Starì"
"Spouse: ","Choœ: "
" lovers"," milenci"
"Lover: ","Milenec: "
" children"," dØti"
"Child: ","D¡tØ: "
" pets"," mazl¡Ÿci"
"Strong","Silnì"
"Agile","Hbitì"
"Tough","Hou§evnatì"
"High stamina","Vysok  vytrvalost"
"Recovers quickly","Rychle se zotavuje"
"Resists sickness","Odol v  nemoci"
"Weak","Slabì"
"Clumsy","Nemotornì"
"Frail","Kýehkì"
"Low stamina","N¡zk  vytrvalost"
"Recovers slowly","Zotavuje se pomalu"
"Sickly","Stonavì"
"Good analytical ability","Dobr  analytick  schopnost"
"Good focus","Dobr‚ zamØýen¡"
"High willpower","Vysok  v…le"
"Creative","Tvoýivì"
"Good intuition","Dobr  intuice"
"Patient","TrpØliv¡"
"Good memory","Dobr  pamØœ"
"Good with language","Dobrì v jazyku"
"Good spatial sense","Dobrì prostorovì smysl"
"Musical","Hudebn¡"
"High kinesthetic sense","Vysokì kinestetickì smysl"
"Developed empathy","Rozvinut  empatie"
"High social awareness","Vysok‚ soci ln¡ povØdom¡"
"Poor analytical ability","æpatn  analytick  schopnost"
"Poor focus","æpatn‚ zamØýen¡"
"Low willpower","N¡zk  v…le"
"Not creative","Nen¡ kreativn¡"
"Poor intuition","æpatn  intuice"
"Impatient","NetrpØlivì"
"Poor memory","æpatn  pamØœ"
"Bad with words","æpatnì se slovy"
"Poor spatial sense","æpatnì prostorovì smysl"
"Not musical","Nen¡ hudebn¡"
"Poor kinesthetic sense","æpatnì kinestetickì smysl"
"Poor empathy","æpatn  empatie"
"Poor social awareness","æpatn‚ soci ln¡ povØdom¡"
"Quick to love","Rychlì milovn¡k"
"Hateful","Nen vistnì"
"Envious","Z vistivì"
"Cheerful","Veselì"
"Depression-prone","N chylnì na neprese"
"Anger-prone","N chylnì k hnØvu"
"Anxious","ézkostnì"
"Lustful","Chtivì"
"Easily stressed","Snadno stresovanì"
"Greedy","Chamtivì"
"Intemperate","Nestý¡dmì"
"Brawler","Vìtr§n¡k"
"Stubborn","Tvrdohlavì"
"Wasteful","Marnotratnì"
"Prone to discord","N chylnì k sv ru"
"Flatterer","Lichotn¡k"
"Polite","Zdvoýilì"
"Disdains advice","Pohrd  radou"
"Fearless","Neboj cnì"
"Overconfident","Pý¡liç sebevØdom¡"
"Vain","Marnivì"
"Ambitious","Ambici¢zn¡"
"Gracious","Milostivì"
"Extravagant","Extravagantn¡"
"Zany","Bl znivì"
"Vengeful","Pomstychtivì"
"Proud","Hrdì"
"Cruel","Krutì"
"Single-minded","Jednoduçe smìçlej¡c¡"
"Hopeful","NadØjnì"
"Curious","ZvØdavì"
"Bashful","Stydlivì"
"Private","Uzavýenì"
"Perfectionist","PuntiŸk ý"
"Obstinate","Zatvrzelì"
"Tolerant","Tolerantn¡"
"Emotional obsessive","Emocion lnØ posedl¡"
"Swayed by emotions","Houpaj¡c¡ emoce"
"Altruistic","Altruistickì"
"Dutiful","SvØdomitì"
"Thoughtless","Bezohlednì"
"Orderly","ü dnì"
"Trusting","D…vØrnì"
"Values decorum","Sluçn‚ chov n¡"
"Disdains decorum","Opovrhuje sluçnost¡"
"Hungry","Hladovì"
"Thirsty","¦¡znivì"
"Workshops","D¡lny"
"Locations","Lokace"
"Scholar","ækol k"
"Military organization","Arm dn¡ organizace"
"No orders","¦ dn‚ pý¡kazy"
"Traits","Vlastnosti"
"stone... rock","k men... sk la"
"leather... skin","k…§e.... poko§ka"
"glass and burning wood","sklo a hoý¡c¡ dýevo"
"stacked leather","skladovan‚ k…§e"
"will only do assigned tasks","bude plnit pouze zadan‚ £koly"
"   * Existing hive"," *Existuj¡c¡ £l"
"Too many hives","Pý¡liç mnoho £l…"
"This furniture is a part of multiple rooms.","Tento n bytek je souŸ st¡ v¡ce m¡stnost¡."
"This furniture is a part of","Tento n bytek je souŸ st¡"
"discourse on the relationship between wholes and parts","diskuze o vztahu mezi celky a Ÿ stmi"
"Nest box claimed by","Hn¡zdn¡ budka obsazena"
"Nest box unclaimed","Neobsazen  Hn¡zdn¡ budka"
"Move goods to/from depot","Pýesun zbo§¡ z/do obchodn¡ho skladu"
"Broker requested at depot","Obchodn¡k mus¡ bìt pý¡tomen v obchodn¡m skladu"
"Anyone requested at depot","Kdokoli m…§e do obchodn¡ho skladu"
"No trader needed at depot","Obchodn¡ sklad bez pý¡tomnosti kohokoli"
"Broker can access depot","Obchodn¡m m…§e vstupovat do skladu"
"Broker cannot access depot","Obchodn¡k bez pý¡stupu do obchodn¡ho skladu"
"he","on"
"didn't feel ","nec¡til "
"was ","byl "
"is ","je "
"felt ","c¡til "
"feels ","c¡t¡ "
"was in ","byl v "
"is in ","je v "
"doesn't feel ","nec¡t¡ "
"annoyed","otr venì"
"satisfied","spokojenì"
"grouchy","mrzutì"
"bored","znudØnì"
"gloomy","ponurì"
"uneasy","nepý¡jemnì"
"Making furniture","Vìroba n bytku"
"WARNING:  If successful, your soldiers will join the","VAROVµNÖ: Pokud £spØj¡, vaçi voj ci se pýipoj¡ k"
"Cut raw glass into gems","Rozýezat a vyleçtit surov‚ sklo"
"Saving game","Ukl d n¡ hry"
"Stockpiles","SkladiçtØ"
"[Completed]","[DokonŸeno]"
"Bins, bags, and barrels","Koçe, taçky a sudy"
"Traps and levers","Pasti a p ky"
"Clothing","ObleŸen¡"
"[Viewed]","[Zobrazeno]"
"Finish Game","UkonŸit hru"
"Return to game","Vr tit se do hry"
"And remember: [C:2:0:1]Losing is fun![C:7:0:0]","A pamatuj: [C:2:0:1]Prohr t je z bava![C:7:0:0]"
"Stockpile wood","SkladiçtØ dýeva"
"Place carpenter's workshop","Um¡sti truhl ýskou d¡lnu"
"Construct workshop","Postav d¡lnu"
"Click workshop","Klikni na d¡lnu"
"Use the [C:5:0:1]Build[C:7:0:0] menu to place it in a room underground, just like the [C:6:0:0]Workshop[C:7:0:0].  Dig a new room first if you like.  ","Pou§ijte nab¡dku [C: 5: 0: 1] Stavba [C: 7: 0: 0], abyste ji um¡stili do m¡stnosti pod zem¡, stejnØ jako [C: 6: 0: 0]D¡lna [C: 7: 0: 0]. Pokud chcete, vykopte novou m¡stnost. "
"An obvious material to use to make the crafts is rock. ","Zjevnìm materi lem k pou§it¡ ýemesel je sk la. "
"The underground rectangle must be near the surface, where there is soil (loam, clay, or sand.) One level down should suffice, before you hit rock. ","Podzemn¡ obd‚ln¡k mus¡ bìt pobl¡§ povrchu, kde je p…da (hl¡na, j¡l nebo p¡sek.) Jedna £roveå dol… by mØla staŸit, ne§ zas hnete sk lu. "
"[C:6:0:1]Potash[C:7:0:0] is the fertilizer of choice, and it can be created in the [C:6:0:0]Ashery[C:7:0:0], using [C:6:0:1]Ash[C:7:0:0] from [C:6:0:1]Wood[C:7:0:0] burned in a [C:6:0:0]Wood Furnace[C:7:0:0].  A [C:3:0:0]Water Source[C:7:0:0] zone and a [C:6:0:1]Bucket[C:7:0:0] are also required. ","[C:6:0:1]Hnojivo[C:7:0:0] je hnojivo podle vìbØru, a m…§e bìt vytvoýen v [C:6:0:0]Popel rna[C:7:0:0], pou§it¡m [C:6:0:1]Popel[C:7:0:0] ze [C:6:0:1]Dýevo[C:7:0:0] sp len¡m v [C:6:0:0]DýevØn  Pec[C:7:0:0].  Z¢na [C:3:0:0]Vodn¡ Zdroj[C:7:0:0] a [C:6:0:1]Kbel¡k[C:7:0:0] jsou tak‚ vy§adov ny. "
"Remember, your workers do not eat raw fish!  You must build a [C:6:0:0]Fishery[C:7:0:0] to prepare them. ","Nezapomeåte, §e vaçi lid‚ nejed¡ syrov‚ ryby! K jejich pý¡pravØ mus¡te postavit [C: 6:0:0] Ryb ýstv¡[C:7:0:0]. "
"Only one condition needs to be satisfied for the [C:6:0:1]Minecart[C:7:0:0] to move to the next [C:6:0:0]Track Stop[C:7:0:0].","Pro [C:6:0:1]D…ln¡ voz¡k[C:7:0:0] mus¡ bìt splnØna pouze jedna podm¡nka, aby se pýesunul na dalç¡ [C:6:0:0]Zast vku[C:7:0:0]."
"In order to make [C:6:0:1]Metal Bars[C:7:0:0] for the [C:2:0:0]Metalsmith[C:7:0:0], you must smelt [C:6:0:1]Ore[C:7:0:0]. ","Je týeba udØlat [C:6:0:1]Kovov‚ pruty[C:7:0:0]pro[C:2:0:0]Kovoobr bØŸe[C:7:0:0], kter‚ mus¡ç vytavit z [C:6:0:1]rudy[C:7:0:0].  "
"The best way to avoid this fate is to build traps and ","Nejlepç¡m zp…sobem, jak se tomuto osudu vyhnout, je postavit pasti a "
"lock the ways into your fortress.  The ways to build traps are as wild as your imagination. ","uzamknØte cesty do sv‚ pevnosti. Zp…soby stavØn¡ past¡ jsou stejnØ rostodivn‚ jako vaçe pýedstavivost. "
"Most require [C:6:0:1]Mechanisms[C:7:0:0] made at the [C:6:0:0]Mechanic's Shop[C:7:0:0], using [C:5:0:1]Workshops[C:7:0:0] -> [C:5:0:1]Mechanic[C:7:0:0]. ","VØtçina z nich vy§aduje[C:6:0:1]mechanizmus[C:7:0:0] vyrobenì v[C:6:0:0]Mechanick‚ d¡lnØ[C:7:0:0], s vyu§it¡m[C:5:0:1]D¡lny[C:7:0:0] ->[C:5:0:1]Mechanick  d¡lna[C:7:0:0].  "
"To stop some enemies from entering your fortress use [C:5:0:1]Build[C:7:0:0] -> [C:5:0:1]Machines/fluids[C:7:0:0] -> [C:5:0:1]Lever[C:7:0:0] to build a [C:6:0:0]Lever[C:7:0:0]. ","Chcete-li nØkterìm nepý tel…m zabr nit ve vstupu do pevnosti, pou§ijte tento postup [C:5:0:1]postavte[C:7:0:0] ->[C:5:0:1]Stroje/zaý¡zen¡[C:7:0:0] ->[C:5:0:1]P ka[C:7:0:0] k sestaven¡ s[C:6:0:0]P ka[C:7:0:0]. "
"Some injuries require [C:6:0:1]Splints[C:7:0:0], or [C:6:0:1]Gypsum Plaster Powder[C:7:0:0] for [C:6:0:1]Orthopedic Casts[C:7:0:0].  [C:6:0:1]Soap[C:7:0:0] is necessary to prevent infection. ","NØkter  zranØn¡ vy§aduj¡ [C:6:0:1]Dlahy[C:7:0:0], nebo [C:6:0:1]S drovì Prach[C:7:0:0] pro [C:6:0:1]Ortopedick‚ Obsazen¡[C:7:0:0].  [C:6:0:1]Mìdlo[C:7:0:0] je nezbytn‚ k zabr nØn¡ infekce. "
"[C:6:0:0]Traction Benches[C:7:0:0] which can be built at the [C:6:0:0]Mechanic's Shop[C:7:0:0].","[C:6:0:0]TrakŸn¡ lavice[C:7:0:0] lze vyrobit v [C:6:0:0]mechanick‚ d¡lnØ[C:7:0:0]."
"The thirst for knowledge some residents have can be satisfied at the [C:1:0:1]Library[C:7:0:0]. ","¦¡zeå po znalostech nØkterìch obyvatel m…§e bìt uspokojena v [C:1:0:1]Knihovna[C:7:0:0]. "
"Butcher and craft","üeznictv¡ a uzen ýstv¡"
"Warning!","Varov n¡!"
"military organization","arm dn¡ organizace"
"leather","k…§e"
"soap","mìdlo"
"Text entry","Zad v n¡ textu"
"Game","Hra"
"Autosave the game after embark","Automatick‚ ukl d n¡ hry po nalodØn¡ se"
"Display worn clothing dyes (fort mode)","Zobrazen¡ obnoçenìch barev odØv… (re§im pevnosti)"
"Siege frequency (percentage, otherwise raid)","¬etnost obl‚h n¡ (v procentech, jinak n jezd)"
"being removed from a military group","vyýazen¡ z vojensk‚ skupiny"
"Avarice","Lakota"
"Creature variations...","Variace stvoýen¡..."
"Finalizing creature variations...","Finalizace variac¡ stvoýen¡..."
"Adventurer","Dobrodruh"
"Are you sure you want to delete this game?","Opravdu chcete tuto hru smazat?"
"Continue active game","PokraŸujte v aktivn¡ hýe"
"Start new game in existing world","Spusœte novou hru ve st vaj¡c¡m svØtØ"
"Butcher","üeznictv¡"
"You butcher ","Tv…j ýezn¡k "
"lord","p n"
" toward the fulfillment of plots and schemes in "," d…vod k naplnØn¡ z pletek a intrik v "
"Died of thirst","Zemýel na §¡zeå"
"Leather","K…§e"
"Green glass","Zelen‚ sklo"
"Clear glass","¬ir‚ sklo"
"Soap","Mìdlo"
"Potash","Hnojivo"
"Furniture/siege ammo","N bytek/stýelivo"
"Stone","K men"
"Cloth","ObleŸen¡"
"Empty animal traps","Pr zdn  zv¡ýec¡ past"
"Body parts","¬ sti tØla"
"Stone/clay","K men/j¡l"
"Blocks: stone/clay","Bloky: k men/j¡l"
"Other stone","Jinì k men"
"Cut glass","üezat sklo"
"Cut stone","üezanì k men"
"Body","TØlo"
"Head","Hlava"
"Hands","Ruce"
"craftsman","ýemesln¡k"
"My stones, are you giving me those?  Do you ","Moje kameny, d v ç mi je? M ç "
"Satisfied for next check","Spokojen na dalç¡ kontrolu"
"Not satisfied for next check","Nespokojen na dalç¡ kontrolu"
"Farm plots","Pole"
"You do not have any workshops.","Nem ç § dn‚ d¡lny."
" to harvest"," ke sklizni"
"Library","Knihovna"
" Military"," Arm da"
"Screws","ænekov‚/çroubov‚ mechanizmy"
"Select a stockpile to","Vyberte skladiçtØ na"
"Select a stockpile or","Vyberte skladiçtØ nebo"
"All visitors welcome","Vçichni n vçtØvn¡ci v¡t ni"
"Citizens and long-term residents only","Pouze obŸan‚ a osoby s dlouhodobìm pobytem"
"Citizens only","Pouze obŸan‚"
"Soap (Desired): ","Mìdlo (Po§adovan‚) "
"Tables: ","Stol…: "
"Chairs: ","¦idl¡: "
"Tavern Keeper","Hospodskì"
"Monster Slayer","Zabij k Pý¡çer"
"New library","Nov  knihovna"
"Furniture","N bytek"
"Doors/hatches","Dveýe/poklopy"
"Constructions","Konstrukce"
"Machines/fluids","Stroje/zaý¡zen¡"
"Cages/restraints","Klece/z brany"
"Traps","Pasti"
"Trade depot","Obchodn¡ sklad"
"Clothing and leather","ObleŸen¡ a ko§en‚ vØci"
"Farming","Farmaýen¡"
"Furnaces","Pece"
"Ashery","Popel rna"
"Bowyer","Kuç¡ýstv¡"
"Carpenter","Truhl ý"
"Crafts","üemesln  d¡lna"
"Jeweler","æperkaý"
"Magma forge","Magmatick  kov rna"
"Mechanic","Mechanick  d¡lna"
"Metalsmith","Kovoobr bØŸ"
"Siege","Obl‚hac¡ d¡lna"
"Kiln","HrnŸ¡ýsk  pec"
"Magma glass furnace","Mamgatick  skl ýsk  pec"
"Magma kiln","Magmatick  HrnŸ¡ýsk  pec"
"Magma smelter","Magmatick  Tav¡rna"
"Smelter","Tav¡rna"
"Wood furnace","Myl¡ý"
"Loom","Tkalcovna"
"Clothes","ObleŸen¡"
"Dyer","Barv¡ý"
"Farm plot","Pole"
"Still","Pal¡rna"
"Tanner","Ko§eluh"
"Fishery","Ryb ýstv¡"
"Kitchen","Kuchyå"
"Farmer","Farm ý"
"Quern","Mlìnskì k men"
"Vermin Catcher's Shop","Lovec çk…dc…"
"Nest box","Hn¡zdn¡ budka"
"Hive","£l"
"Cabinet","Ský¡å"
"Glass window","SklenØn‚ okno"
"Screw pump","ænekov /çroubov  pumpa"
"Millstone","Mlìnskì K men"
"Stone-fall","Spadlì k men"
"Off map","Mimo mapu"
"Removing stairs/ramp/constructions","OdstranØn¡ schod…/rampy/konstrukc¡"
"Warning: stockpile has no type.","VAROVµNÖ: skladiçtØ nem  § dnì typ."
"Furniture:","N bytek:"
"Carve a track in a stone floor.  Tracks are used by minecarts with routes set in the hauling menu.","Vytesat koleje v kamenn‚ podlaze. Koleje pou§¡vaj¡ d…ln¡ voz¡ky s trasami nastavenìmi v pýepravn¡ nab¡dce."
"Designate an item for melting at any smelter.","UrŸete polo§ku k taven¡ v libovoln‚ tav¡rnØ."
"Set how many barrerls, bins, and wheelbarrows this stockpile can use.","Nastavte, kolik sud…, koç… a koleŸek m…§e tato z soba pou§¡t."
"Add a stop to this route.  Minecarts will move between stops when conditions are satisfied.","Pýidejte zastaven¡ t‚to trasy. D…ln¡ voz¡ky se pýesunou mezi zast vkami, kdy§ jsou splnØny podm¡nky."
"Sort by distance from the depot.","Seýadit dle vzd lenosti do obchodn¡ho skladu."
"Toggle whether this creature will be gelded at a farmer's workshop when the opportunity arises.","Pýep¡nejte, zda bude toto stvoýen¡ pýi vhodn‚ pý¡le§itosti v d¡lnØ farm ýe vykleçtØno."
"Furnaces are used for smelting, glassmaking, pottery, ashmaking, or to make fuel from wood or raw coal.  Furnaces require fuel to function, or they can be set above magma.","Pece se pou§¡vaj¡ k taven¡, vìrobØ skla, keramiky, pop¡lku nebo k vìrobØ paliva ze dýeva Ÿi surov‚ho uhl¡. Pece vy§aduj¡ ke sv‚mu provozu palivo nebo mohou bìt postaveny nad magmatem."
"These workshops are used in the clothesmaking process, whether dyeing and weaving or using tanned hides.","Tyto d¡lny se pou§¡vaj¡ pýi vìrobØ odØv…, aœ u§ jde o barven¡ a tkan¡, nebo o pou§it¡ vyŸinØnìch k…§¡."
"Most terrain-altering constructions can be found here, from walls and floors to bridges, ramps, stairs, and more.","Najdete zde vØtçinu staveb, kter‚ mØn¡ ter‚n, od stØn a podlah a§ po mosty, rampy, schody a dalç¡."
"Various mechanical traps can be found here.  The pressure plate is also found here, which has applications beyond traps.","Zde najdete r…zn‚ mechanick‚ pasti. N çlapnou desku, kterì se pou§¡v  i mimo pasti, naleznete zde."
"Used to make lye, potash, and milk of lime.  Construction requires blocks, barrel, and a bucket.","Pou§¡v  se k vìrobØ louhu, hnojiva a v penn‚ vody. Stavba vy§aduje bloky, sud a kbel¡k."
"Make crossbows here from wood or bone.  The metalsmith's forge can be used for metal crossbows and metal bolts, and the crafts workshop is used to make other bolts.","Zde si vyrobte kuçe ze dýeva nebo kost¡. V kovoliteck‚ kov rnØ lze vyrobit kovov‚ kuçe a kovov‚ çrouby, v ýemeslnick‚ d¡lnØ pak çipky."
"Make beds and various furniture here, as well as bins, barrels, and more.","Vytvoýte postele a r…znì n bytek, stejnØ jako koçe, sudy a dalç¡."
"Make crafts for trade and your own citizens here, as well as a variety of tools, armor, and bolts.","Vyr bØjte zde ýemesln‚ vìrobky pro obchod a vlastn¡ obŸany a tak‚ r…zn‚ n stroje, brnØn¡ a çipky."
"Forge weapons and armor here, as well as most other metal objects from furniture to trap components.  Magma below the forge will power tasks.  You are responsible for placing the forge above the magma, but no other fuel is required.","M…§ete zde kovat zbranØ a brnØn¡ i vØtçinu dalç¡ch kovovìch pýedmØt… od n bytku a§ po souŸ sti past¡. Magma pod kov rnou poh n¡ pece. Je na v s, abyste kov rnu um¡stili nad magma, pak nen¡ potýeba § dn‚ dalç¡ palivo."
"Forge weapons and armor here, as well as most other metal objects from furniture to trap components.  These tasks require fuel.","M…§ete zde kovat zbranØ a brnØn¡ i vØtçinu dalç¡ch kovovìch pýedmØt… od n bytku a§ po souŸ sti past¡. Tyto £koly vy§aduj¡ palivo."
"Make stone furniture here, as well as blocks which are used in constructions.","Vytvoýte zde kamennì n bytek a tak‚ bloky, kter‚ se pou§¡vaj¡ ve stavebnictv¡."
"Use leather tanned at the tanner's shop here to make clothing and tools, such as bags and waterskins.","Z k…§e vyŸinØn‚ v ko§elu§nØ zde m…§ete vyr bØt odØvy a n stroje, napý¡klad taçky a n doby na vodu."
"Here you can turn thread into cloth, whether it is thread from the farmer's workshop or spider silk gathered underground.","Zde m…§ete z nit¡ vyrobit l tku, aœ u§ jde o nitØ z d¡lny farm ýe, nebo o pavouŸ¡ hedv b¡ nasb¡ran‚ v podzem¡."
"Use dyes here to color thread and cloth.  Requires a barrel and bucket for construction.","Pou§ijte zde barvivo k bareven¡ vl kna a l tky. Vy§aduje sud a kbel¡k pro vìstavbu."
"Make leather from animal hides here.  You can also make parchment using milk of lime and a hide.","Vyrobte si zde k…§i ze zv¡ýec¡ch k…§¡. Z v penn‚ho ml‚ka a k…§e m…§ete tak‚ vyrobit pergamen."
"Make sugar, flour, and various useful slurries here.  Tasks are completed very slowly compared to the powered millstone.","Vytvoýte zde cukr, mouku a r…zn‚ u§iteŸn‚ býeŸky. ékoly jsou splnØny velmi pomalu ve srovn n¡ s poh nØnìm mlìnem."
"Capture and train small animals here.  Requires animal traps.","Zde m…§ete chytat a cviŸit mal  zv¡ýata. Vy§aduje pasti na zv¡ýata."
"Make metal bars from ore here.  Can also refine coal into usable fuel or make alloys.  Magma below the smelter will power tasks.  You are responsible for placing the smelter above the magma, but no other fuel is required.","Vyrobte si zde kovov‚ tyŸe z rudy. M…§ete tak‚ zpracov vat uhl¡ na pou§iteln‚ palivo nebo vyr bØt slitiny. Magma pod hut¡ ji m…§e poh nØt. Um¡stØte tavic¡ pece nad magma a nebude potýeba palivo."
"Plant crops at the farmplot.  You will need seeds or spawn and must select crops by season.  Crops can be fertilized with potash.  Soil is richer deeper underground.","PØstov n¡ plodin na farmØ. Budete potýebovat semena nebo podhoub¡ a mus¡te vyb¡rat plodiny podle sez¢ny. Plodiny lze hnojit hnojivem. P…da je bohatç¡ hloubØji pod zem¡."
"Keep a colony of insects at your hives.  A wild colony must be collected after the hive is placed, or a colony can be split from an existing hive colony.","Udr§ujte vŸelstvo u svìch £l…. Po um¡stØn¡ vŸelstva je týeba shrom §dit divok‚ vŸelstvo, nebo lze vŸelstvo oddØlit od st vaj¡c¡ho vŸelstva."
"Your citizens need a comfortable place to sleep.  A bed object must be made at the carpenter's shop before it can be placed.","Vaçi obŸan‚ potýebuj¡ pohodln‚ m¡sto na span¡. Nejprve je vçak potýeba postele vyrobit v truhl ýsk‚ d¡lnØ."
"Citizens that cannot be buried properly can still be memorialized on slabs.  Slabs are created and engraved at the stoneworker's shop.","ObŸan‚, kteý¡ nelze spr vnØ pohýbeni, mohou bìt st le pamatovan¡ na desk ch. Desky jsou vytv ýeny a vyryty v kamen¡kovØ obchodØ."
"This ornamental construction can enhance the value of rooms.  Three cut gem objects must be made at a jeweler's shop before it can be placed.","Tato okrasn  konstrukce m…§e zvìçit hodnotu m¡stnost¡. Brouçen‚ drahokamov‚ pýedmØty mus¡ bìt pýed um¡stØn¡m vyrobeny v klenotnictv¡ çperkaýem."
"Use a screw pump to move liquids upward from the elevation below the pump to the same elevation as the pump.","Pomoc¡ çnekov‚ho Ÿerpadla se kapaliny pohybuj¡ smØrem nahoru z vìçky pod Ÿerpadlem do stejn‚ vìçky jako Ÿerpadlo."
"Place the water wheel above flowing water to generate power for machines, such as the millstone or screw pump.","Um¡stØte vodn¡ kolo nad tekouc¡ vodou a vytvoýte nap jen¡ stroj…, jako je mlìn nebo çroubov‚ Ÿerpadlo."
"Place the windmill aboveground to generate power for machines, such as the millstone or screw pump.  Not all areas have strong winds.","Um¡stØte vØtrnì mlìn nad zem¡ a vytvoýte nap jen¡ stroj…, jako je mlìn nebo çroubov‚ Ÿerpadlo. Ne vçechny oblasti maj¡ silnì v¡tr."
"Animal traps can be placed in the wild and baited with meat, plants, or gems, in order to catch small creatures.","Pasti na zv¡ýata lze um¡stit do voln‚ pý¡rody a nastra§it do nich maso, rostliny nebo drahokamy, aby se do nich chytili drobn¡ §ivoŸichov‚."
"Stone-fall traps drop a stone on intruders.  Must be loaded with boulders.","Pasti ze spadl‚ho kamene upouçt¡ k men na vetýelce. Mus¡ bìt nalo§eno balvany."
" - make at a workshop first"," - nejdý¡v udØlej d¡lnu"
" - mine rock or chop trees"," - tØ§it sk lu nebo k cet stromy"
" - mine rock underground"," - tØ§it sk lu podzem¡"
"Fire","Oheå"
" is the property of our people."," je vlastnost¡ naçich lid¡."
"[C:VAR:MEETING:ACTOR][VAR:NATIVENAME:MEETING:ACTOR]: There is much to share...  (Information added to Civilizations/World Info)","[C:VAR:MEETING:ACTOR][VAR:NATIVENAME:MEETING:ACTOR]: Je toho hodnØ ke sd¡len¡ ... (Informace pýid ny k Civilizac¡m/SvØtovìm Informac¡m)"
"[C:VAR:MEETING:ACTOR][VAR:NATIVENAME:MEETING:ACTOR]: The world is the same as ever.","[C:VAR:MEETING:ACTOR][VAR:NATIVENAME:MEETING:ACTOR]: SvØt je stejnì jako v§dy."
"[C:VAR:MEETING:ACTOR][VAR:NATIVENAME:MEETING:ACTOR]: I don't know very much about the outside world.  I wish I had more to tell you.","[C:VAR:MEETING:ACTOR][VAR:NATIVENAME:MEETING:ACTOR]: O vnØjç¡m svØtØ moc nev¡m. Pý l bych si, abych ti toho ýekl v¡c."
"[C:VAR:MEETING:ACTOR][VAR:NATIVENAME:MEETING:ACTOR]: Peace is calling out to us.  How do you respond?","[C:VAR:MEETING:ACTOR][VAR:NATIVENAME:MEETING:ACTOR]: M¡r na n s vol . Jak reagujete?"
"[C:VAR:MEETING:ACTOR][VAR:NATIVENAME:MEETING:ACTOR]: It's such a pleasant place you've carved out for yourselves...","[C:VAR:MEETING:ACTOR][VAR:NATIVENAME:MEETING:ACTOR]: Je to tak pý¡jemn‚ m¡sto, kter‚ jste si vytesali pro sebe ..."
"[C:VAR:MEETING:ACTOR][VAR:NATIVENAME:MEETING:ACTOR]: Let's discuss the state of our current agreements...","[C:VAR:MEETING:ACTOR][VAR:NATIVENAME:MEETING:ACTOR]: PojÔme diskutovat o stavu naçich souŸasnìch dohod ..."
"[C:VAR:MEETING:ACTOR][VAR:NATIVENAME:MEETING:ACTOR]: Let's discuss what we are willing to offer for your ","[C:VAR:MEETING:ACTOR][VAR:NATIVENAME:MEETING:ACTOR]: PojÔme diskutovat o tom, co jsme ochotni nab¡dnout pro vaçe "
" [C:VAR:MEETING:ACTOR]is expected, and if you are able to provide some, the caravan will offer "," [C:VAR:MEETING:ACTOR]se oŸek v , a pokud jste schopni nØkter‚ poskytnout, karavan nab¡dne "
"[C:VAR:MEETING:ACTOR][VAR:NATIVENAME:MEETING:ACTOR]: Well then, we have finalized the import agreement.  Feel free to go over the documents.[B]","[C:VAR:MEETING:ACTOR][VAR:NATIVENAME:MEETING:ACTOR]: No, pak jsme dokonŸili dohodu o dovozu. Nev hejte proj¡t dokumenty.[B]"
"[C:VAR:MEETING:ACTOR][VAR:NATIVENAME:MEETING:ACTOR]: Remember, trade agreements strengthen bonds.  Please consider an import agreement next year.","[C:VAR:MEETING:ACTOR][VAR:NATIVENAME:MEETING:ACTOR]: Pamatujte, §e obchodn¡ dohody posiluj¡ dluhopisy. Zva§te pros¡m dohodu o dovozu pý¡çt¡ rok."
"[C:VAR:MEETING:ACTOR][VAR:NATIVENAME:MEETING:ACTOR]: We can part with at most ","[C:VAR:MEETING:ACTOR][VAR:NATIVENAME:MEETING:ACTOR]: M…§eme se rozlouŸit s nejvìçe "
"cabinet","ský¡å"
"Automated workshops","Automatizovan‚ d¡lny"
"Sieges and forbidding","Obl‚h n¡ a z kazy"
"Do not automate tannery","Neautomatizujte ko§elu§nu"
"Automate tannery","Automatizace ko§elu§ny"
"Workers ignore outdoor vermin remains","Pracovn¡ci ignoruj¡ venkovn¡ havØœ/çk…dce"
"Workers gather outdoor vermin remains","Pracovn¡ci sb¡raj¡ poz…statky venkovn¡ havØti/çk…dc…"
"Forbid used ammunition during sieges","Z kaz pou§¡v n¡ stýeliva pýi obl‚h n¡"
"Forbid floor/wall cleaning during sieges","Z kaz ŸiçtØn¡ podlahy/stØn bØhem obl‚h n¡"
"Forbid trap cleaning during sieges","Z kaz ŸiçtØn¡ past¡ bØhem obl‚h n¡"
"Forbid trap rearming during sieges","Z kaz pýezbrojov n¡ past¡ bØhem obl‚h n¡"
"Mix similar foods in barrels","Sm¡chejte podobn‚ potraviny v sudech"
"Do not mix similar food in barrels","Nem¡chejte podobn‚ j¡dlo v sudech"
"Everybody harvests","Ka§dì skl¡z¡"
"Only farmers harvest","Skl¡zej¡ pouze farm ýi"
"Stone type","Typ kamene"
"Economic stone","Ekonomickì k men"
"You know of no appropriate stones.","Nezn te § dn‚ vhodn‚ kameny."
"Military routines","Vojensk‚ proced…ry"
"Stone use","Pou§it¡ kamene"
"[C:4:0:1].Major artery torn","[C:4:0:1].Hlavn¡ tepna roztr§en "
"[C:4:0:1].Artery torn","[C:4:0:1].Tepna roztr§en "
"[C:4:0:1].Heavy bleeding","[C:4:0:1].TØ§k‚ krv cen¡"
"[C:4:0:1].Bleeding","[C:4:0:1].Krv cen¡"
"[C:6:0:0]In traction","[C:6:0:0]V trakci"
"[C:4:0:1]Heavy bleeding","[C:4:0:1]TØ§k‚ krv cen¡"
"[C:4:0:1]Bleeding","[C:4:0:1]Krv cej¡c¡"
"[C:5:0:1]Severe blood loss","[C:5:0:1]TØ§k  ztr ta krve"
"[C:5:0:1]Pale","[C:5:0:1]Bledì"
"[C:5:0:1]Moderate blood loss","[C:5:0:1]M¡rn  ztr ta krve"
"[C:5:0:1]Faint","[C:5:0:1]Chabì"
"[C:3:0:1]Paralyzed","[C:3:0:1]Paralyzov n"
"[C:3:0:1]Partially paralyzed","[C:3:0:1]¬ steŸnØ ochrnutì"
"[C:3:0:1]Sluggish","[C:3:0:1]Loudavì"
"[C:3:0:1]Completely numb","[C:3:0:1]éplnØ otupØlì"
"[C:3:0:1]Partially numb","[C:3:0:1]¬ steŸnØ otupØlì"
"[C:3:0:1]Slightly numb","[C:3:0:1]M¡rnØ otupØl‚"
"[C:4:0:1]Serious fever","[C:4:0:1]V §n  horeŸka"
"[C:4:0:1]Moderate fever","[C:4:0:1]M¡rn  horeŸka"
"[C:4:0:1]Slight fever","[C:4:0:1]M¡rn  horeŸka"
"[C:6:0:1]Extreme pain","[C:6:0:1]Extr‚mn¡ bolest"
"[C:6:0:1]Moderate pain","[C:6:0:1]M¡rn  bolest"
"[C:6:0:1]Slight pain","[C:6:0:1]M¡rn  bolest"
"[C:6:0:1]Exhausted","[C:6:0:1]VyŸerpanì"
"[C:6:0:1]Over-exerted","[C:6:0:1]Pýepracovanì"
"[C:6:0:1]Tired","[C:6:0:1]Unavenì"
"[C:3:0:1]Stunned","[C:3:0:1]Omr Ÿenì"
"[C:3:0:1]Dizzy","[C:3:0:1]Maj¡c¡ z vraœ"
"[C:1:0:1]Drowning","[C:1:0:1]Top¡c¡ se"
"[C:2:0:1]Nauseous","[C:2:0:1]Nevolno"
"[C:4:0:1]Very drowsy","[C:4:0:1]Velmi ospalì"
"[C:1:0:1]Drowsy","[C:1:0:1]Ospalì"
"[C:5:0:1]Dehydrated","[C:5:0:1]Dehydratovanì"
"[C:1:0:1]Thirsty","[C:1:0:1]¦¡znivì"
"[C:4:0:1]Starving","[C:4:0:1]Hladovì"
"[C:6:0:0]Hungry","[C:6:0:0]Hladovì"
"[C:4:0:1]Slumberous","[C:4:0:1]Ospalì"
"[C:6:0:1]Drowsy","[C:6:0:1]Ospalì"
"[C:1:0:0]Drowsy","[C:1:0:0]Ospalì"
"[C:4:0:1]Thirsty!","[C:4:0:1]¦¡znivì!"
"[C:4:0:0]Thirsty","[C:4:0:0]¦¡znivì"
"[C:5:0:1]Thirsty","[C:5:0:1]¦¡znivì"
"[C:6:0:1]Thirsty","[C:6:0:1]¦¡znivì"
"[C:4:0:1]Very hungry","[C:4:0:1]Velmi hladovì"
"[C:6:0:1]Hungry","[C:6:0:1]Hladovì"
"[C:4:0:1]Cannot breathe","[C:4:0:1]Nelze dìchat"
"very focused with satisfied needs","velmi soustýedØnì se spokojenìmi potýebami"
"quite focused with satisfied needs","docela soustýedØnì se spokojenìmi potýebami"
"somewhat focused with satisfied needs","ponØkud soustýedØnì se spokojenìmi potýebami"
"decorum","sluçnost"
"craftsmanship","ýemesln  zruŸnost"
"I don't remember clearly.","pýesnØ si to nepamatuji"
"skulking vermin","pl¡§¡c¡ se çk…dce"
"You must drive the skulking vermin ","Mus¡te tu pl¡§ivou havØœ vyhnat "
"a leather shop","obchod s ko§enìmi vØcmi"
"a leather clothing shop","obchod s ko§enìm obleŸen¡m"
"a bowyer's shop","obchod s luky/kuçemi"
"a blacksmith's shop","kov ýstv¡"
"a carpenter's shop","truhl rna"
"a stone furniture shop","obchod s kamennìm n bytkem"
"a metal furniture shop","obchod s kovovìm n bytkem"
"You sound like a troublemaker.","Zn¡ç jako probl‚movì."
" is well-traveled and would probably have that information."," je dobýe zcestovalì a pravdØpodobnØ by mØl m¡t informace."
" go to "," Jde "
"town","mØsto"
"It is not convincing.","Nen¡ to pýesvØdŸiv‚."
"The dancers perform ","vystupuj¡c¡ taneŸn¡ci "
"Digging designation cancelled: warm stone located.","OznaŸen‚ kop n¡ zruçeno: obsahuje teplì k men."
"Digging designation cancelled: damp stone located.","OznaŸen‚ kop n¡ zruçeno: obsahuje vlhkì k men."
"Trade Depot","Obchodn¡ sklad"
"Nest","Hn¡zdo"
"Nest Box","Hn¡zdn¡ budka"
"Carpenter's Workshop","Truhl ýsk  D¡lna"
"Farmer's Workshop","Farm ýova D¡lna"
"Craftsman","üemesln¡k"
"'s Forge"," Kov rny"
"Magma Forge","Magmatick  kov rna"
"Siege Workshop","Obl‚hac¡ d¡lna"
"Leather Works","Ko§edØln  vìroba"
"Workshop","D¡lna"
"Farm Plot","Pole"
"Glass Furnace","Skl ýsk  pec"
"Wood Furnace","Myl¡ý"
"Magma Smelter","Magmatick  Tav¡rna"
"Magma Glass Furnace","Magmatick  skl ýsk  pec"
"Magma Kiln","Magmatick  HrnŸ¡ýsk  pec"
"Furnace","Pec"
"Siege Engine","Obl‚hac¡ stoje"
"Screw Pump","ænekov  pumpa"
"Crafts Market","üemeslnì obchod"
"Custom Workshop","Vlastn¡ D¡lna"
" Cabinet"," Ský¡å"
"Glass","Sklo"
"Furniture ","N bytek "
"Stone ","K men "
"Leather ","K…§e "
"Secret Library","Tajn  Knihovna"
"Stoneworking Pit","Kamenick  J ma"
"Cloth Workshop","Textiln¡ d¡lna"
"Cloth Clothing Workshop","D¡lna l tkovìch odØv…"
"Leather Clothing Workshop","Ko§en  odØvn¡ d¡lna"
"Stoneworking Workshop","Kamenick  D¡lna"
"Depot","Sklad"
"head","hlava"
"heads","hlavy"
"master","mistr"
"an infamous villain","nechvalnØ zn mì padouch"
"a modest bard","skromnì bard"
"You must never forget true loyalty.  Repay it in full.","Nikdy nesm¡te zapomenout na skuteŸnou vØrnost. Splaœte ji v pln‚ vìçi."
"I hold the relationships I've forged myself over family ties I had no part in creating.","Vztahy, kter‚ jsem si s m vytvoýil, jsou pro mØ d…le§itØjç¡ ne§ rodinn‚ vazby, na jejich§ vzniku jsem se nepod¡lel."
"I can see a place for maintaining decorum, but it's exhausting to live that way.","Ch pu, §e je týeba zachov vat sluçnost, ale §¡t takovìm zp…sobem je vyŸerp vaj¡c¡."
"Some time spent in reflection is admirable, but you must not forget to live your life.","¬as str venì pýemìçlen¡m je obdivuhodnì, ale nesm¡te zapom¡nat §¡t sv…j §ivot."
"Some self-sacrifice is worthy, but do not forget yourself in devotion to the well-being of others.","UrŸit‚ sebeobØtov n¡ je z slu§n‚, ale nezapom¡nejte na sebe, kdy§ se vØnujete blahu druhìch."
"I'm feeling randy today!","Dnes se c¡t¡m dobýe!"
"I'm not much of a decision maker.","Nejsem moc tv…rce rozhodnut¡."
"I feel so uneasy!","C¡t¡m se tak nepý¡jemnì!"
"I am very satisfied.","Jsem velmi spokojen."
"I feel such emptiness.","C¡t¡m takovou pr zdnotu."
"I feel very uneasy.","C¡t¡m se velmi nepý¡jemnì."
"I'm uneasy.","Jsem nepý¡jemnì."
"I'm not uneasy.","Nejsem nepý¡jemnì."
"died of thirst","zemýel na §¡zeå"
"was crushed by a rock","byl rozdrcen sk lou"
"I am wearing old clothes.","M m na sobØ star‚ çaty."
"My clothes are in tatters.","Moje obleŸen¡ je na c ry."
"My clothes actually rotted right off of my body.","ObleŸen¡ mi vlastnØ shnilo pý¡mo na tØle."
"I'm thirsty.","M m §¡zeå."
"I'm hungry.","M m hlad."
"I was close to a waterfall.","Byl jsem bl¡zko vodop du."
"I don't have a shirt.","Nem m koçili."
"I don't have enough cabinets.","Nem m dost ský¡n¡."
"I had a bath with soap!","MØl jsem koupel s mìdlem!"
"I slept on the floor.","Spal jsem na podlaze."
"I slept on rocks.","Spal jsem na skal ch."
"a setting worthy of legends","prostýed¡ hodn‚ legend"
"gloom","ponurì"
"Are you still dancing?","St le tancujeç?"
"We have been under siege by an ancient force of nature.","Jsme v oble§en¡ prastar‚ pý¡rodn¡ s¡ly."
"forgetful guard","zapomnØtlivì str §ce"
"I would give anything to be away from here.  I can't stand the boredom!","Dal bych cokoli, abych byl pryŸ odtud. Nemohu vydr§et nudu!"
"name","jm‚no"
"vermin","lovec çk…dc…"
"slayer","vrah jinak"
" Shearable Tissue "," Stý¡hac¡ Tk å "
"is muscular and very tall"," je svalnatì a velmi vysokì"
"short ","kr tkì "
"Merchants need depot","Obchodn¡k potýebuje sklad"
"Embark","Nalodit se"
"Stone Blocks","Kamenn‚ Bloky"
"Bags (Leather)","Braçna (Ko§en )"
"Barrels","Sudy"
"Grab Shear Unit","Chytit Stý¡hac¡ Jednotku"
"Go to Shear Station","Jde do Stý¡hac¡ Stanice"
"Go to Cage","Jde do Klece"
"Wander Depot","NeurŸen‚ skladiçtØ"
"jeweled","drahokamy"
"just","pouze"
"farming","farmaýen¡"
"crafts","ýemeslo"
"games","hry"
"jewels","çperkaýi"
"stonefly","letaj¡c¡ k men"
"coati","nos l"
"bull","bìk"
"Limestone","V penec"
"Sandstone","P¡skovec"
"Moonstone","MØs¡Ÿn¡ K men"
"Stone Carving","Tes n¡ Kamene"
"Stonecutting","üez n¡ Kamene"
"Butchery","üeznictv¡"
"Soap Making","Vyr bØn¡ Mìdla"
"Potash Making","Vyr bØn¡ Hnojiva"
"Lye Making","Vyr bØn¡ Louhu"
"Metalsmithing","Kovoobr bØn¡"
"Stone Crafting","Kamenn‚ Vyr bØn¡"
"Glassmaking","Vìroba skla"
"Singing","Zp¡v "
"Military Tactics","Vojensk  taktika"
"Clothes Making","Vìroba odØv…"
"Shearing","Stý¡h n¡"
"Stone Carver","Tesaý Kamene"
"Stonecutter","üezaŸ Kamene"
"Swimmer","Plavec"
"Soaper","Mìdlaý"
"Potash Maker","Vìrobce Hnojiva"
"Lye Maker","Vìrobce Louhu"
"Papermaker","Vìrobce Pap¡ru"
"Stone Crafter","Vyr bØŸ Kamene"
"Glassmaker","Vìrobce Skla"
"Leatherworker","Ko§edØln¡k"
"Cheesemaker","Vìrobce Sìru"
"Shearer","Stý¡haŸ"
"killer","zabij k"
"murderer","vrah"
"Loading world to start new game","NaŸ¡t n¡ svØta pro spuçtØn¡ nov‚ hry"
"Preparing game...","Pý¡prava hry..."
"Loading world and continuing active game","NaŸ¡t n¡ svØta a pokraŸov n¡ aktivn¡ hry"
"a day's travel","den cesty"
"nearly a day's travel","necelì den cesty"
"a half day's travel","p…l dne cesty"
"a short walk","kr tk  proch zka"
"Warm","Teplo"
"Multiple Constructions","V¡cen sobn  konstrukce"
"Volcano: ","Sopka: "
"Bowyer's shop","Obchod s luky/kuçemi"
"Carpenter's shop","Truhl rna"
"Gloomy","Ponurì"
" get hungry. "," dostat hlad. "
"Siege Equipment","Obl‚hac¡ Vybaven¡"
"[Requires fuel]","[Vy§aduje palivo]"
"[Requires ore]","[Vy§aduje rudu]"
"[Requires ore, fuel]","[Vy§aduje rudu, palivo]"
"[Requires ","[Vy§aduje "
" Crafts"," üemesln¡k"
"Stone shape not found: ","Tvar kamene nebyl nalezen: "
"head ","hlava "
"Leather Clothing","Ko§en‚ çaty"
"Leather armor","Ko§en‚ brnØn¡"
"processable (to barrel) ","zpracovateln‚ (do sudu) "
"lye-bearing ","zp…sob louhov n¡ "
"furniture ","n bytek "
"screw ","çnek/çroub "
"leather ","k…§e "
"soap ","mìdlo "
"lye/milk-free ","louh/bez ml‚ka "
"stone ","k men "
"calcite/limestone/chalk/marble ","kalcit/v penec/ký¡da/mramor "
"hive","£l"
"nest box","hn¡zdn¡ budka"
"We checked that stone for heat!  What devilry is this?!","Zkontrolovali jsme ten k men na teplo! Co je to Ô bel?!"
"*** STARTING NEW GAME ***","*** SPUæT·NÖ NOV HRY ***"
"[C:VAR:MEETING:ACTOR][VAR:NATIVENAME:MEETING:ACTOR]:  Although we do not always see eye to eye (ha!), I bid you farewell.  May you someday embrace nature as you embrace the rocks and mud.","[C:VAR:MEETING:ACTOR][VAR:NATIVENAME:MEETING:ACTOR]:  I kdy§ ne v§dy vid¡me z oŸ¡ do oŸ¡ (ha!), Nab¡dnu v m rozlouŸen¡. K‚§ jednou pýijmete pý¡rodu, jako pýijmete sk ly a bl to."
"[C:VAR:MEETING:ACTOR][VAR:NATIVENAME:MEETING:ACTOR]:  Greetings from the woodlands.  We have much to discuss.","[C:VAR:MEETING:ACTOR][VAR:NATIVENAME:MEETING:ACTOR]:  Pozdravy z les…. M me toho hodnØ k diskuzi."
"[C:VAR:MEETING:ACTOR][VAR:NATIVENAME:MEETING:ACTOR]:  Greetings, noble dwarf.  There is much to discuss.","[C:VAR:MEETING:ACTOR][VAR:NATIVENAME:MEETING:ACTOR]:  Zdrav¡m, uçlechtilì trpasl¡k. Je toho hodnØ co diskutovat."
"[C:VAR:MEETING:ACTOR][VAR:NATIVENAME:MEETING:ACTOR]:  Again on behalf of the Merchants' Guild, let me bid farewell to you and your stout dwarves.","[C:VAR:MEETING:ACTOR][VAR:NATIVENAME:MEETING:ACTOR]:  Znovu jm‚nem cechu obchodn¡k…, dovolte mi rozlouŸit se s v mi a vaçimi tvrdìmi trpasl¡ky."
"rock","sk la"
"stones","kameny"
"barrel","sud"
"siege ammo","obl‚hac¡ stýelivo"
"quern","mlìnskì k men"
"millstone","mlìnskì k men"
"bowyer's shop sign","cedule obchodu s luky/kuçemi"
"carpenter's shop sign","cedule truhl rny"
"stone furniture shop sign","cedulka obchodu s kamennìm n bytkem"
"soap body part","Ÿ st tØla mìdla"
"Modest Dining Room","Skromn  J¡delna"
"Modest Quarters","Skromn  ¬tvrœ"
"Stone Hauling","Kamenn  Pýeprava"
"Stone Engraving","Kamenn  Rytina"
"Clothesmaking","vyr bØn¡ odØv…"
"Farming (Fields)","Farmaýen¡ (Pole)"
"Stonecrafting","Kamenovìroba"
"Mechanics","Mechaniky"
"Stoneworking","Kamenictv¡"
"Farming/Related","ZemØdØlstv¡/navazuj¡c¡"
"Jewelry","æperky"
"thirsty","§¡znivì"
"hungry","hladovì"
"no shirt","bez koçile"
"cleaned self with soap","samoŸiçtØno s mìdlem"
"slept on rough stone","spal na drsn‚m kameni"
"slept on rocks","spal na skal ch"
"slept on dirt","spal ve çp¡nØ"
"slept on driftwood","spal na naplaven‚m dý¡v¡"
"gave birth","porodila"
"received water","obdr§el vodu"
"gave water","dal vodu"
"received food","obdr§el j¡dlo"
"discourse on ethics as it regards the benefit of the state","diskuze o etice,pokud jde o dobro st tu"
"discourse on the meaning of individual happiness","diskuze o vìznamu individu ln¡ho çtØst¡"
"discourse on medical ethics","diskuze o l‚kaýsk‚ etice"
"discourse on the nature of truth","diskuze o povaze pravdy"
"discourse on the nature of justification","diskuze o povaze ospravedlnØn¡"
"discourse on the nature of perception","dskuze o povaze vn¡m n¡"
"discourse on the nature of belief","dskuze o povaze v¡ry"
"discourse on the relationship between objects and their properties","dskuze o vztahu mezi pýedmØty a jejich vlastnostmi"
"discourse on the nature of mind and body","dskuze o povaze mysli a tØla"
"discourse on the nature of time","diskuze o povaze Ÿasu"
"discourse on the nature of existence","dskuze o povaze existence"
"discourse on the nature of events","diskuze o povaze ud lost¡"
"discourse on ethics as applied to war","diskuze o etice aplikovan‚ na v lku"
"discourse on the nature of causation","diskuze o povaze pý¡Ÿinn‚ souvislosti"
"discourse on the nature of processes","diskuze o povaze proces…"
"discourse on ethics as applied to interpersonal conduct","diskuze o etice aplikovan‚ na mezilidsk‚ vztahy"
"discourse on education","diskuze o vzdØl n¡"
"discourse on law","dskuze o pr vu"
"discourse on grammar","diskuze o gramatice"
"discourse on social welfare","diskuze o socialn¡m blahobytu"
"discourse on economic policy","diskuze o hospod ýsk‚ politice"
"discourse on government","diskuze o vl dØ"
"discourse on diplomacy","diskuze o diplomacii"
"the notion of etymology","pojem etymologie"
"discourse on the value of art","diskuze o hodnotØ umØn¡"
"discourse on the nature of beauty","diskuze o pý¡rodn¡ kr se"
"the notion of conflict between members of a community","pýedstava konfliktu mezi Ÿleny komunity"
"the notion of bonds between members of a community","vazby mezi Ÿleny komunity"
"the notion of historical, governmental and social cycles","n zor na historii vl dy a socialn¡ cykly"
"discourse on the causes of historical events","diskuze o pý¡rodn¡ch historickìch ud lost¡"
"the idea of source reliability","myçlenka o p…vodu zdroje"
"was killed by falling rocks","byl zabit padaj¡c¡ sk lu"
" by falling rocks"," padaj¡c¡ sk lou"
"Some","NØjakì"
" crafts"," ýemeslo"
"shadowy military","st¡nov‚ vojsko"
"company","SpoleŸnost"
"Killed by falling rocks","Zabito padaj¡c¡ sk lou"
"thirst","§¡zeå"
"swayable","houpavì"
" Barrel"," Sud"
"is affronted by the whole notion of maintaining decorum and finds so-called dignified people disgusting","je znechucen celou pýedstavou o dodr§ov n¡ sluçn‚ho chov n¡ a pova§uje takzvanØ d…stojn‚ lidi za nechutn‚"
"is thoroughly mechanical","je zcela mechanickì"
"Butcher an animal","Porazit zv¡ýe"
"Shear ","Stý¡hat "
"Process plants (barrel)","Procesn¡ rostliny (sud)"
"Make lye","Vyrob louh"
"Make potash from lye","Vyrob hnojivo z louhu"
"Make potash from ash","Vyrob hnojivo z popela"
"Trade at depot","Obchod ve skladu"
"Polish stones","LeçtØn¡ kamen¡"
"furniture","n bytek"
"polished stones","leçtØn‚ kameny"
"Install colony in hive","Pýesuå vŸelstvo do £lu"
"Collect hive products","Posb¡rat produkty z £lu"
"Forge ","Kov rna "
" barrel"," sud"
" quern"," mlìnskì k men"
" millstone"," mlìnskì k men"
"Bring item to depot","Pýineste polo§ky do skladu"
"Sleep","Sp nek"
"Store item in barrel","Ulo§it pýedmØt do sudu"
"Load stone trap","Naplnit kamenou past"
"Kitchen, Cook","Kuchyå, Vaýen¡"
"Kitchen, Brew","Kuchyå, Vaýen¡ piva "
"potash","hnojivo"
"potash slush","býeŸka hnojiva"
"pressed potash","lisovan‚ hnojivo"
"frozen lye","mra§enì louh"
"frozen lye powder","mra§enì louhovì prach"
"lye slush","býeŸka louhu"
"boiling lye","vaý¡c¡ louh"
"Use Seed","Pou§¡t sem¡nko"
"You must have at least as many of these highest volcanism points as you are requiring volcanos.  ","Mus¡te m¡t alespoå tolik vulkanickìch bod…, kolik vy§adujete sopek. "
"Make sure your parameters and presets allow as many border mountain squares as you are requiring mountain caves.  ","UjistØte se, §e vaçe parametry a pýedvolby umo§åuj¡ stejnì poŸet hraniŸn¡ch horskìch pol¡, jako po§adovanìch horskìch jeskyn¡. "
"LACK OF VOLCANOS","NEDOSTATEK SOPEK"
"views decorum as a high ideal and is deeply offended by those that fail to maintain it","pova§uje sluçnost za vysokì ide l a je hluboce ura§en tØmi, kdo ji nedodr§uj¡"
"greatly respects those that observe decorum and maintain their dignity","velmi si v §¡ tØch, kteý¡ zachov vaj¡ sluçnost a d…stojnost."
"values decorum, dignity and proper behavior","ct¡ sluçnost, d…stojnost a sluçn‚ chov n¡"
"doesn't care very much about decorum","pý¡liç nedb  na sluçnost"
"finds maintaining decorum a silly, fumbling waste of time","pova§uje dodr§ov n¡ sluçn‚ho chov n¡ za hloupou a bezradnou ztr tu Ÿasu"
"is disgusted by merrymakers","je znechucen veselìmi"
"is not the type to fall in love or even develop positive feelings","nen¡ to ten typ, kterì by se zamiloval nebo dokonce rozv¡jel pozitivn¡ vztahy"
"finds a chaotic mess preferable to the boredom of harmonious living","shled v  chaotickì nepoý dek, kterì je lepç¡ ne§ nuda harmonick‚ho §ivota"
"would be deeply satisfied if everyone could live as one in complete harmony","byl by hluboce spokojen, kdyby ka§dì mohl §¡t jako jeden v £pln‚ harmonii"
"exhibits a refined politeness and is determined to keep the guiding rules of etiquette and decorum as if life itself depended on it","projevuje kultivovanou zdvoýilost a je odhodl n dodr§ovat pravidla etikety a sluçn‚ho chov n¡, jako by na tom z visel jeho §ivot."
"is very polite and observes appropriate rules of decorum when possible","je velmi zdvoýilì a pokud mo§no dodr§uje vhodn  pravidla sluçn‚ho chov n¡"
"is vengeful and never forgets or forgives past grievances","je pomstychtivì a nikdy nezapom¡n  nebo neodpouçt¡ kýivdy z minulosti."
"is bored by reality and would rather disappear utterly and forever into a world of made-up fantasy","se nud¡ realitou a radØji by zmizel naprosto a nav§dy do svØta vytvoýen‚ fantazie"
" dead body"," mrtvola"
"somebody's","nØŸ¡"
"killing somebody","nØkoho zab¡t"
"clothes rot off of ","obleŸen¡ hnije "
"a soapy bath","mìdlov  koupel"
"sleeping on rocks","sp¡c¡ na skal ch"
" has been satisfied."," byl spokojen."
" is satisfied with their position here. "," je zde spokojen s jejich pozic¡. "
"craftsmen","ýemesln¡ci"
"Your ruler has arrived, dressed as a peasant!","V ç vl dce dorazil pýevleŸenì za roln¡ka!"
"The item ","PýedmØt "
"sometimes have reversed word orders","nØkdy maj¡ obr cen‚ poýad¡ slov"
"Semi-molten Rock","Polotekut  Sk la"
" is stumbling around obliviously!"," nez£ŸastnØnØ se pot c¡ kolem!"
"Fishery Worker","Ryb ý"
"singing metal","zp¡vaj¡c¡ kov"
":body:bodies",":tØlo:tØla"
" heads"," hlavy"
" head"," hlava"
" heads are"," hlavy jsou"
" head is"," hlava je"
":heads:heads",":hlavy:hlavy"
":head:heads",":hlava:hlavy"
"[NAME:forge ","[NAME:kov rna "
"[NAME:make ","[NAME:vyrobit "
"[NAME:assemble ","[NAME:sestavit "
" twisted into humanoid form"," Pýetvoýenì do lidsk‚ podoby"
"it appears to be covered with rocky crags","zd  se, §e je pokryt skalnatìmi £tesy"
"it rocks back and forth whenever somebody changes their mind in its presence","houpe se tam a zpØt, kdykoli nØkdo zmØn¡ n zor v jeho pý¡tomnosti"
"leathery","ko§enì"
"hand","ruka"
"hands","ruce"
"dog","pes"
"dogs","psi"
"champion","mistr"
"Fighters","Bojovn¡ci"
"fighter","bojovn¡k"
"Guardian","Sr §ce"
"Guardians","Str §ci"
"guardian","opatrovn¡k"
"Spirit","Duch"
"Spirits","Duchov‚"
"Messenger","Posel"
"Messengers","Poslov‚"
"messenger","kurìr"
"Slayers","Pýemo§itel‚"
"Enforcer","VymahaŸ"
"Enforcers","VymahaŸi"
"Doom","Osud"
"bane","proklet¡"
"Ruination","Zý¡cen¡"
"butcher","ýezn¡k"
"butchers","ýezn¡ci"
"[IS_NAME:the secrets of life and death]","[IS_NAME:tajemstv¡ §ivota a smrti]"
"jewel","çperk"
"of jewels","çperk…"
"[NAME:coat:coats]","[NAME:kab t:kab ty]"
"[NAME:shirt:shirts]","[NAME:koçile:koçile]"
"[NAME:cloak:cloaks]","[NAME:pl çœ:pl çtØ]"
"[NAME:tunic:tunics]","[NAME:tunika:tuniky]"
"[NAME:toga:togas]","[NAME:toga:togy]"
"[NAME:cape:capes]","[NAME:kapuce:kapuce]"
"[NAME:vest:vests]","[NAME:vesta:vesty]"
"[NAME:dress:dresses]","[NAME:çaty:çaty]"
"[NAME:robe:robes]","[NAME:roucho:roucha]"
"[NAME:cap:caps]","[NAME:Ÿepice:Ÿepice]"
"[NAME:helm:helms]","[NAME:helma:helmy]"
"[NAME:hood:hoods]","[NAME:kapuce:kapuce]"
"[NAME:turban:turbans]","[NAME:turban:turbany]"
"[NAME:mask:masks]","[NAME:maska:masky]"
"[NAME:head veil:head veils]","[NAME:z voj na hlavu:z voje na hlavu]"
"[NAME:face veil:face veils]","[NAME:obliŸejovì z voj:obliŸejov‚ z voje]"
"[NAME:headscarf:headscarves]","[NAME:ç tek na hlavu:ç tky na hlavu]"
"[NAME:gauntlet:gauntlets]","[NAME:rukavice:rukavice]"
"[NAME:mitten:mittens]","[NAME:palŸ ky:palŸ ky]"
"[NAME:glove:gloves]","[NAME:rukaviŸky:rukaviŸky]"
"[NAME:low boot:low boots]","[NAME:n¡zk  bota:n¡zk‚ boty]"
"[NAME:high boot:high boots]","[NAME:vysok  bota:vysok‚ boty]"
"[NAME:sock:socks]","[NAME:pono§ka:pono§ky]"
"[NAME:sandal:sandals]","[NAME:sand l:sand ly]"
"[NAME:shoe:shoes]","[NAME:stýev¡c:stýev¡ce]"
"[ATTACK:BLUNT:1:10:lash:lashes:NO_SUB:5000]","[ATTACK:BLUNT:1:10:biŸ:biŸe:NO_SUB:5000]"
"[NAME:arrow:arrows]","[NAME:ç¡p:ç¡py]"
"[NAME:blowdart:blowdarts]","[NAME:foukac¡ çipka:foukac¡ çipky]"
"[NAME:great axe:great axes]","[NAME:velk  sekera:velk‚ sekery]"
"[NAME:halberd:halberds]","[NAME:halapartna:halapartny]"
"[NAME:battle axe:battle axes]","[NAME:bojov  sekera:bojov‚ sekery]"
"[NAME:maul:mauls]","[NAME:kyj:kyje]"
"[NAME:war hammer:war hammers]","[NAME:v leŸn‚ kladivo:v leŸn‚ kladiva]"
"[NAME:bolt:bolts]","[NAME:çipka:çipky]"
"the construction and use of mechanical clocks","konstrukce a pou§¡v  mechanick‚ hodiny"
"the construction and use of the screw","konstrukce pou§¡vaj¡c¡ çnØk/çroub"
"the reasons why screws are effective","d…vod, proŸ jsou çneky/çrouby tak efektivn¡"
"the construction and use of the mechanical compass","konstrukce a pou§¡v  mechanickì kompas"
"Nobody","Nikdo"
"the Military","Vojsko"
"Distillation","Destilace"
"Mechanical Clocks","Mechanick‚ hodiny"
"the Mechanical Clock"," Mechanick‚ hodiny"
"the Screw","ænek/çroub"
"Mechanical Compasses","Mechanick‚ kompasy"
"the Mechanical Compass"," mechanickì kompas"
"Loss","Ztr ta"
"Ruin","Rujna"
"the Rocks","Sk ly"
"engineering:horology:mechanical clock","stroj¡renstv¡:hodin ýstv¡:mechanick‚ hodiny"
"engineering:machine:mechanical compass","stroj¡renstv¡:stroje:mechanickì kompas"
"military ethics","vojensk  etika"
"distillation","destilace"
"military surveying","vojenskì pr…zkum"
"mechanical clocks","mechanick‚ hodiny"
"the screw","çnek/çroub"
"the mechanical compass"," mechanickì kompas"
"poor analytical abilities","chab‚ analytick‚ schopnosti"
"Not enough volcanos","Nedostatek sopek"
"Metal Crafts","Kovov‚ vìrobky"
"Leather Goods","Ko§en‚ zbo§¡"
"Wooden Furniture","DýevØnì N bytek"
"Stone Furniture","Kamennì N bytek"
"Metal Furniture","Kovovì N bytek"
"Hunters","Lovci"
"leather clothing shop (255,128,64)","obchod s ko§enìm obleŸen¡m (255,128,64)"
"leather accessories shop (100,70,30)","obchod s ko§enìmi doplåky (100,70,30)"
"underground farming (50,20,50)","farmaýen¡ v podzem¡ (50,20,50)"
" is bored"," je nudnì"
" gets bored, "," se nud¡, "
" gets bored"," se nud¡"
"repeatedly snaps ","opakovanØ zaklapne "
" starts getting bored"," se zaŸne nudit"
"Dangerous terrain","NebezpeŸnì ter‚n"
"Need cloth","Chce odØv"
"carpenter","truhl rna"
"bowyer","kuç¡ýstv¡"
"stoneworker","kamen¡k"
"metalsmith","kovoobr bØŸ"
"jeweler","çperkaý"
"papermaker","vìrobce pap¡ru"
"leatherworker","ko§edØln¡k"
"glassmaker","vìrobce skla"
"fishery worker","Ryb ý"
"farmer","farm ý"
"cheesemaker","vìrobce sìru"
"shearer","Stý¡haŸ"
"tanner","ko§eluh"
"dyer","barv¡ý"
"soap maker","vìrobce mìdla"
"potash maker","vìrobce hnojiva"
"lye maker","vìrobce louhu"
"mechanic","mechanik"
"siege engineer","obl‚hac¡ in§enìr"
"Soap Maker","Vìrobce Mìdla"
" retch"," zvracet"
" retches"," d vit"
"The vomit splatters into the shallow puddle of water.","Zvratky se rozstý¡kli do mØlk‚ kalu§e vody."
" no longer stunned."," nen¡ d le omr Ÿenì"
" out from exhaustion."," z vyŸerp n¡"
" collapse and fall"," zkolaboval a spadnul"
" collapses and falls"," zkolaboval a spadnul"
" give"," d t"
" gives"," d v "
" forgotten "," zapomenutì "
" training!"," tr‚nink!"
" the name "," jm‚no "
"rarely sick","vyj¡meŸnØ nemocnì"
"a sharp intellect","bystrì rozum"
"a good intellect","dobrì rozum"
"a lousy intellect","chabì rozm"
"very bad analytical abilities","velmi çpatn‚ analytick‚ schopnosti"
"unbreakable focus","nezlomn‚ soustýedØn¡"
"a great ability to focus","vysoka schopnost soustýedØn¡"
"died of thirst.","zemýel na §¡zeå."
"been killed by falling rocks.","byl zabit padaj¡c¡ sk lou."
"been found dead.","byl nalezen mrtv¡."
"been found, starved to death.","byl nalezen, zemýel hladem."
"been found dead, dehydrated.","byl nalezen mrtvì, dehydratovanì."
"been found dead, drowned.","byl nalezen mrtvì, utopenì."
"been found dead, badly burned.","byl nalezen mrtvì, oçklivØ pop lenì."
"been found dead, frozen.","byl nalezen mrtv¡, umrzl."
"been found dead, badly crushed.","byl nalezen mrtvì, oçklivØ rozdrcen."
"Duplicate Object: ","Duplikovat Objekt: "
"inorganic","anorganick‚"
"entity","subjekt"
"translation","pýeklad"
"color","barva"
"shape","tvar"
"interaction","interakce"
"sound","zvuk"
"failed vermin colony deletion","ne£spØçn‚ odstranØn¡ kolonie çk…dc…"
"Generating world using parameter set ","Generov n¡ svØta pomoc¡ sady parametr… "
" Seed: "," Zdroj: "
" History Seed: "," Zdroj historie: "
" Name Seed: "," Zdroj jmen: "
" Creature Seed: "," Zdroj tvor…: "
"It is raining ","Prç¡ "
"It is snowing ","Pad  sn¡h. "
"A cloud of ","Oblak "
" has drifted nearby!"," prohnal se nedaleko!"
"Winter is upon you.","Pýiçla zima."
"Winter has arrived on the calendar.","Pýiçla kalend ýn¡ zima"
"The dry season has come.","Pýiçlo obdob¡ sucha."
"Autumn has come.","Pýiçel podzim."
"Autumn has arrived on the calendar.","Pýiçel kalend ýn¡ podzim"
"It is now summer.","Nyn¡ je l‚to."
"Summer has arrived on the calendar.","ZaŸalo kalend ýå¡ l‚to."
"The wet season has arrived!","Pýiçlo obdob¡ deçœ…."
"Spring has arrived!","Pýiçlo jaro!"
" improved "," vylepçeno "
" masterfully!"," mistrovsky!"
"This artwork is a","Toto umØleck‚ d¡lo je"
"This engraving appears on a wall ","Tato rytina se objevuje na zdi "
"This engraving appears on a floor ","Tato rytina se objevuje na podlaze "
" somewhere"," nØkde"
"This artwork appears ","Toto umØleck‚ d¡lo se objev¡ "
"on the back of ","na zadn¡ stranØ "
"on the front of ","na pýedn¡ stranØ "
"This artwork appears on a ","Toto umØleck‚ d¡lo se objevuje na "
"This work of art is a ","Toto umØleck‚ d¡lo je "
" and was crafted in "," a bylo vyrobeno v "
"This artwork appears on ","Toto umØleck‚ d¡lo se objev¡ na "
"It is a","Je to"
"It ","To "
"Engraved ","Vyryto "
"on the floor ","na podlaze "
"on the wall ","na zdi "
"On the coin's back ","Na rubu mince "
"On the front of the coin ","Na l¡ci mince "
"On the item ","Na pýedmØtu "
"is a","je"
" rendition of "," ztv rnØn¡ "
" masterfully designed"," mistrovsky navr§eno"
"n exceptionally designed","n vyj¡meŸnØ navr§eno"
" superiorly designed"," velmi dobýe navr§eno"
" finely-designed"," preciznØ navr§eno"
" well-designed"," dobýe navr§eno"
"The artwork relates to ","UmØlec‚ d¡lo souvis¡ s "
" during "," bØhem "
"The image ","Obraz "
"was commissioned by","byl povØýen"
"is the symbol of","je symbolem"
"Something has collapsed on the surface!","Na povrchu se nØco zhroutilo!"
"A section of the cavern has collapsed!","¬ st jeskynØ se zý¡tila!"
"After a polite discussion with local rivals, ","Po zdvoýilostn¡ diskusi s m¡stn¡mi soupeýi, "
"After a polite discussion with a local rival, ","Po zdvoýilostn¡ diskusi s m¡stn¡mi soupeýem "
" has claimed the position of "," pýihl sil se o pozici "
", looks to your thriving economy for its future prosperity and has been incorporated into your holdings.",", oŸek v  od vaç¡ buj¡c¡ ekonomiky budouc¡ prosperitu a byla zaŸlenØna do vaçeho holdingu."
", looks to your thriving economy for its future prosperity.",", oŸek v  od vaç¡ buj¡c¡ ekonomiky budouc¡ prosperitu."
", being the rightful heir, has inherited the position of ",", kterì je pr voplatnìm dØdicem, zdØdil postaven¡ "
" has been appointed to the position of "," byl jmenov n do funkce "
" has been elected to the position of "," byl zvolen do funkce "
"very near","velmi bl¡zko"
"aboveground","nadzem¡"
"inaccessible from here","odtud nepý¡stupn‚"
"in the depths","v hlubin ch"
"A snow storm has come.","Pýiçla snØhov  bouýe."
"It has started raining.","ZaŸalo prçet."
"The weather has cleared.","PoŸas¡ se vyjasnilo."
" has engraved a masterpiece!"," vyryl mistrovske dilo!"
"You have discovered a river.","Objevil jsi ýeku."
"You have discovered an expansive cavern deep underground.","Objevili jste rozs hlou jeskyni hluboko pod zem¡."
"You have discovered a great magma sea.","Objevili jsi velk‚ magmatick‚ moýe."
"You have discovered a cave entrance.","Objevil jsi vchod do jeskynØ."
"You have discovered a downward passage.","Objevil jsi svazujici se chodbu."
"You have discovered a deep pit.","Objevili jsi hlubokou j mu."
"You have discovered a magma pool.","Objevili jsi magmatick‚ jez¡rko."
"You have discovered a volcano.","Objevil jsi sopku."
"You have discovered an unusual volcanic wall studded with gems.","Objevili jsi neobvyklou sopeŸnou stØnu posetou drahokamy."
"!  Praise the miners!","! Chvalte horn¡ky!"
"You have found a curious underground structure.","Naçel jsi zvl çtn¡ podzemn¡ stavbu."
"You have struck ","Uderil jsi "
"column update out of bounds: ","aktualizace sloupce mimo hranice: "
"The falling debris has defaced a ","Padaj¡c¡ trosky poçkodili "
"The impertinent vegetation has defaced a ","Nestydata vegetace znehodnotila "
"A careless farmer has defaced a ","Neopatrnì zemØdØlec poçkodil "
"A foolish builder defaced a ","Hloupì stavitel poçkodil "
" have married.  Congratulations!"," se ozenil/vdala se. Gratulujeme!"
"mechanical","mechanickì"
"green glass gems","zelen‚ sklenØn‚ drahokamy"
"clear glass gems","drahokamy z Ÿir‚ho skla"
"crystal glass gems","rahokamy z kýiçœ lov‚ho skla"
" has entered a martial trance!"," dostal se do bojov‚ho transu!"
" has slipped into depression..."," propadl depresi..."
" is brawling under the influence!"," rve se pod vlivem!"
"eats","jed¡"
" flounder"," placal se"
" flounders"," placali se"
" in the water"," ve vodØ"
" in the lava"," v l vØ"
" in the magma"," v magmatu"
" push "," tlaŸit "
" pushes "," strk  "
"You cannot mount ","Nem…§eç nasednout "
" due to the presence of an existing rider."," proto§e ji§ existuje jezdec."
" mount "," nasednout "
" mounts "," nasednout "
"You fail to mount ","Nepodaýilo se ti nasednout "
" in time."," vŸas."
" dismount"," sesednout"
" dismounts"," sesednout"
"You fail to dismount in time.","Nesesednul jsi vŸas."
"You stand up.","Postavil jsi se."
" stands up."," postavil se."
"You lie on the ground.","Le§¡ç na zemi."
" lies on the ground."," le§¡ na zemi."
