"General","Gˆ¢wne"
"World","—wiat"
"Adventurer","Poszukiwacz przyg¢d"
"Dwarf mode","Tryb Krasnoluda"
"Embark","L¥dowanie"
"Stockorder","Zarz¥dzanie magazynem"
"Militia","Milicja"
"its","jego"
"it","to"
"itself","si©"
"Activity","Aktywno˜†"
"Training Session","Sesja treningowa"
"Activity Event","Wydarzenie Aktywno˜ci"
"Research","Badania"
"Play","Graj"
"Worship","Kult"
"Socialize","Udziela† si© towarzysko "
" empty "," pusty "
" empties "," opr¢¾nia "
" pick up "," podnie˜ "
" picks up "," podnosi "
" embraces "," obj©cia "
" has shared many tales from beyond "," udost©pniˆ wiele opowie˜ci zza ˜wiata "
" has shared a few rumors."," podzieliˆ si© kilkoma plotkami."
" has shared a rumor from abroad.","  podzieliˆ si© plotk¥ z zagranicy."
" gives you "," daje ci "
" has discovered "," odkryˆ "
" has become a student of "," zostaˆ uczniem "
"Ponder ","Rozmy˜laj "
"Learn ","Ucz sie "
"Teach ","Nauczaj "
"Discuss ","Dyskutuj na temat "
"Read","Czyta†"
"Write","Pisz"
"Write about ","Pisz na temat "
"Copy","Kopiuj"
"Meditate on ","Medytuj nad "
"Pray to ","M¢dl Si© do "
"Go to Combat Training","Id« Na Trening Walki"
"Organize Combat Training","Zorganizuj Trening Walki"
"Lead Combat Training","Prowad« Trening Walki"
"Wait for Combat Training","Zaczekaj na Trening Walki"
"Play Make Believe","Baw Si© w Udawanie"
"Play with ","Baw si© z "
"Toy","Zabawka"
"Inveigh Against ","Walcz przeciwko "
"Promote ","Promowa† "
"Law","Prawo"
"Loyalty","Lojalno˜†"
"Family","Rodzina"
"Friendship","Przyja«ä"
"Power","Moc"
"Truth","Prawda"
"Cunning","Przebiegˆy"
"Eloquence","Elokwencja"
"Fairness","Uczciwo˜†"
"Decorum","Stosowno˜†"
"Tradition","Tradycja"
"Artwork","Grafika"
"Cooperation","kooperacja"
"Independence","Niezale¾no˜†"
"Stoicism","Stoicyzm"
"Introspection","Introspekcja"
"Self-Control","Samokontrola"
"Tranquility","Spok¢j"
"Harmony","Harmonia"
"Merriment","Wesoˆo˜†"
"Craftsmanship","Rzemiosˆo"
"Martial Prowess","Waleczno˜†"
"Skill","Umiej©tno˜†"
"Hard Work","Ci©¾ka praca"
"Sacrifice","Po˜wi©cenie"
"Competition","Konkurencja"
"Perseverance","Wytrwaˆo˜†"
"Leisure Time","Czas wolny"
"Commerce","Handel"
"Romance","Romans"
"Nature","Natura"
"Peace","Pok¢j"
"Knowledge","Wiedza"
"Preach on ","Gˆosi† "
"Listen to Sermon","Wysˆuchaj kazania"
"Tell Story","Opowiedz Historie"
"Listen to Story","Sˆuchaj Historii"
"Listen to Poetry","Sˆuchaj Poezji"
"Play ","Graj "
"Simulate ","Symuluj "
"Sing","—piewaj"
"Chant","Skanduj"
"Recite Poetry","Recytuj Poezje"
"Perform Music","Graj Muzyke"
"Listen to Music","Sˆuchaj Muzyki"
"Perform Dance","Taäcz"
"Watch Dance","Obserwuj Taniec"
"Go to ","Id« do "
" Demonstration"," Pokaz"
"Lead ","Prowad« "
"Organize ","Organizuj "
"Watch ","Ogl¥daj "
"Wait for ","Zaczekaj na "
"Serve Customer","Obsˆu¾ Klienta"
"Serve ","Obsˆu¾ "
"Go to Individual Combat Drill","Id« na Indywidualn¥ Musztre"
"Individual Combat Drill","Indywidualna Musztra"
"/Resting","/Odpoczywa"
"Go to Sparring Match","Id« na Sparring "
"Spar","Prowad« Sparing"
"Go to Sparring Practice","Id« na Sparring"
"Watch Sparring Practice","Obserwuj Sparring "
"Archery Practice","Praktyka ucznicza"
"You cannot perform here.","Nie mo¾esz tu wyst©powa†. "
"You could not find a partner.","Nie mo¾na znale«† partnera."
"There are not enough dancers.","Za maˆo tancerzy."
"There is not enough room to perform here.","Jest tu zbyt maˆo miejsca by wyst©powa†."
"You","Ty"
"Some children","Jakie˜ dzieci"
"is","jest"
"are","s¥"
"begins","rozpoczyna si©"
"begin","zacz¥†"
" playing make believe."," bawi† si© w Udawanie"
" playing with "," bawi† si© z "
"a toy","zabawka"
"The performers","Wykonawcy"
"a sermon on ","kazanie na temat "
"the story of ","historia "
"reciting the poem ","rycytuje poezje "
"an improvised recital of ","zaimprowizowana recytacja "
"the musical composition ","muzyczna kompozycja "
"improvised music, ","zaimprowizowana muzyka "
"dancing ","taäczy "
"an improvised dance, ","zaimprowizowany taniec "
" in the middle of "," po ˜rodku "
"You continue the sermon.","Kontynuujesz kazanie."
"The sermon continues.","Kazanie ci¥gnie si© dalej."
"You continue the story.","Kontynuujesz historie."
"The story continues.","Historia ci¥gnie si© dalej."
"You begin","Rozpoczynasz"
"The poetry enters","Poezja wchodzi w"
" line."," linia."
"the verse paragraph","paragraf wiersza"
" verse paragraph"," paragraf wiersza"
"the stanza","zwrotka"
" stanza"," zwrotka"
"You continue the poem.","Kontynuujesz poezje"
"The poem continues.","Poezja ci¥gnie si© dalej."
"You enter ","Wchodzisz w "
"The dance enters a new section with ","Taniec wchodzi w now¥ sekcje z "
"The music enters ","Muzyka wchodzi w "
"a simple passage","proste przej˜cie "
"the introduction","wprowadzenie"
"the exposition","ekspozycja"
" of the theme"," motywu"
" of the first theme"," pierwszego motywu"
" of the second theme"," drugiego motywu"
" of the previous passage"," poprzedniego przej˜cia"
"a recapitulation","podsumowanie"
"the synthesis","synteza"
" of the two themes"," dw¢ch motyw¢w"
" of previous passages"," poprzednich przej˜†"
"a verse","wers"
"a chorus","refren"
"the finale","koäc¢wka"
"the coda","koda"
"a bridge-passage","przej˜cie mostowe"
"first ","pierwszy "
"second ","drugi "
"theme","motyw"
"a series of variations","serie zmienno˜ci"
" on the theme"," w motywie"
" on the first theme"," w pierwszym motywie"
" on the second theme"," w drugim motywie"
" and "," i "
"You continue the dance.","Kontynuujesz taniec."
"The dance continues.","Taniec ci¥gnie si© dalej."
"You continue the music.","Kontynuujesz muzyk©."
"The music continues.","Muzyka ci¥gnie si© dalej."
"You conclude your performance.","Koäczysz swoje wyst¥pienie."
"The performers are finished.","Wykonawcy zakoäczyli wyst¥pienie."
"Some performers finish their act.","Cz©˜† wykonawc¢w zakoäczyˆa swoj¥ porcje wyst¥pienia."
" has finished performing."," skoäczyˆ wyst©powa†."
" concludes a performance."," koäczy swe wyst¥pienie"
"You've learned ","Nauczyˆe˜ si© "
"overlords","wˆadcy"
"You feel like you know the basic rules of ","Wydaje ci si© ¾e znasz podstawy "
" now."," teraz."
"town","miasto"
"Your","Tw¢j"
"'s","e"
"I don't remember clearly.","Nie dokˆadnie pami©tam."
" lay"," kˆa˜†"
" forth an awe-inspiring sermon for the ages!"," wygˆoszono inspiruj¥ce kazanie na wieki!"
" artfully deliver"," umiej©tnie dostarczy†"
" a lucid and powerful sermon."," klarowne i mocne kazanie."
" giving a creditable sermon."," dano godne pochwaˆy kazanie."
" just can't give a sermon very well."," nie potrafi† dobrze wygˆosi† kazania."
" dance"," taäczy"
" flawlessly, like someone out of a legend!"," perfekcyjnie, jakby byˆ postaci¥ z legend!"
" dancing exceptionally."," taäczy rewelacyjnie."
" dancing well."," taäczy dobrze."
" get"," zdoby†"
" tangled up."," pl¥cze si©."
" and the "," i "
" are indistinguishable!"," s¥ nie do odr¢¾nienia !"
" delivering a virtuoso performance on the "," Pokazuje sw¥ wirtuozerie na "
" is absolutely flawless."," jest absolutnie perfekcyjne"
"chant","skand"
"song","pie˜ä"
" could nearly pass for the voice of the "," m¢gˆby by† pomylony z gˆosem "
" play"," gra"
" with skill."," z kunsztem"
"sing","˜piewa"
" beautifully."," przepi©knie"
" sound"," d«wi©k"
" vaguely like the intended "," nie do koäca tak jak powinien "
" playing the "," gra "
" well."," dobrze"
"chanting","skanduje"
"singing","˜piewa"
" make"," tworzy"
" a mockery of the "," parodie z "
" with a shameworthy performance."," z wyst¥pieniem godnym wstydu"
"doesn't","nie"
"don't","nie"
" seem to know how to play the "," wygl¥da jakby umiaˆ gra† na "
" sloppily"," niedbale"
" and even forget"," zapomina nawet "
" some of the words."," cz©˜ci sˆ¢w"
" bring"," nadaje"
" the poem to life with this flawless recitation."," ¾ycia poezji poprzez perfekcyjn¥ recytacje."
" choose"," wybiera"
" the perfect phrasing."," perfekcyjne frazy"
" recite"," recytuje"
" the words evocatively."," sˆowa sugestywnie"
" enunciate"," wymawia"
" crisply."," rze˜ko"
" speak"," m¢wi"
" mumble"," mamrocze"
", having completely forgotten the words.","kompletnie zapominaj¥c tekst."
" poorly."," sˆabo"
" weave"," macha"
" a mesmerizing tale!"," fascynuj¥ca opowie˜†!"
" tell"," powiedz"
" the story in vivid detail."," historie w bujnych. detalach"
" telling the tale quite well."," opowiada historie caˆkiem dobrze."
" stumble"," potyka si©"
" over the details."," na detalach"
"It has no writing.","Nie ma tu tekstu."
"It has no pages.","Nie ma stron."
"The pages are blank.","Strony s¥ puste."
"Alias: ","Pseˆdonim: "
"Highest known in organization","Najbardziej znany w organizacji"
"Associated Organization: ","Organizacja stowarzyszona: "
"Associated Plot: ","Powi¥zane pole: "
"We should have made it there by now.","Powinni˜my by† ju¾ na miejscu."
"We should be making better progress.","Powinni˜my robi† wi©ksze post©py."
"We are going the wrong way.","Idziemy w zˆym kierunku."
"We haven't performed for some time.","Nie wyst©powali˜my ju¾ od jakiego˜ czasu."
"We have arrived at our destination.","Jeste˜my na miejscu."
"The oppressor has been overthrown!","Ciemi©¾ca zostaˆ obalony!"
"We must not abandon ","Nie mo¾emy porzuci† "
"We must go back.","Musimy wr¢ci†."
"Empty announcement ","Puste ogˆoszenie "
"spinning ","wiruj¥cy "
"flying ","lataj¥cy "
"It","to"
", but it is deflected by ",", lecz jest odbity przez "
" by the "," przez "
" in the "," w "
" from behind"," od tyˆu"
" from the side"," od boku"
" with "," z "
", but the attack is deflected by ",", lecz atak zostaje odbity przez "
", lightly tapping the target!",", lekko klepi¥c cel!"
", but there is no force!",", lecz nie ma tu impetu!"
", but it passes right through!",", lecz przelatuje na wylot!"
", but the attack passes right through!",", lecz atak przelatuje na wylot!"
", but it glances away!",", lecz odbija si© bez szk¢d!"
", but the attack glances away!",", lecz atak odbija si© bez szk¢d!"
" and the severed part sails off in an arc!"," i odci©ta cze˜† odlatuje!"
"the part","cz©˜†"
" is smashed into the body, an unrecognizable mass!"," jest wmia¾d¾ona w reszt© ciaˆa, tworz¥c nierozpoznawaln¥ mas© ."
" splits in gore!"," rozdziela si© na cz©˜ci!"
" collapses!"," zapada si©!"
"the injured part","zraniona cz©˜†"
" is ripped into loose shreds!"," jest rozerwana na kawaˆki!"
" is torn apart!"," jest rozerwana!"
" and it is mostly cut away from the rest of the torso!"," jest w wi©kszo˜ci odci©ta od reszty ciaˆa!"
" is cloven asunder!"," jest rozczepiony na kawaˆeczki!"
" explodes into gore!"," wybucha w morzu posoki!"
" collapses into a lump of gore!"," zapada si© tworz¥c bryˆ© mi©sa!"
" is crushed!"," jest zmia¾d¾ona! "
"The geldables have been torn away!","Genitalia zostaˆy wyrwane!"
"tearing","rw¥c"
"tearing apart","rozrywaj¥†"
"shattering","rozˆupuj¥†"
"chipping","odˆupuj¥†"
"fracturing","ˆami¥c"
"denting","wgniataj¥c"
"bruising","siniacz¥c"
" it"," j¥"
" apart"," osobno"
" and"," i"
" tearing apart"," rozrywaj¥†"
" shattering"," rozˆupuj¥†"
" tearing"," rw¥c"
" chipping"," odˆupuj¥c"
" fracturing"," ˆami¥c"
" denting"," wgniataj¥†"
" bruising"," siniacz¥c"
"main part","gˆ¢wna cz©˜†"
" through a hole in the "," poprzez dziur© w "
"passing through a hole in the ","przelatuje przez dziur© w "
"jamming the","blokuj¥c "
" part"," cz©˜†"
"through the ","przez "
"out of the wound","z rany"
"breaking away","odˆamuj¥c"
" most of"," wi©kszo˜†"
" half of"," poˆow©"
" a piece of"," cz©˜† "
" the rest of"," reszte"
" through the "," poprzez "
" and spilling "," i rozlewaj¥† "
"your","twoje"
"rancid","zjeˆaczaˆe"
"decomposing","rozkˆadaj¥ce si©"
"rotten","zgniˆe"
"fetid","cuchn¥ce"
"foul","paskudne"
"reeking","smrodliwe"
"filthy","oble˜ne"
"stinking","˜mierdz¥ce"
"It is a gelding strike!","Jest to kastruj¥ce uderzenie!"
"It is a gelding blow!","Jest to kastruj¥cy cios!"
"a major artery","gˆ¢wna arteria "
"an artery","arteria"
" has been opened by the attack"," zostaˆa otwarta przez ten atak"
"many nerves","wiele nerw¢w"
"a motor nerve","unerwienie ruchowe"
"a sensory nerve","unerwienie czuciowe"
"have","zostaˆo"
"has","zostaˆo"
" been severed"," zerwane"
"a ligament","wi©zadˆo"
" has been "," zostaˆo "
"torn","rozerwane"
"sprained","zwichni©te"
"bruised","posiniaczone"
"a tendon","˜ci©gno"
"strained","zwichni©te"
" is ripped to shreds!"," jest rozerwana na kawaˆki!"
" breaks!"," przerwy!"
" attack is interrupted!"," atak zostaˆ przerwany!"
" have"," zostaˆy"
" has"," zostaˆ"
" become enraged!"," wprowadzony w szaˆ!"
" has lodged firmly in the wound!"," pewnie wbiˆ si© w ran©!"
" latch on firmly"," zacisn¥ˆ si© pewnie"
" latches on firmly"," zaciska si© pewnie"
" to "," na "
" latch on firmly!"," zacisn¥ˆ si© pewnie!"
" latches on firmly!"," zaciska si© pewnie!"
" are"," s¥"
" is"," jest"
" propelled away by the force of the blow!"," odrzucone przez siˆ© uderzenia!"
" been knocked unconscious!"," doprowadzony do nieprzytomno˜ci!"
" been stunned again!"," ponownie ogˆuszony"
" been stunned!"," ogˆuszony!"
" having more trouble breathing!"," ma coraz wi©kszy problem z oddychaniem!"
" having trouble breathing!"," ma problem z oddychaniem!"
" feel"," czuje si©"
" looks"," wygl¥da"
" even more sick!"," jescze bardziej choro!"
" sick!"," choro!"
" is injected into the "," zostaˆ wstrzykni©ty w "
" pours over the "," wylewa sie na "
" flows over the "," przepˆywa nad "
" splatters over the "," rozpluskuj© si© na "
" crumbles over the "," krouszy si© na "
" is sucked out of the wound!"," jest wyssany z rany!"
"Independent","Niezale¾ny/a"
"Skills","Umiej©tno˜ci"
"Dragonfire","Smoczy ogieä"
"item","przedmiot"
" have returned."," ju¾ powr¢cili."
" and others have returned."," inni za˜ ju¾ powr¢cili."
" has returned."," powr¢ciˆ."
" has brought back many tales from beyond "," przyni¢sˆ wiele opowie˜ci zza ˜wiat¢w. "
" has brought back a few rumors."," przyni¢sˆ ze sob¥ kilka plotek."
" has brought back a rumor from abroad."," przyni¢sˆ ze sob¥ kilka plotek z zagranicy."
" has arrived."," przybyˆ."
" is visiting."," odwiedza"
", the performance troupe, has arrived.",", trupa artyst¢w przybyˆa."
", a performance troupe, is visiting.","trupa artyst¢w, skˆada wizyt©."
"Spoils Report: ","Raport z ˆup¢w: "
" and others"," i inni"
"Winter","Zima"
"Autumn","Jesieä"
"Summer","Lato"
"Spring","Wiosna"
"The dead walk.  Hide while you still can!","Umarli zacz©li chodzi†. Chowaj si© p¢ki mo¾esz!"
"Forms twisted from their nature, legion of the night.  What hope remains?","Formy wykrzywione ze swej natury, legion nocy. Jaka jest nadzieja?"
"A vile force of darkness has arrived, seeking a parley!","Przybyˆ nikczemny wysˆannik siˆ ciemno˜ci, chce pertraktowa†!"
"The enemy have come and are preparing to lay siege.  They seek a parley!","Wrogowie przybyli i szykuj¥ obl©¾enie. Chc¥ pertraktowa†!"
"An army has come to your lands seeking a parley.","Armia przybyˆa na Twe ziemie i chce pertraktowa†!"
"A vile force of darkness has arrived!","Przybyˆ nikczemny wysˆannik siˆ ciemno˜ci!"
"The enemy have come and are laying siege to the fortress.","Przybyˆ nieprzyjaciel, kt¢ry zaczyna obl©¾enie twierdzy."
"An army is invading!","Armia atakuje!"
"army is located out of bounds: teleporting","Armia znajduje si© poza granicami: teleportacja"
"overlord","wˆadca"
" of "," z "
" has been founded "," zostaˆ odnaleziomy "
", has been conquered and",", zostaˆ podbity i "
", has been","zostaˆo"
" incorporated into your holdings."," wˆ¥czone do Twych ziem."
" has been conquered and now",", zostaˆ podbity i "
" looks to your thriving economy for its future prosperity."," zwraca uwag© na kwitn¥c¥ gospodark© pod k¥tem przyszˆego dobrobytu."
"save","zapis"
" are "," s¥ "
"prostrating ","wyczerpa† "
"themselves","samych siebie"
" before "," przed "
"torturing ","torturuje "
"committing a depraved act upon ","dopuszcza si© niemoralnego aktu na "
"devouring ","pochˆania† "
"admiring ","podziwia "
"burning ","spala "
"shooting ","strzela "
"surrounded by ","otoczony przez "
"massacring ","masakruje "
"fighting with ","walczy† z "
"greeting ","pozdrawia "
"refusing ","odmawia "
"speaking with ","rozmawia z "
"embracing ","ogarni©cie "
"striking down ","uderza "
"raising ","wychowanie "
"hiding ","ukrywa si© "
"praying to ","modli si© do "
"contemplating ","kontempluje "
"cooking ","gotuje "
"engraving ","graweruje "
"impaled on ","nadziany na "
"being flayed by ","jest rozpruwany przez "
"hanging from ","zwisa z "
"being mutilated by ","Okaleczone przez "
"praying","modli si©"
"weeping","ˆkaj¥cy"
"cringing","wzdryga si©"
"screaming","wrzeszczy"
"being tortured","jest torturowany"
"committing a depraved act","dopuszcza si© aktu niemoralnego aktu"
"making a submissive gesture","wykonuje ulegˆy gest"
"in a fetal position","w pozycji prenatalnej"
"smeared out into a spiral","rozmazany w spiral©"
"falling","spada"
"dead","martwy"
"laughing","˜mieje si©"
"being shot","jest ostrzeliwany"
"making a plaintive gesture","wykonuje ¾aˆosny gest"
"melting","roztapia"
"burning","palenie"
"look","wygl¥d"
"looks","patrzy"
" dejected"," przygn©biony"
" terrified"," przera¾ony"
" offended"," obra¾ony"
" confused"," zdezorientowany"
"suffering","cierpi"
"withering away","wi©dnie"
"striking a menacing pose","staj¥c w gro«nej pozie"
"striking a triumphant pose","staj¥c w triumfalnej pozie"
"laboring","pracuj¥cych"
"traveling","podr¢¾uje"
"contemplating","kontempluj¥c"
"cooking","gotuje"
"engraving","graweruje"
"unnaturally contorted","nienaturalnie skr©cone"
"being flayed","jest rozpruwany "
"being mutilated","b©d¥c okaleczonym"
"Untitled","Niezatytuˆowany"
", the deity of ",", b¢stwo "
", depicted as a ",", wyobra¾any jako "
"skeletal ","szkieletowy "
"rotting ","gnij¥cy "
"ghostly ","widmowy "
"female ","kobieta "
"male ","m©¾czyzna "
"the deity of ",", b¢stwo "
"Click a building to link to ","Kliknij budynek, do kt¢rego chcesz utworzy† ˆ¥cze "
"Cannot link to ","Nie mo¾na poˆ¥czy† z "
"Link to ","Poˆ¥cz z "
"will be installed at ","b©dzie zainstalowany w "
"will be installed at target","zostanie zainstalowany w miejscu docelowym"
"Owner: ","Wˆa˜ciciel: "
"Weight: ","Waga: "
"Value: ","Warto˜†: "
"On ","Na "
"In ","W "
"With ","Z "
"View","Widok"
"View stockpile","Podgl¥d zapas¢w"
"Uses","U¾ycia"
"Engraving ","Grawer "
"Specify image","Okre˜l obraz"
"Corrupt Soldier Mood: ","Nastr¢j skorumpowanego ¾oˆnierza: "
"Stumbling obliviously!","Potykaj¥c si© niepostrze¾enie!"
"Sunk into depression...","Pogr¥¾ony w depresji..."
"Throwing a tantrum!","Rzucaj¥c kˆ¢tni©!"
"Enraged at all enemies!","W˜ciekˆy na wszystkich wrog¢w!"
"In a martial trance!","W transie wojennym!"
"Has a horrible fell look!","Ma okropny, upadˆy wygl¥d!"
"Brooding darkly...","Rozmy˜laj¥c ponuro..."
"Has the aspect of one fey!","Ma aspekt jednej z postaci!"
"Peculiarly secretive...","Osobliwa tajemnica..."
"Possessed by unknown forces!","Op©tany przez nieznane siˆy!"
"Stricken by melancholy...","Uderzony przez melancholi©..."
"Crawling around crazed!","Czoˆganie si© dookoˆa, szalone!"
"Running around crazed!","Biegaj¥c w k¢ˆko, wariat!"
"Crawling around babbling!","Raczkuje gaworz¥c!"
"Running around babbling!","Bieganie dookoˆa gaworzy!"
"In a berserk rage!","W dzikim szale!"
"Staring off into space...","Gapi si© w przestrzeä..."
"Corrupt Strange Mood: ","Zepsuty dziwny nastr¢j: "
"Overcome by terror!","Zwyci©¾y† terrorem!"
"In emotional shock!","W szoku emocjonalnym!"
"Overwhelmed by horror!","Przytˆoczony honorem!"
"Experiencing mortal fear!","Do˜wiadczaj¥c ˜miertelnego l©ku!"
"Beside ","Obok "
"herself","jej"
"himself","jego"
" with grief!"," z ¾aˆob¥!"
"Drowning in sadness!","Ton¥† w smutku!"
"Writhing in agony!","Wij¥c si© w agonii!"
"Anguished!","Udr©czony!"
"Lost in despair!","Zatracony w rozpaczy!"
"Completely dismayed!","Caˆkowicie przera¾ony!"
"Distressed!","Zakˆopotany!"
"Taken by a fright!","Ogarni©ty strachem!"
"Wallowing in misery!","Tarzanie si© w nieszcz©˜ciu!"
"Truly mortified!","Naprawd© upokorzony!"
"Shaken to the core!","Wstrz¥˜ni©ty do gˆ©bi!"
"In existential crisis!","W kryzysie egzystencjalnym!"
"Emotionally overloaded!","Przeci¥¾ony emocjonalnie!"
"Pet of ","Chowaniec "
"Somebody","Kto˜"
"Creator of ","Tw¢rca "
"Cannot expel or send away:","Nie mo¾na wydali† ani odesˆa†:"
"Does the expelling","Czy wydalenie"
"Nobility","Szlachectwo"
"Holds elected office","Peˆni wybrany urz¥d"
"Spouse does the expelling","Wsp¢ˆmaˆ¾onek wydaliˆ"
"Spouse is not present","Maˆ¾onek jest nieobecny"
"Spouse is nobility","Maˆ¾onek jest szlachcicem"
"Spouse is elected","Maˆ¾onek jest wybrany"
"Child does the expelling","Dziecko wydaliˆo"
"Child is not present","Dziecko nieobecne"
"Child is nobility","Dziecko jest szlachcicem"
"Child is elected","Dziecko jest wybrane"
"Expel","wygna†"
"Send to ","Wy˜lij do "
"Send away","Ode˜lij"
"Cancel","Anuluj"
"Overview","Podgl¥d"
"Items","Przedmioty"
"Health","Zdrowie"
"Rooms","Pokoi"
"Labor","praca"
"Relations","Relacje"
"Groups","Grupy"
"Military","Wojsko"
"Thoughts","Przemy˜lenia"
"Personality","Osobowo˜†"
" Year"," Rok"
" Old"," Stary"
"Spouse: ","wsp¢ˆmaˆ¾onek "
" lovers"," kochankowie"
"Lover: ","Kochanek/ka: "
" children"," dzieci"
"Child: ","Potomek: "
" pets"," zwierz©ta"
"Strong","Silny"
"Agile","Zr©czny"
"Tough","Trudny"
"High stamina","Wysoka wytrzymaˆo˜†"
"Recovers quickly","Szybko si© regeneruje"
"Resists sickness","Odporny na choroby"
"Weak","Sˆaby"
"Clumsy","Niezdarny"
"Frail","w¥tˆy"
"Low stamina","Wyczerpany/a"
"Recovers slowly","Regeneruje si© powoli"
"Sickly","Chorowity"
"Good analytical ability","Dobre zdolno˜ci analityczne"
"High willpower","Wysoka siˆa woli"
"Creative","Tw¢rczy"
"Good intuition","Dobra intuicja"
"Patient","Pacjent"
"Good memory","Dobra pami©†"
"Good with language","Dobra znajomo˜† j©zyk¢w"
"Good spatial sense","Dobry zmysˆ przestrzenny"
"Musical","Muzykalny"
"High kinesthetic sense","Wysoki zmysˆ kinestetyczny"
"Developed empathy","Rozwini©ta empatia"
"High social awareness","Wysoka ˜wiadomo˜† spoˆeczna"
"Poor analytical ability","Sˆabe zdolno˜ci analityczne"
"Low willpower","Niska siˆa woli"
"Not creative","Nie kreatywny"
"Poor intuition","Sˆaba intuicja"
"Impatient","Niecierpliwy"
"Poor memory","Zapominalski"
"Bad with words","Przeklina"
"Poor spatial sense","Sˆaby zmysˆ przestrzenny"
"Not musical","Nie umuzykalniony "
"Poor kinesthetic sense","Sˆaby zmysˆ kinestetyczny"
"Poor empathy","Sˆaba empatia"
"Poor social awareness","Sˆaba ˜wiadomo˜† spoˆeczna"
"Quick to love","Kochliwy"
"Hateful","Nienawistny"
"Envious","Zazdrosny"
"Cheerful","Wesoˆy"
"Depression-prone","Skˆonny do depresji"
"Anger-prone","Skˆonny do gniewu"
"Anxious","Niespokojny"
"Lustful","Po¾¥dliwy/a"
"Easily stressed","Maˆo odporny na stres"
"Greedy","Chciwy"
"Brawler","Awanturnik"
"Stubborn","Uparty"
"Wasteful","Rozrzutny"
"Flatterer","komplemenciarz"
"Polite","Grzeczny"
"Disdains advice","Gardzi rad¥"
"Fearless","Nieustraszony"
"Overconfident","Buc"
"Vain","Pr¢¾ny"
"Ambitious","Ambitny"
"Gracious","askawy"
"Extravagant","Ekstrawagancki"
"Zany","Bˆazen"
"Vengeful","M˜ciwy"
"Proud","Dumny"
"Cruel","Okrutny"
"Single-minded","Jednomy˜lny"
"Hopeful","Peˆen nadziei"
"Curious","Ciekawski"
"Bashful","Wstydliwy"
"Private","Prywatny"
"Perfectionist","Perfekcjonista"
"Obstinate","Uparty"
"Tolerant","Tolerancyjny"
"Emotional obsessive","Obsesyjny emocjonalnie"
"Swayed by emotions","Pod wpˆywem emocji"
"Altruistic","Altruistyczny"
"Dutiful","Dbaj¥cy"
"Thoughtless","Bezmy˜lny"
"Orderly","Uporz¥dkowany"
"Trusting","Ufaj¥cy"
"Gregarious","Towarzyski"
"Overbearing","Apodyktyczny"
"Frenetic","Szalony"
"Thrill-seeker","Poszukiwacz mocnych wrarzeä"
"Flights of fancy","Lotna fantazja"
"Inclined to abstract","Skˆonny do abstrakcji"
"Artistically inclined","Artystycznie nastawiony"
"Not envious","Nie zazdrosny"
"Cheerless","Ponury"
"Not easily depressed","Trudno wpada w depresj©"
"Slow to anger","Nieskory do gniewu"
"Resilient","Odporny"
"Not greedy","Nie jest chciwy"
"Temperate","Umiarkowany"
"Avoid fights","Unika niepotrzebnych walek"
"Quick to give up","Sˆomiany zapaˆ"
"Seeks harmony","Poszukuje harmonii"
"Quarreler","Kˆ¢tnik"
"Rude","Niegrzeczny"
"Overreliant on advice","Nadmierne poleganie na radach"
"Fearful","Strachliwy"
"Pusillanimous","Maˆoduszny"
"Not ambitious","Maˆo ambitny"
"Shameless","Bezwstydny"
"Inattentive","Nieuwa¾ny"
"Intolerant","nietolerancyjny "
"Unswayed by emotions","Niewzruszony emocjami"
"Not altruistic","Nie altruistyczny"
"Distrustful","Nieufny"
"Values truth","Ceni prawd©"
"Values tradition","Ceni tradycj©"
"Stressed","Zestresowany"
"Starving","Gˆoduj¥cy"
"Hungry","Gˆodny"
"Dehydrated","Odwodniony"
"Thirsty","Spragniony"
"Very drowsy","Bardzo spragniony"
"Drowsy","Senny"
"Unconscious","Nieprzytomny"
"Paralyzed","Sparali¾owany"
"Partially paralyzed","Cz©˜ciowo sparali¾owany"
"Sluggish","—lamazarny"
"Stunned","Oszoˆomiony"
"Dizzy","Odurzony"
"Exhausted","Wyczerpany"
"Over-exerted","Przem©czony"
"Tired","Zm©czony"
"None","½aden"
"Distracted!","Rozproszony!"
"Distracted","Rozproszony"
"Drink alcohol","Wypij alkohol "
"Uphold tradition","Podtrzymuj¥cy tradycj©"
"Martial training","Trening sztuk walki"
"Cause trouble","Powodowa† problemy"
"Think abstractly","My˜li abstrakcyjnie"
"Treatment","Leczenie"
"Wounds","Rany"
"Astronomy","Astronomia"
"Chemistry","Chemia"
"Geography","Geografia"
"Guide","Przewodnik"
"Poem","Poemat"
"Workshops","Warsztaty "
"Performer","Wykonawca"
"Scholar","Uczony"
"Scribe","Pisarz"
"Mercenary","Najemnik"
"Mother","Matka"
"Force","Siˆa"
"Intruder","Intruz"
"Treasure hunter","owca skarb¢w"
"Thief","Zˆodziej"
"Civilization","Cywilizacja"
"Religion","Religia"
"Outcast","Wygnaniec"
"Legendary intruder","Legendarny intruz"
"Former ","Byˆy "
"Enemy","Wr¢g"
"Criminal","Kryminalny"
"Prisoner","Wi©zieä"
"death","˜mier†"
"of metal","z metalu "
"Active","Aktywny"
"Not ready to be split","Nie gotowy do podziaˆu"
"Aquarium","Akwarium"
"DOOR TAKEN BY INVADERS","DRZWI ZAJ¨TE  PRZEZ NAJEDCàW "
"DOOR USED BY INTRUDER","DRZWI U½YTE PRZEZ INTRUZA "
" at "," na "
"he","on"
"she","ona"
"is in ","jest w "
"bored","znudzony "
"irritated","poirytowany"
"patient","cierpliwy"
"proud","dumny"
"rejected","odrzucony"
"resentful","obra¾ony"
"terrified","przera¾ony "
"zealous","gorliwy"
"anything","cokolwiek"
"Building","Budowla"
" is "," jest "
"guide","przewodnik"
"play","gra†"
"Squad Order","Rozkazy dla Dru¾yny"
"Population: >10000","Populacja: >10000"
"Population: ~10000","Populacja: ~10000"
"Population: ~1000","Populacja: ~1000"
"Population: ~100","Populacja: ~100"
"Population: ~10","Populacja: ~10"
"Population: <10","Populacja: <10"
"Unnamed ","Bez nazwy "
"Death","—mier†"
"Rescue ","Ratunek "
"Pillage ","Pl¥drowa† "
" traveling"," podr¢¾uje"
"nd","gi"
"rd","ci"
"th","ty"
"Artifacts","Artefakty"
"his","jego"
"her","jej"
" in "," w "
" was conquered"," zostaˆo zdobyte "
" by "," przez "
" from "," od "
"Planting","Sadzenie"
"Okay","Ok"
" in order to have someone to act on plots and schemes in "," aby mie† kogo˜ do dziaˆania na spiskach i zmowach w "
" praying"," modli si©"
" weeping"," ˆkaj¥cy"
" cringing"," wzdryga si©"
" screaming"," krzyczy"
" being tortured"," jest torturowany"
" committing a depraved act"," dopuszcza si© niemoralnego aktu"
" making a submissive gesture"," wykonuje ulegˆy gest"
" in a fetal position"," w pozycji pˆodowej"
" smeared out into a spiral"," rozmazany w spiral©"
" falling"," spada"
" dead"," martwy"
" laughing"," ˜mieje si©"
" being shot"," jest ostrzeliwany"
" making a plaintive gesture"," wykonuje ¾aˆosny gest"
" melting"," roztapia"
" burning"," spala"
" suffering"," cierpi"
" withering away"," wi©dnie"
" striking a menacing pose"," staj¥c w gro«nej pozie"
" striking a triumphant pose"," staj¥c w triumfalnej pozie"
" laboring"," pracuj¥cych"
" contemplating"," kontempluje"
" cooking"," gotuje"
" engraving"," graweruje"
" unnaturally contorted"," nienaturalnie skr©cone"
" being flayed"," jest rozpruwany przez"
" being mutilated"," okaleczony przez"
" torturing "," torturuje "
" committing a depraved act upon "," dopuszcza si© niemoralnego aktu "
" devouring "," pochˆania† "
" admiring "," podziwia "
" burning "," spala "
" shooting "," strzela "
" surrounded by "," otoczony przez "
" massacring "," masakruje "
" fighting with "," walczy† z "
" greeting "," pozdrawia "
" refusing "," odmawia "
" speaking with "," rozmawia z "
" embracing "," obejmuje "
" striking down "," uderza "
" raising "," wychowanie "
" hiding "," ukrywa si© "
" praying to "," modli si© do "
" contemplating "," kontempluje "
" cooking "," gotuje "
" engraving "," graweruje "
" impaled on "," nadziany na "
" being flayed by "," jest rozpruwany przez "
" hanging from "," zwisa z "
" being mutilated by "," okaleczony przez "
"Tree","Drzewo"
"Artifact","Artefakt"
"Spikes","Kolce"
"Image","Obraz"
"wood","drewno"
"tooth","Z¥b"
" draws "," rysuje "
" drinks "," napoje "
"Normal","Normalne"
"effortlessly ","bez wysiˆku "
"Keep practicing!","wicz dalej!"
"A demonstration of your skill might convince me.","Pr¢ba Twoich umiej©tno˜ci mo¾e zdoˆa mnie przekona†"
"Can you manage a troupe so large?","Czy mo¾esz sobie wyobrazi† tak du¾¥ trup©?"
"Maybe after you've improved.  Prove you have what it takes.  The life of the traveling performer is a hard one.","Mo¾e jak si© poprawisz. Udowodnij, ¾e masz to, czego nam potrzeba. ½ycie podr¢¾uj¥cego artysty jest trudne."
"occupation","okupacja"
"beast","Bestia"
"order","rozkaz"
"conflict","konflikt"
"writing","pisanie"
"duty","obowi¥zek"
"tavern","tawerna"
"monster","potw¢r"
"slayer","pogromca"
"adventure","przygoda"
"is very short and quite weak","jest kr¢tki i do˜† sˆaby"
"high-cheekboned","wysokie ko˜ci policzkowe"
"Items...","Przedmioty..."
"late ","p¢«ne/a "
"early ","wczesne/a "
"autumn","jesieä"
"summer","lato"
"spring","wiosna"
"Loading...","adowanie..."
"poetry","poezja"
"Seed text","Tekst «r¢dˆowy"
"humanoid","Humanoidalna"
"lord","pan"
"lords","lord¢w"
"lady","dama"
"ladies","damy"
"lord consort","maˆ¾onka lorda"
"lords consort","maˆ¾onka lorda"
"lady consort","maˆ¾onek damy"
"ladies consort","maˆzonkowie dam"
"hearthperson","poplecznik"
"hearthpeople","poplecznicy"
" lured "," zwabiony "
" to a meeting with "," na spotkanie z "
", where the latter",", gdzie ten ostatni"
" met with "," spotka† z "
", while completely misreading the situation, ",", caˆkowicie bˆ©dnie odczytuj¥c sytuacj©, "
"made a threat","grozi†"
"made flattering remarks","zrobiˆ pochlebne uwagi"
"pulled rank","dostaˆem rang©"
" as "," jako "
"made a blackmail threat, due to embezzlement","groziˆ szanta¾em z powodu defraudacji"
" using the position "," u¾ywaj¥c swojej pozycji "
"offered a bribe","zaoferowaˆ ˆap¢wk©"
"played for sympathy","graˆ o wsp¢ˆczucie"
" by appealing to a shared worship of "," odwoˆuj¥c si© do wsp¢lnego kultu "
"offered revenge upon ","zaoferowaˆ zemst© "
"a jealous grudge, ","zazdrosna uraza, "
"a business rival,","biznesowy rywal,"
"the tormentor ","oprawca "
"the persecutor ","prze˜ladowca "
"a grudge, ","uraza, "
"the sacrilegious","˜wi©tokradczy"
"offered immortality","oferowana nie˜miertelno˜†"
"was too afraid not to comply","za bardzo si© baˆam, ¾eby nie zastosowa† si© do tego"
"gave in to fear of death","poddaˆ si© strachowi przed ˜mierci¥"
"succumbed to vanity","ulegˆ pr¢¾no˜ci"
"was too vain to accept death and agreed","byˆ zbyt pr¢¾ny, by zaakceptowa† ˜mier† i zgodziˆ si©"
"was overcome by greed","zostaˆ pokonany przez chciwo˜†"
"was swayed by the emotional appeal","zostaˆ zachwycony emocjonalnym apelem"
"desired vengeance and willingly complied","upragnion¥ zemst© i ch©tnie speˆnion¥"
"was too envious of others to face death and agreed","byˆ zbyt zazdrosny o innych, by stawi† czoˆa ˜mierci i zgodziˆ si©"
"was too ambitious to accept death and agreed","byˆ zbyt ambitny, by zaakceptowa† ˜mier† i zgodziˆ si©"
"was too proud to accept death and agreed","byˆ zbyt dumny, by zaakceptowa† ˜mier† i zgodziˆ si©"
"was too unsettled by death to face it and agreed","byˆ zbyt zaniepokojony ˜mierci¥, by stawi† temu czoˆa i zgodziˆ si©"
"could not accept the uncertainty following death and agreed","nie m¢gˆ zaakceptowa† niepewno˜ci po ˜mierci i zgodziˆ si©"
", despite ",", mimo "
"loathing the powerful","nienawidz¥c pot©¾nych"
"valuing the law","warto˜ciowanie prawa"
"lack of respect of","brak szacunku"
"lack of fear toward","brak strachu przed"
"hatred of","nienawi˜† do"
"lack of loyalty toward","brak lojalno˜ci wobec"
"distrust of","nieufno˜† do"
"the efforts of surrounding allies to stop the plot","wysiˆki okolicznych sojusznik¢w, aby powstrzyma† spisek"
"accepted in admiration of power","przyj©ty z podziwem dla wˆadzy"
"spurned the law and agreed willingly","odrzuciˆ prawo i ch©tnie si© zgodziˆ"
"being unafraid in the moment","nie boisz si© w tej chwili"
"being unafraid of death","nie boj¥c si© ˜mierci"
"being unafraid","nie boj¥c si©"
"being unaffected by the comments","bycie niewra¾liwym na komentarze"
"feeling no avarice","nie czuj© sk¥pstwa"
"being unswayed by the emotional appeal","bycie niewzruszonym przez emocjonalny"
"a lack of desire for vengeance","brak ch©ci zemsty"
"being willing to accept death","gotowo˜† do zaakceptowania ˜mierci"
"respected","szanowany"
"complied out of fear of","przestrzegane ze strachu przed"
"agreed for love of","zgodziˆ si© z miˆo˜ci do"
"accepted out of loyalty to","akceptowanie lojalno˜ci wobec"
"trusted","zaufany"
" and agreed"," i zgodziˆ si©"
"  Effective pressure to comply came from co-conspirators surrounding "," Skuteczna presja, by si© podporz¥dkowa†, pochodziˆa od otaczaj¥cych wsp¢ˆspisk¢w "
"  The plan worked."," Plan zadziaˆaˆ."
"was unafraid in the moment","nie baˆ si© w tej chwili"
"did not fear death and refused","nie baˆ si© ˜mierci i odm¢wiˆ"
"was not afraid and refused","nie baˆ si© i odm¢wiˆ"
"was unaffected by the comments and refused","nie miaˆ wpˆywu na komentarze i odm¢wiˆ"
"felt no avarice and refused","nie czuˆ chciwo˜ci i odm¢wiˆ"
"was unswayed by the emotional appeal and refused","byˆ niewzruszony emocjonalnym apelem i odm¢wiˆ"
"lacked a desire for vengeance and refused","brakowaˆo mu ch©ci zemsty i odm¢wiˆ"
"was willing to accept eventual death and refused","byˆ got¢w zaakceptowa† ewentualn¥ ˜mier† i odm¢wiˆ"
"admiration of power","podziw wˆadzy"
"disdaining the law","lekcewa¾enie prawa"
"respect of","szacunek do"
"fear of","strach przed"
"love of","miˆo˜† do"
"loyalty toward","lojalno˜† wobec"
"trust of","zaufanie do"
"the efforts of co-conspirators to further the plot","wysiˆki wsp¢ˆkonspirator¢w, aby kontynuowa† spisek"
"loathed abuses of power and refused","nienawidziˆ nadu¾y† wˆadzy i odmawiaˆ"
"valued the law and refused","ceniˆ prawo i odmawiaˆ"
"fearing of death","strach przed ˜mierci¥"
"being afraid","bycie przera¾onym "
"feelings of vanity","uczucia pr¢¾no˜ci"
"feelings of greed","uczucie chciwo˜ci"
"being swayed by the emotional appeal","bycie zachwyconym emocjonalnym apelem"
"a desire for vengeance","pragnienie zemsty"
"an unwillingness to accept death","niech©† do zaakceptowania ˜mierci"
"had no respect for","nie miaˆ szacunku dla"
"was unafraid of","nie baˆ si©"
"hated","znienawidzony"
"felt no loyalty to","nie czuˆem lojalno˜ci wobec"
"distrusted","nieufny"
"and refused","i odm¢wiˆ"
"  Allies surrounding "," Otaczaj¥cy sojusznik¢w "
" raised their suspicions and the plan was foiled."," wzbudzili podejrzenia i plan zostaˆ udaremniony."
"  The plan failed."," Plan zawi¢dˆ."
", as ",", jako "
" attempted to corrupt "," pr¢bowaˆ zepsu† "
" subordinated "," podporz¥dkowany "
" corrupted "," zepsuty "
"spouse ","wsp¢ˆmaˆ¾onek "
"lover ","kochanek "
"childhood friend ","przyjaciel z dzieciästwa "
"comrade-in-arms ","Towarzysz w ramionach "
"fellow scholar ","kolega uczony "
"fellow artist ","kolega artysta "
"fellow athlete ","kolega sportowiec "
"mother ","mama "
"father ","ojciec "
"master ","mistrz "
"apprentice ","uczeä "
"companion ","towarzysz "
"ex-spouse ","byˆy maˆ¾onek "
"guildmate ","kolega z gildii "
"fellow company member ","towarzysz dru¾yny "
"troupemate ","kolega "
"fellow order member ","kolega z zakonu "
"fellow believer ","wsp¢ˆwierz¥cy "
"neighbor ","s¥siad "
" in order to secure embezzled funds in "," w celu zabezpieczenia zdefraudowanych ˜rodk¢w w "
" in order to have law enforcement look the other way in "," aby organy ˜cigania odwr¢ciˆy wzrok "
" as a member of "," jako czˆonek "
" toward the fulfillment of plots and schemes in "," w kierunku realizacji spisk¢w i intryg w "
" in order to have an agent in "," aby mie† agenta w "
"the wilds","dzikie"
"the corruption of ","zepsucie "
"the failed attempt by ","nieudana pr¢ba przez "
" to corrupt "," psu† "
"Subject revealed that in ","Tester ujawniˆ, ¾e w "
"an unknown party","nieznana dru¾yna"
", and ",", i "
" for "," dla "
"production order violation","naruszenie zlecenia produkcyjnego"
"export prohibition violation","naruszenie zakazu eksportu"
"job order violation","naruszenie zlecenia pracy"
"murder","morderstwo"
"disorderly conduct","nieuporz¥dkowane zachowanie"
"building destruction","zniszczenie budynku"
"bribery","przekupstwo"
"embezzlement","sprzeniewierzenie"
"vandalism","wandalizm"
"theft","kradzie¾"
"robbery","rabunek"
"espionage","szpiegostwo"
"treason","zdrada"
"attempted murder","usiˆowanie morderstwa"
"kidnapping","porywanie"
" promised "," przysi¥gˆ "
" to give "," da† "
" a position"," pozycja"
" began "," zacz¥ˆ "
".  The ritual took place in ","Rytuaˆ miaˆ miejsce w "
" to study"," studiowa†"
", becoming a citizen of ","stawa† si© mieszkaäcem "
" as a guide"," jako przewodnik"
" to find "," znale˜† "
"a temple","˜wi¥tynia"
" to assassinate "," zamordowa† "
" to steal "," ukra˜† "
"Nameless","Bezimienny"
"Unidentified","Niezidentyfikowany"
"the murder","morderstwo"
"Grains of Sand","Ziarenka pisaku "
"high ","wysoka "
"exalted ","egzaltowany "
"high priest","arcykapˆan"
"high priests","arcykapˆani"
"holy ","˜wi©ty "
"sacred ","po˜wi©cony "
"priest","kapˆan"
"priests","kapˆani"
"sand bags","worki z piaskiem "
"Wood","Drewno"
"Amber","Bursztyn"
"You honor ","Zaszczycasz "
" with the presentation of "," z prezentacj¥ "
"Villains!  The seizure of ","Zˆoczyäcy! Zaj©cie "
" will not go unanswered."," nie pozostanie bez odpowiedzi."
" is a great treasure.  We respect that this is no mere trade."," to wielki skarb. Szanujemy, ¾e to nie jest zwykˆy handel."
"Wild Animal","Dzikie Zwierz©"
"Undead","Nieumarˆy"
"Guest / ","Go˜† / "
"Merchant","Kupiec"
"Visitor","Odwiedzaj¥cy"
"Missing","Zaginiony"
"Food","Jedzenie"
"Corpses","Ciaˆa"
"Refuse","—mieci"
"Coins","Monety"
"Gems","Kamienie szlachetne"
"Cloth","Materiaˆy"
"Egg","Jajo"
"Legs","Nogi"
"Metal","Metal "
"Greetings.  The ","Pozdrowienia. "
"ship of the ","statek "
" is unparalleled.  Let's make a deal!"," jest niezr¢wnany. Dobijmy Targu!"
"your more ethical works.  We've come to trade.","twoje bardziej etyczne prace. Przyszli˜my handlowa†."
"A hairy drunkard has come hither to once more disrespect the sanctity of life, I see.","Widz©, ¾e przybyˆ tu wˆochaty pijak, aby raz jeszcze zlekcewa¾y† ˜wi©to˜† ¾ycia."
"You are too kind.","Jeste˜ zbyt miˆy."
"You wish to make an offering to our leader?  ","Chcesz zˆo¾y† dar naszemu liderowi? "
"This would please us greatly.  What do you offer?","To by nas bardzo ucieszyˆo. Co oferujesz? "
"You wish to make an offering?  We love gifts.","Chcesz zˆo¾y† dary? Kochamy prezenty."
"[Laughs uproariously]  You had me ","[—mieje si© gˆo˜no] Miaˆe˜ mnie. "
"[Chuckles]  How droll.","[Chichocze] Jak ˜miesznie."
"wish to trade or to make an offering to our leader?","chcesz handlowa† lub zˆo¾y† ofert© naszemu liderowi? "
"You truly despise life, don't you?  ","Naprawd© gardzisz ¾yciem, prawda? "
"Once a beautiful tree, and now?  ","Kiedy˜ pi©kne drzewo, a teraz? "
"I see your low race still revels in death.  ","Widz©, ¾e twoja niska rasa wci¥¾ upaja si© ˜mierci¥. "
" seems "," wydaje si© "
"ecstatic with the trading","peˆen zachwytu podczas handlu"
"very happy about the trading","bardzo zadowolony z handlu "
"pleased with the trading","zadowolony z handlu"
"willing to trade","ch©tny do handlu"
"to be rapidly losing patience","szybko traci† cierpliwo˜†"
"not going to take much more of this","nie zajmie si© tym wi©cej"
"unwilling to trade","niech©tny do handlu"
"Trader Profit: ","Zysk Handlarza: "
"Trader Loss: ","Strata Handlarza: "
"Allowed Weight: ","Dozwolona Waga: "
"Excess Weight: ","Nadwy¾ka Wagi: "
"at least","co najmniej"
"at most","najwy¾ej"
"greater than","lepszy ni¾"
"less than","mniej ni¾"
"not","nie"
"One-time order","Jednorazowe Polecenie"
"A few facts","Kilka fakt¢w"
"Library","Biblioteka"
"Tavern","Karczma"
"Temple","—wi¥tynia"
"Unknown location","Nieznana lokacja"
"Sand","Piasek"
"Bedroom","Sypialnia "
" has come!"," przybyˆ!"
" Guildhall"," Ratusz"
" member"," czˆonek"
"No established guild","Brak ustanowionej gildii"
" worker"," robotnik"
"Dedicated to ","Przeznaczone dla "
"No particular deity","Brak konkretnego b¢stwa"
"Only members can visit (if guild established)","Tylko czˆonkowie mog¥ odwiedza† (je˜li gildia zostaˆa zaˆo¾ona)"
"Only members can visit","Tylko czˆonkowie mog¥ odwiedza†"
"All visitors welcome","Zapraszamy wszystkich odwiedzaj¥cych"
"Citizens and long-term residents only","Tylko obywatele i rezydenci dˆugoterminowi"
"Citizens only","Tylko obywatele"
"Grand Guildhall, ","Wielka Gildia, "
"Guildhall, ","Ratusz, "
" (next at "," (nast©pny w "
"Meeting place, ","Miejsce spotkania, "
"Agreed to build guildhall","Zgodziˆ si© zbudowa† gildi©"
"Agreed to build grand guildhall","Zgodziˆ si© zbudowa† wielk¥ gildi©"
"Bookcases: ","Biblioteczki: "
"Tables: ","Stoˆy: "
"Chairs: ","Krzesˆa: "
"Written objects (incl. copies): ","Obiekty pisane (w tym kopie): "
"Total number of each to scribe: ","Caˆkowita liczba ka¾dego do napisania: "
"Writing Material (Desired): ","Materiaˆ pi˜mienny (po¾¥dany): "
"Goblets (Desired): ","Kielichy (po¾¥dane): "
"Stored Instruments (Desired): ","Instrumenty przechowywane (po¾¥dane): "
"Dance floor in common area: ","Parkiet taneczny w cz©˜ci wsp¢lnej: "
"Rented rooms (Total): ","Wynajmowane pokoje (og¢ˆem): "
"Temple Complex, ","Kompleks ˜wi¥tynny, "
"Temple, ","—wi¥tynia, "
"Shrine, ","Relikwiarz, "
"Priest: ","Kapˆan: "
"High priest: ","Arcykapˆan: "
" worshipper"," wielbiciel"
" needed"," potrzebne"
"Agreed to build temple","Zgodziˆ si© na budow© ˜wi¥tyni"
"Agreed to build temple complex","Zgodziˆ si© na budow© kompleksu ˜wi¥tynnego"
"Tavern Keeper","Karczmarz"
"Monster Slayer","owca Potwor¢w"
"No workers","Brak pracownik¢w"
"No members","Brak czˆonk¢w"
"Jeweler","Jubiler"
"Kiln","Piec do wypalania cegˆy"
"Smelter","Huta"
"Loom","Warsztat Tkacki"
"Still","Destylarnia"
"Tanner","Garbarz"
"Fishery","owisko"
"Kitchen","Kuchnia"
"Quern","½arna"
"Hive","Ul"
"Bed","¢¾ko"
"Table","St¢ˆ"
"Cabinet","Szafka"
"Slab","Pˆyta"
"Statue","Statua"
"Door","Drzwi"
"Wall","—ciana"
"Floor","Podˆoga"
"Ramp","Rampa"
"Bridge","Most"
"Fortification","Fortyfikacja"
"Support","Podpora"
"Lever","D«wignia"
"Well","Studnia"
"Floodgate","—luza"
"Windmill","Mˆyn"
"Millstone","Kamieä Mˆyäski"
"Cage","Klatka"
"Weapon","Broä"
"Ballista","Balista"
"Catapult","Katapulta"
"Cannot build at highest level","Nie mo¾na budowa† na najwy¾szym poziomie"
"No mud/soil for farm","Brak bˆota/gleby pod upraw©"
"to","do"
"bedrooms.","sypialnie."
"a colony of ","kolonia "
"many ","wiele "
"a swarm of ","r¢j "
"Miasma","Wyziew"
"Mist","Mgˆa"
"Steam","Para"
"An Ocean Wave","Fala oceaniczna"
"Sea Foam","Piana morska"
"Lava Mist","Mgˆa lawy"
"Magma Mist","Mgˆa magmy"
"Smoke","Dym"
"Fire","Ogieä"
"A Web","Sie†"
"A Campfire","Ognisko"
"A pile of ","Kupa "
"A small pile of ","Maˆa kupka "
"A dusting of ","Warstwa "
"A pool of ","Kaˆu¾a "
"A smear of ","Rozmazany "
"A spattering of ","Odprysk "
"A Fire","Ogieä"
"Stagnant salt water [","Sˆona woda stoj¥ca ["
"Stagnant water [","Stoj¥ca woda ["
"Salt water [","Sˆona woda ["
"Water [","Woda ["
"Lava [","Lawa ["
"Track/Spoor: ","—lad "
"unintelligible","niezrozumiaˆy"
"right ","prawo "
"left ","lewo "
" print"," Odcisk"
" imprint"," Pi©tno"
"/NE","/PˆnWsch"
"/NW","/PˆnZch"
"/SE","/PˆdWsch"
"/SW","/PˆdZch"
"/yours or companion's","/tw¢j lub twojego towarzysza"
"No recommendations available","Brak dost©pnych rekomendacji"
"No positions available","Brak dost©pnych pozycji"
" meets with "," spotyka si© z "
", and I aim to return it home.",", i zamierzam zwr¢ci† go do domu."
"our people","nasi ludzie"
" trees, butcher."," drzewa, rze«nik."
"I will try to return next year as I am able.","Postaram si© wr¢ci† w przyszˆym roku jak b©d© m¢gˆ."
"west","zach¢d "
"east","wsch¢d "
"south","poˆudnie "
"north","p¢ˆnoc "
"in 1 day","w 1 dzieä "
"in ","w "
"Low Precision","Maˆa Precyzja"
"You have no appropriate ingredients.","Nie masz odpowiednich skˆadnik¢w."
"Ready","Gotowy"
"Large Cut Gems","Du¾e Przyci©te Krysztaˆy"
"Murder","Morderstwo"
"Bribery","Przekupstwo"
"Embezzlement","Sprzeniewierzenie"
"Vandalism","wandalizmy"
"Theft","kradzie¾"
"Robbery","Rabunek"
"Espionage","Szpiegostwo"
" against "," przeciwko "
"Treason","Zdrada"
"Blood-drinking","Picie krwi"
"somebody","kto˜"
"Murder.","Morderstwo."
"Plots","Pola"
"Organizations","Organizacje"
"Org: ","Organizacja: "
"One member","Jeden czˆonek"
" members"," czˆonkowie"
"after wandering","po bˆ¥dzeniu my˜lami"
"after being unable to wander","po byciu niemo¾nym do bˆ¥dzenia my˜lami"
"after helping somebody","po pomaganiu komu˜"
"after being unable to help anybody","po byciu niemo¾nym pomocy komukolwiek"
"after thinking abstractly","po abstrakcyjnym my˜leniu"
"after a lack of abstract thinking","po braku abstrakcyjnego my˜lenia"
" wood"," drewno"
"more acquiescing","wi©cej przyzwolenia"
"peace","pok¢j"
"What happened?","Co si© staˆo?"
"I am your loyal ","Jestem Twoim lojalnym "
"  The task is accomplished."," Zadanie wykonane."
" is dead!"," zgin¥ˆ!"
"I wish to become a ","Chce zosta† "
"tavern keeper","karczmarz"
"mercenary","najemnik"
"Would you like to join ","Chciaˆby˜ doˆ¥czy† "
"Please help me!","Prosz© pom¢¾ mi!"
"I hate you.","Nienawidz© ci©!"
"The enemy!","Wr¢g!"
"Murderer!","Morderca!"
"beasts","bestie "
"the beast","bestia"
"bandits","bandyci "
"Please guide me to ","Prosz© poprowad« mnie do "
"Please guide me to you.","Prosz©, zaprowad« mnie do siebie."
"It's not my problem.","To nie jest m¢j problem."
"It's for the best.","Tak b©dzie lepiej."
"I hate them.","Nienawidz© ich."
"I am afraid of them.","Boj© si© ich."
"the brewing trouble","kˆopoty z warzeniem"
"You must kill ","Musisz zabi† "
"  This "," To "
"  Enjoy the hunt!"," Miˆego polowania!"
"torture","tortura"
"a ceremony","ceremonia"
"general ill feelings over past historical events","og¢lne zˆe uczucia w stosunku do przeszˆych wydarzeä historycznych"
"the issue of their godlessness","kwestia ich bezbo¾no˜ci"
"a house","dom"
"a tree","drzewo"
"I have no idea.","Nie mam pomysˆu."
"Goodbye.","Do widzenia."
"you","ty"
" forever!"," na zawsze!"
"Nevermind.","Niewa¾ne."
"Let's trade.","Pohandlujmy."
"What's available here?","Co jest dost©pne?"
"My good friend.","M¢j dobry przyjaciel."
"It is good to see you here.","Dobrze jest ci© tu widzie†"
"  All drinks are free, of course!"," Oczywi˜cie wszystkie napoje s¥ bezpˆatne!"
"Tavern keeper!  ","Karczmarz! "
"this library","ta biblioteka "
"this market","ten rynek"
"this tomb","ten grobowiec "
"this dungeon","ten loch "
"these catacombs","te katakumby "
"this tower","ta wie¾a "
"Intruder!  Intruder!","Intruz! Intruz!"
", taking over my duties and responsibilities?",", zabra† moje obowi¥zki i odpowiedzialno˜† ?"
"It has always been my dream to start a family.","Moim marzeniem zawsze byˆo zaˆo¾y† rodzin©."
"Why are you traveling?","Czemu podr¢¾ujesz?"
"Tell me about the local ruler.","Opowiedz mi o lokalnym przyw¢dcy. "
"Is it raining?","Czy pada descz?"
"What a strange place!","C¢¾ za dziwne miejsce!"
"It is good to be outdoors.","Dobrze by† na zewn¥trz."
"I would prefer to be outdoors.","Wolaˆbym by† na zewn¥trz."
"It is good to be indoors.","Dobrze jest by† w wewn¥trz."
"Where am I?","Gdzie jestem?"
"Tell me about this area.","Opowiedz mi o tym miejscu."
"Never.","Nigdy."
"Drop ","Upu˜† "
"Perhaps you'd be willing to trade ","By† mo¾e byˆby˜ ch©tny do handlu "
"Where is ","Gdzie jest "
"How are you feeling right now?","Jak si© teraz czujesz?"
"Really?  Please come closer.","Naprawd©? Prosz© podejd« bli¾ej."
"I don't work here.","Nie pracuj© tu."
"Who?","Kto?"
"I started my pilgrimage in ","Rozpocz¥ˆem moj¥ pielgrzymk© w "
"I'm preparing to travel to ","Przygotowuj© si© na podr¢¾ do   "
"I'm traveling to ","Podr¢¾uje do  "
"I'm not sure.","Nie jestem pewny."
"I'm returning to my home in ","Wracam do mojego domu w "
"wife","¾ona"
"husband","m¥¾"
"I have rescued ","Uratowaˆem "
"The villages ","wioski "
"mother","matka"
"father","ojciec"
"parent","rodzic"
"son","syn"
"daughter","c¢rka"
"child","dziecko "
"grandmother","babcia"
"grandfather","dziadek "
"grandchild","wnuk"
"brother","brat"
"sister","siostra "
"sibling","rodzeästwo "
"aunt","ciocia "
"uncle","wujek"
"niece","siostrzenica "
"nephew","bratanek"
"cousin","kuzyn"
"!  Best price in town","! Najlepsze ceny w mie˜cie "
"just outside town","na obrze¾ach miasta"
"Good","Dobrze "
"there","tam"
"man","m©¾czyzna "
"woman","kobieta "
"We will fight no more.","Nie b©dziemy wi©cej walczy†."
"I will fight no more.","Nie b©d© wi©cej walczy†."
"Never!","Nigdy!"
"Maybe you're right.","Mo¾e masz racj©."
"How dare you?!","Jak mogˆe˜?!"
"I disagree.","Nie zgadzam si©"
"me","ja"
"called the ","zwany "
" is one of the fundamental dance moves.  "," to jeden z podstawowych ruch¢w tanecznych. "
" the fundamental dance move.  "," podstawowy ruch tancerski, "
" the fundamental dance position.  "," podstawowa pozycja taneczna. "
" is one of the fundamental dance positions.  "," to jedna z podstawowych pozycji tanecznych. "
"First, ","Po pierwsze, "
"Finally, ","W koäcu, "
"Then ","Potem "
"There","Tam"
" should be"," powinno by†"
" a series of "," serie "
" graceful"," wdzi©czny"
" serene"," spokojny"
" calm"," spokojny"
" grotesque"," groteskowy"
" crude"," surowy"
" refined"," rafinowany"
" understated"," zrozumiany"
" delicate"," delikatny"
" elaborate"," skomplikowany"
" expressive"," wyrazisty"
" strong"," silny"
" large"," spory"
" weightless"," niewa¾ki"
" fluid"," pˆynny"
" undulating"," falisty"
" soft"," miekkie"
" jerking"," szarpanie"
" sharp-edged"," ostre kraw©dzie"
" straight-lined"," prosto"
" high"," wysoki"
" low"," niski"
" aborted"," przerwane"
" partially realized"," cz©˜ciowo wykonane"
" energetic"," energetyczny"
" passionate"," pasjonuj¥cy"
" vivacious"," ¾ywy"
" joyous"," radosny"
" proud"," dumny"
" flamboyant"," ekstrawagancki"
" lively"," ¾ywy"
" spirited"," porywaj¥cy"
" vigorous"," vigorous"
" intense"," intensywny"
" aggressive"," agresywny"
" powerful"," pot©¾ny"
" sluggish"," powolny"
" relaxed"," zrelaksowany"
" passive"," bierny"
" subtle"," subtelny"
" sensual"," zmysˆowy"
" debauched"," rozwi¥zˆy"
" twisting"," pokr©tny"
" sprightly"," rze˜ki"
" sinuous"," falisty"
" repeated"," powtarzaj¥cy si©"
" counterclockwise"," przeciwny do ruchu wskaz¢wek zegara"
" clockwise"," zgodnie z ruchem wskaz¢wek zegara"
" eighth"," ¢sma"
" quarter"," kwadrans"
" half"," p¢ˆ"
" move"," ruch"
" turn"," obr¢t"
" facial expression"," wyraz twarzy"
" hand gesture"," gest r©ki"
" run"," bieg"
" kick"," kopniak"
" left kick"," lewy kopniak"
" right kick"," prawy kopniak"
" mirrored"," lustrzane odbicie"
" with"," z"
" is a "," jest "
"sacred","˜wi©te"
" group"," grupa"
" solo"," samotnie"
"group ","grupa "
"celebration","˜wi©towanie"
"solo ","samotnie "
"participation","branie udziaˆu"
"performance","wykonywanie"
"war","wojna"
" for a single pair"," dla pojedynczej pary"
" dancers"," tancerze"
" pairs"," pary"
" originating in "," maj¥ce pocz¥tek w "
"in a double circle","w podw¢jnym okr©gu"
"in a circle","w okr©gu"
"in several lines","w wielu liniach"
"in a single line","w jednej linii"
"very slowly ","bardzo wolno "
"slowly ","wolno "
"slower and slower ","wolniej i wolniej "
"faster and faster ","szybciej i szybciej "
" rhythm"," rytm"
"with the music","z muzyk¥"
"The partners ","Partnerzy "
"through touch","poprzez dotyk"
"calm","spok¢j"
"grotesque","groteska"
"delicate","Delikatny"
"strong","silny"
"fluid","ciekˆy"
"soft","mi©kki"
"high","wysoki"
"low","niski"
"aborted","opuszczony"
"partially realized","cz©˜ciowo wykonany"
"joyous","Wesoˆy"
"aggressive","agresywny"
"powerful","pot©¾ny"
"relaxed","wypocz©ty"
"passive","bierny"
"repeated ","powtarzany "
"half ","p¢ˆ "
"hand gestures","gesty r©ki"
"runs","biegi"
"kicks","kopniaki"
"left kicks","lewe kopniaki"
"right kicks","prawe kopniaki"
"moves","ruchy"
"movement ","ruch "
"shadowed","zacieniony"
"mirrored","odbity"
"The dance begins with the ","Taniec zacz¥ˆ si© z "
"The dance enters a new section with the ","Taniec wchodzi w now¥ sekcje z "
"next ","nast©pny "
"introduction","wprowadzenie"
"exposition","wystawa"
"synthesis","synteza"
"chorus","ch¢r"
" of the music.  "," muzyki. "
"to the ","do "
"There are partner changes ","Zmiany partner¢w "
"There is a basic movement ","Podstawowe ruchy "
"This","To"
" section is"," sekcja jest"
"negative ","negatyw "
"one","jeden"
"two","dwa"
"three","trzy"
"four","cztery"
"five","pi©†"
"six","sze˜†"
"seven","siedem"
"eight","osiem"
"nine","dziewi©†"
"ten","dziesi©†"
"eleven","jedena˜cie"
"twelve","dwana˜cie"
"thirteen","trzyna˜cie"
"fourteen","czterna˜cie"
"fifteen","pi©tna˜cie"
"sixteen","szesna˜cie"
"seventeen","siedemna˜cie"
"eighteen","osiemna˜cie"
"nineteen","dziewi©tna˜cie"
" billion"," miliard"
" million"," milion"
" thousand"," tysi¥†"
" hundred"," sto"
"twenty","dwadzie˜cia"
"thirty","trzydzie˜ci"
"forty","czterdzie˜ci"
"fifty","pi©†dziesi¥t"
"sixty","sze˜†dziesi¥t"
"seventy","siedemdziesi¥t"
"eighty","osiemdziesi¥t"
"ninety","dziewi©†dziesi¥t"
"Negative ","Negatyw "
"Zeroth","Zerowy"
"First","Pierwszy"
"Second","Drugi"
"Third","Trzeci"
"Fourth","Czwarty"
"Fifth","Pi¥ty"
"Sixth","Sz¢sty"
"Seventh","Si¢dmy"
"Eighth","àsmy"
"Ninth","Dziewi¥ty"
"Tenth","Dziesi¥ty"
"Eleventh","Jedenasty"
"Twelfth","Dwunasty"
"Thirteenth","Trzynasty"
"Fourteenth","Czternasty"
"Fifteenth","Pi©tnasty"
"Sixteenth","Szesnasty"
"Seventeenth","Siedemnasty"
"Eighteenth","Osiemnasty"
"Nineteenth","Dziewi©tnasty"
" sculpture has melted!"," rze«ba si© stopiˆa!"
"Digging designation cancelled: warm stone located.","Anulowano oznaczenie kopania: znaleziono ciepˆy kamieä."
"Digging designation cancelled: damp stone located.","Anulowano oznaczenie kopania: znaleziono wilgotny kamieä."
"Shop","Sklep"
"Trade Depot","Skˆad handlowy"
"Nest","Gniazdo"
"Nest Box","Gniazdo"
"Wagon","W¢z"
"Carpenter's Workshop","Warsztat cie˜li"
"Farmer's Workshop","Warsztat rolnika"
"Craftsman","Rzemie˜lnik"
"Magma Forge","Ku«nia Magmy"
"'s Workshop","warsztat"
"Siege Workshop","Warsztat Obl©¾niczy"
"Leather Works","Warsztat Sk¢rzany"
"Tool","Narz©dzie"
"Workshop","Warsztat"
"Zone","Strefa"
"Farm Plot","Dziaˆka Rolna"
"Glass Furnace","Piec szklany"
"Wood Furnace","Piec na drewno"
"Magma Smelter","Huta magmowa"
"Magma Glass Furnace","Szklana magmowa huta"
"Furnace","Piec"
"Pressure Plate","Pˆyta naciskowa"
"Cage Trap","Klatka puˆapka"
"Stone-Fall Trap","Puˆapka na kamieä"
"Weapon Trap","Puˆapka na broä"
"Trap","Puˆapka"
"Siege Engine","Silnik obl©¾niczy"
"Floor Hatch","Wˆaz podˆogowy"
"Wall Grate","Krata ˜cienna"
"Floor Grate","Krata podˆogowa"
"Gear Assembly","Zesp¢ˆ przekˆadni"
"Horizontal Axle","O˜ horyzontalna"
"Vertical Axle","O˜ wertykalna"
"Archery Target","Cel ˆuczniczy"
"Screw Pump","Pompa ˜rubowa"
"Water Wheel","Mˆyn wodny"
"Burial Receptacle","Pojemnik na poch¢wek"
"Seat","Siedzenie"
"Animal Trap","Puˆapka na zwierz©ta"
"Weapon Rack","Stojak na bronie"
"Armor Stand","Stojak na zbroje"
"Container","Pojemnik"
"Traction Bench","awka trakcyjna"
"Dirt Road","Droga wydeptana w ziemi"
"Paved Road","Wybrukowana droga"
"Glass Window","Szklane okno"
"Gem Window","Okno z kamieni szlachetnych"
"Stockpile","Skˆadowisko"
"Up Stair","Schody do g¢ry"
"Down Stair","Schody w d¢ˆ"
"Up/Down Stair","Schody w g¢r©/d¢ˆ"
"Track (N)","Tor (N)"
"Track (S)","Tor (S)"
"Track (E)","Tor (E)"
"Track (W)","Tor (W)"
"Track (NS)","Tor (NS)"
"Track (NE)","Tor (NE)"
"Track (NW)","Tor (NW)"
"Track (SE)","Tor (SE)"
"Track (SW)","Tor (SW)"
"Track (EW)","Tor (EW)"
"Track (NSE)","Tor (NSE)"
"Track (NSW)","Tor (NSW)"
"Track (NEW)","Tor (NEW)"
"Track (SEW)","Tor (SEW)"
"Track (NSEW)","Tor (NSEW)"
" Lever"," D«wignia"
"Custom Workshop","Niestandardowy Warsztat"
" Door"," Drzwi"
" Floor Grate"," Kratownica Podˆogowa"
"Vertical ","Pionowy "
" Floodgate"," —luza"
" Rope"," Lina"
" Chain"," aäcuch"
" Archery Target"," Cel uczniczy"
" Gear Assembly"," Zesp¢ˆ Przekˆadni"
"Horizontal ","Poziomy "
" Axle"," O˜"
" Pillar"," Filar"
"Upright ","Pionowo "
"Retracted ","Wycofany "
"Spears","Wˆ¢cznie"
" Casket"," Szkatuˆka"
" Sarcophagus"," Sarkofag"
" Coffin"," Trumna"
" Chair"," Krzesˆo"
" Throne"," Tron"
" Animal Trap"," Puˆapka na zwierz©ta"
" Table"," St¢ˆ"
" Cabinet"," Gablota"
" Weapon Rack"," Stojak na broä"
" Armor Stand"," Stojak na zbroj©"
" Chest"," Skrzynia"
"Dirt","Brud"
" Road"," Droga"
" Bridge"," Most"
" Statue"," Pos¥g"
"Glass","Szkˆo"
" Window"," Okno"
"Armor ","Zbroja "
"Weapon ","Broä "
"Animal ","Zwierz© "
"Food ","Jedzenie "
"Furniture ","Meble "
"Corpse ","Zwˆoki "
"Refuse ","Odpadki "
"Stone ","Kamieä "
"Ammo ","Amunicja "
"Coins ","Monety "
"Gem ","Kamieä szlachetny "
"Finished Goods ","Gotowe wyroby "
"Leather ","Sk¢ra "
"Cloth ","Pˆ¢tno "
"Wood ","Drewno "
"Stockpile #","Skˆadowisko #"
" have hatched."," wykluˆy si©."
"You've caught a ","Zˆapaˆe˜ "
"Your trap was robbed of the ","Twoja puˆapka zostaˆa okradziona z "
" closes."," zamyka si©."
"You hear ","Sˆyszysz "
"distant ","odlegˆy "
"nearby ","bliski "
" opens."," otwiera si©."
" has constructed a masterpiece!"," skonstruowaˆ arcydzieˆo!"
"A masterwork of ","Arcydzieˆo "
" has been lost!"," zostaˆ zgubiony!"
"Home","Dom"
"Throneroom","Sala Tronowa"
"Entrance","Wej˜cie"
"Treasury","Skarbiec"
"Guard post","Posterunek stra¾y"
"Noble quarters","Kwatery Szlachcic¢w"
"Captive Room","Pok¢j niewoli"
"Tower Top","Szczyt wierzy"
"Courtyard","Dziedziniec"
"Secret Library","Tajna biblioteka"
"Market Stall","Stragan"
"Tent","Namiot"
"Dungeon Cell","Kom¢rka lochu"
"Animal Workshop","Warsztat Zwierz©cy "
"Cloth Workshop","Warsztat Sukienniczy "
"Tanning Workshop","Warsztat Garbarski"
"Cloth Clothing Workshop","Warsztat Odzie¾owy"
"Leather Clothing Workshop","Warsztat Odzie¾y Sk¢rzanej"
"Bone Carving Workshop","Warsztat Rze«bienia w Ko˜ci"
"Gem Cutting Workshop","Warsztat Jubilerski "
"Weaponsmithing Workshop","Warsztat Zbrojeniowy "
"Bowmaking Workshop","Warsztat uczniczy"
"Blacksmithing Workshop","Warsztat Kowalski"
"Armorsmithing Workshop","Warsztat Pˆatnerski "
"Metal Crafting Workshop","Ku«nia "
"Carpentry Workshop","Warsztat Stolarski"
"Stoneworking Workshop","Warsztat Kamieniarski"
"Forging Workshop","Warsztat Kucia"
" Or "," Lub "
", Etc.",", Itd."
"This is the ","To jest "
" currency of "," waluta "
" from the year "," od roku "
" from an unknown year"," z nieznanego roku "
" under "," pod "
"master","mistrz"
" on the embedded "," na osadzonym "
" throw"," rzuca†"
" throws"," rzuca"
" adjust"," dostosowa†"
" adjusts"," dostosowuje si©"
" on "," na "
" struggle"," walka"
" struggles"," zmagania"
" in vain against the grip of "," na pr¢¾no w u˜cisku "
" shake"," potrz¥sn¥†"
" shakes"," trz©sie si©"
" around by the "," wok¢ˆ przez "
" is ripped away and remains in "," zostaje wyrwany i pozostaje w "
" mouth"," usta"
" grip"," chwyt"
" lose"," straci†"
" loses"," przegrywa"
" hold of the "," trzyma† si© "
"strangle","udusi†"
" pass"," podawa†"
" passes"," Karnety"
" out."," na zewn¥trz."
"grab","zˆapa†"
"grabs","chwyta"
" has moved out of range!"," wyszedˆ poza zasi©g!"
"push","naciska†"
"pushes","popycha"
" let"," pozwoli†"
" lets"," pozwala"
" drop away as "," odrzu† jak "
"attack","atak"
"attacks","ataki"
" catch"," zˆapa†"
" catches"," ˆapie"
" attack "," atak "
" attacks "," ataki "
" but "," ale "
" scramble"," wdrapywa† si©"
" strike at "," uderzy† w "
" strikes at "," uderza w "
" but the shot is blocked!"," ale strzaˆ jest zablokowany!"
" scrambles"," szykuje si©"
" roll"," przewr¢t"
" rolls"," rolki"
" jump"," skok"
" jumps"," skacze"
" away"," z dala"
" but the shot is "," ale strzaˆ jest "
"deftly ","zr©cznie "
"just barely ","tylko ledwo "
"easily ","z ˆatwo˜ci¥ "
"parried","sparowany"
" away from "," z dala od "
" but the shot is blocked"," ale strzaˆ jest zablokowany"
" block "," blok "
" blocks "," Bloki "
"narrowly ","w¥sko "
"deflected","odchylony"
" bat "," nietoperz "
" bats "," nietoperze "
" aside"," na boku"
"silently ","bezszelestnie "
"rewards","nagrody"
"a tavern","tawerna "
" a murderer."," morderca"
"something of a hunter","co˜ z ˆowc¥"
" an enemy fighter."," wrogi wojownik."
"an untitled work","praca bez tytuˆu"
"Art?  More like wasted opportunity.","Sztuka? Bardziej jak zmarnowana okazja."
"The amount of practice that goes into mastering a skill is so impressive.","Ilo˜† †wiczeä, kt¢re trzeba wˆo¾y† w perfekcyjne opanowanie umiej©tno˜ci jest, jest imponuj¥ca."
"Did you hear the one about the ","Czy sˆyszaˆe˜ o "
"I feel such love!","Czuj© przejmuj¥c¥ miˆo˜†!"
"I am very aroused!","Jestem bardzo podniecony!"
"I am so nervous!","Jestem tak zdenerwowany!"
"Such nostalgia!","Co za nostalgia!"
"I am so proud!","Jestem taki dumny!"
"I can't take it!","Nie mog© tego wzi¥†. "
"This is great!","To jest ˜wietne!"
"I accept this.","Akceptuje to."
"That's amazing!","To niesamowite!"
"I'm very angry.","Jestem bardzo zˆy."
"That's very annoying.","To bardzo denerwuj¥ce."
"It's really boring.","To jest naprawd© nudne."
"I am very disappointed.","Jestem bardzo rozczarowany."
"So disgusting...","Obrzydliwe..."
"I feel so free.","Czuj© si© tak wolny"
"It makes me so gloomy.","To sprawia, ¾e jestem tak ponury."
"I'm very grateful.","Jestem bardzo wdzi©czny."
"I feel so guilty.","Czuje si© winny."
"I am so happy.","Jestem taki szcz©˜liwy."
"I am very hopeful.","Jestem peˆen nadziei. "
"I feel hopeless.","Czuje si© beznadziejnie. "
"I'm very lonely.","Jestem bardzo samotny."
"I'm very nervous.","Jestem bardzo nerwowy."
"I'm feeling very nostalgic.","Czuje si© bardzo nostalgicznie."
"I'm quite optimistic.","Jestem do˜† optymistyczny"
"I'm very resentful.","Jestem bardzo ura¾ony."
"That was not satisfying.","To nie byˆo satysfakcjonuj¥ce."
"I'm not dismayed.","Nie jestem przera¾ony."
"I found ","Znalazˆem "
" dead."," martwy."
"was crushed","zostaˆ zmia¾d¾ony"
"was crushed by a bridge","zostaˆ zmia¾d¾ony przez most"
"was crushed by a rock","zostaˆ zmia¾d¾ony przez gˆaz"
"fell into a chasm","spadˆ w przepa˜†"
"died in a cage","umarˆ w klatce"
"froze to death","zamarzˆ na ˜mier†"
"was crucified","zostaˆ ukrzy¾owany"
"was buried alive","zostaˆ pogrzebany ¾ywcem"
"was scared to death","zostaˆ przestraszony na ˜mier†"
"leapt from a great height","skoczyˆ z du¾ej wysoko˜ci"
"died","zmarˆ"
" attempted "," spr¢bowaˆ "
"a murder","morderstwo"
"a kidnapping","uprowadzenie"
"a theft","kradzie¾"
"a robbery","rabunek"
"I preached ","gˆosiˆem "
"I saw ","zobaczyˆem "
" preach"," gˆosi†"
"I told the story of ","opowiedziaˆem histori© "
" the story of "," historia "
" told the story of "," opowiedziaˆ histori© "
"story of ","historia "
"a poem","wiersz"
" recited "," wyrecytowane "
" was recited"," zostaˆo wyrecytowane"
"music","muzyka"
"perform","wykona†"
"played","zagrane"
"sang","wy˜piewane"
"performed","wykonane"
"dance","taniec"
"I realized ","zdaˆem sobie spraw© "
"Children.","Dzieci."
"I am a parent.","Jestem rodzicem."
"I'm thirsty.","Jestem spragniony."
"I'm hungry.","Jestem gˆodny."
"I need more.","Potrzebuj© wi©cej. "
"I was out in a blizzard.","Byˆem w zamieci."
"I felled a tree.","—ci¥ˆem drzewo."
"I lost some property to taxes.","Straciˆem cz©˜† maj¥tku z powodu podatk¢w."
"I was attacked by my own dead ","Zostaˆem zaatakowany przez wˆasnych nieboszczyk¢w "
"I slept in a bedroom.","Spaˆem w sypialni."
"I slept in the grass.","Spaˆem w trawie. "
"I slept on a rough cave floor.","Spaˆem na szorstkiej podˆodze w jaskini."
"a very good setting","bardzo dobre ustawienie"
"It was","Byˆo"
"So true, so true.","Prawda, prawda."
"a year ago","rok temu"
"a few years ago","kilka lat temu"
"several years ago","wiele lat temu"
"Thank you for keeping us safe.","Masz moje podzi©kowania za ochron©."
"upper floors","wy¾sze pi©tra "
"lower floors","ni¾sze pi©tra"
"has been harassing people right here on the streets of ","n©ka ludzi tutaj, na ulicach "
"There is a tomb","Tam jest gr¢b"
"I'd love to travel and create art.","Chciaˆbym podr¢¾owa† i tworzy† sztuk©."
"chunk","kawaˆek"
"chunks","kawaˆki"
"body part","cz©˜† ciaˆa"
"is gigantic","jest gigantyczny"
"is very large","jest bardzo du¾y"
"is large, muscular and fat","jest wielki, muskularny i otyˆy"
"is large yet frail","jest wielki lecz w¥tˆy"
"is large and fat","jest wielki i otyˆy"
"is large","jest wielki"
"is lanky, with strong muscles and some fat","jest chudy, z silnymi mi©˜niami i odrobin¥ tˆuszczu"
"is lanky and frail","jest chudy i w¥tˆy"
"is lanky and weak","jest chudy i sˆaby"
"is lanky","jest chudy"
"is stout","jest gruby"
"is tall and muscular","Jest wysoki oraz muskularny"
"is tall and fat","jest wysoki i gruby"
"is muscular and extremely short","jest umi©˜niony i ekstremalnie niski"
"is incredibly skinny and very small","Jest niesamowicie chudy i bardzo niski"
"Others refused to journey to this dangerous fortress.","Inni odm¢wili podr¢¾y do tej niebezpiecznej fortecy."
"frail","w¥tˆy"
"tiny","malutki"
"Footwear","Obuwie"
"Tools","Narz©dzia"
"Thread (Yarn)","Ni† (Prz©dza)"
"Guard Taxes","Podatki na obron© "
"Ransack Taxes","Trybut"
"Seek Patient for Immobilize Break","Szukaj pacjenta aby unieruchomi† zˆamanie"
"Seek Patient for Crutch","Szukaj pacjenta aby da† mu Kule"
"Seek Patient for Suturing","Szukaj pacjenta aby zaˆo¾y† szwy"
"Seek Patient for Dress Wound","Szukaj pacjenta aby opatrzy† ran©"
"Reunion","Poˆ¥czenie"
"Performance","Wykonywanie"
"created","Stworzony"
"dark","ciemny"
"protected","chroni†"
"just","po prostu"
"moonlit","ksi©¾ycowy"
"peaceful","Spokojny"
"wooden","drewaniany"
"food","jedzenie"
"labor","praca"
"light","biaˆe"
"trees","drzewa"
"water","woda"
"paternal grandfather","dziadek ze strony ojca"
"Forest","Las"
"Glacier","Lodowiec"
"Grassland","¥ka"
"moth","†ma"
"leech","pijawka"
"armadillo","pancernik"
"coyote","kojot"
"Sandstone","Piaskowiec"
"Writing","Pisanie"
"Dodging","Unikanie"
"Axe","Top¢r "
"Sword","Miecz"
"Crossbow","Kusza"
"Beekeeping","Pszczelarstwo"
"Intrigue","Intryga"
"Trapper","owca"
"Axeman","Siekiernik"
"Swordsman","Szermierz"
"Crossbowman","Kusznik"
"information source","«r¢dˆo informacji"
"killer","morderca"
"murderer","morderca"
"thief","zˆodziej "
"Loading object files...  ","adowanie plik¢w... "
"Loading buildings...","adowanie budynk¢w..."
"Ghost","Duch "
"Siege Equipment","Sprz©t Obl©¾niczy"
"Other Objects","Inne obiekty"
"Button ","Przycisk "
" Logs"," Logi"
"Prepared Food","Przygotowane jedzenie"
"has negative foreground color, set to 7","ma niepoprawny kolor pierwszego planu, ustaw na 7"
"leader","lider"
"chieftess","szefowa"
"axe","top¢r"
"sword","miecz"
"blade","ostrze"
"crossbow","kusza"
"kick","kopnij"
" door"," drzwi "
"building","budowla"
"Metal armor","Metalowa zbroja "
"Sleep","Spa†"
"furniture ","meble "
"screw ","˜rubka "
"non-economic ","nieekonomiczne "
"silk ","jedwab "
"leather ","sk¢ra "
"food storage ","skˆad jedzenia "
"sand ","piasek "
"food storage","skˆad jedzenia"
"raw crystal glass","nieociosane krysztaˆowe szkˆo"
"rock","skaˆa"
"stones","kamienie"
"door","drzwi "
"catapult parts","cz©˜ci katapulty"
"chain ","aäcuch "
"A thief has stolen ","Zˆodziej ukradˆ "
"Town","Miasto"
"No Dining Room","Brak jadalni"
"Royal Bedroom","Kr¢lewska sypialnia "
"Grand Bedroom","Wielka sypialnia "
"Great Bedroom","Wspaniaˆa sypialnia."
"Setting Bones","Nastawianie ko˜ci"
"Dressing Wounds","Opatrywanie ran"
"Feed Patients/Prisoners","Karmienie rannych/wi©«ni¢w"
"Recovering Wounded","Przenoszenie rannych"
"Small Animal Dissection","Wiwisekcja maˆych zwierz¥t"
"Clothesmaking","Szycie ubraä"
"Farming (Fields)","Hodowanie (pola uprawne)"
"Hunting","Polowanie"
"Furnace Operating","Operowanie piecem"
"Armoring","Kucie zbroi"
"Blacksmithing","Kowalstwo"
"Crossbow-making","wytwarzanie kuszy"
"Mechanics","Mechanika"
"Other Jobs","Inne Prace"
"insurrection","insurekcja"
"flight","lot"
"hungry","gˆodny"
"good food","dobre jedzenie "
"slept on grass","spaˆ na trawie"
"official meeting in bedroom","oficjalne spotkanie w sypialni. "
"as a guide","jako przewodnik"
"after a violent disagreement","po agresywnej r¢¾nicy zdaä"
"after being unable to find an artifact","po byciu niezdolnym do znalezienia artefaktu"
"after ","po "
"burning out","wypala†"
"stabbing","d«ga†"
" escaped from "," uciekˆ z "
" made a journey to "," podr¢¾owa† do "
"the escape from ","uciekn¥† z "
"died of old age","umarˆ/a ze staro˜ci"
" in ice"," w lodzie"
" in a "," w "
"the killing of ","zabicie "
"decided to become a mercenary, operating","postanowiˆ zosta† najemnikiem, dziaˆa"
"appearing not to age","sprawia wra¾enie jakby si© nie starzaˆ"
"the axe","top¢r"
"the sword","miecz"
"the crossbow","kusza"
"artifact","artefakt"
"Some","Troche"
"conspiracy to slow labor","spisek w celu spowolnienia porodu"
"from","od"
"an agreement","porozumienie"
"a guide agreement","umowa przewodnika"
"after an adoption","po adopcji"
" held by "," w posiadaniu "
" bandit gang from "," gang rzezimieszk¢w z "
" group from "," grupa z "
"goddess","bogini"
"god","b¢g "
"prisoner","wi©zieä"
" until "," dop¢ki "
"enemy","wr¢g"
"member","czˆonek"
"slave","niewolnik"
"legendary thief","legendarny zˆodziej "
"infamous thief","niesˆawny zˆodziej "
"known thief","znany zˆodziej "
"an unidentified creature","niezidentyfikowane stworzenie"
"Pillaging","Pl¥drowa†"
"Abduction","Uprowadzenie"
"Rampage","Szaˆ"
"Journey","Podr¢¾"
"Race","Rasa"
"Procession","Poch¢d"
"crushed","zmia¾d¾ony"
"corner","r¢g"
"confront","konfrontowa†"
"hunger","gˆ¢d"
"blood","krew"
"encrusted with","inkrustowane z"
"finely-crafted ","misternie wykonany "
"The item smells like wet earth.","Ten przedmiot pachnie jak mokra ziemia."
"Finished Goods","Ukoäczone dobra"
" Bag"," Worek"
" in the year "," w roku "
"Leapt from a great height","Skoczyˆ z du¾ej wysoko˜ci"
"is throughout ornate and refined","jest bogato zdobiona i wyrafinowana"
"Toggle Fullscreen","Peˆny ekran"
"Sites","Strony"
"Regions","Regiony"
" disgust with the adversary's godlessness"," obrzydzenie bezbo¾no˜ci¥ przeciwnika"
"living gods and mighty beasts ","¾yj¥cy bogowie i pot©¾ne bestie "
"mud","bˆoto"
" dismounts"," zsiada"
"thick ","cienka "
"tree","drzewo"
" as well as "," r¢wnie dobrze jak "
"North or South","P¢ˆnoc czy Poˆudnie"
"Mountain","G¢ra"
"Temperate Freshwater Swamp","Umiarkowane Bagno Sˆodkowodne"
"Temperate Saltwater Swamp","Umiarkowane bagna sˆonowodne"
"Temperate Freshwater Marsh","Umiarkowane Bagno Sˆodkowodne"
"Temperate Saltwater Marsh","Umiarkowane bagno sˆonowodne"
"Tropical Freshwater Swamp","Tropikalne bagno sˆodkowodne"
"Tropical Saltwater Swamp","Tropikalne Bagno Sˆonowodne"
"Mangrove Swamp","Bagno namorzynowe"
"Tropical Freshwater Marsh","Tropikalne bagno sˆodkowodne"
"Tropical Saltwater Marsh","Tropikalne bagno sˆonowodne"
"Temperate Broadleaf Forest","Umiarkowany las li˜ciasty"
"Tropical Coniferous Forest","Tropikalny Las Iglasty"
"Temperate Grassland","Umiarkowana ˆ¥ka "
"Temperate Savanna","Sawanna umiarkowana"
"Temperate Shrubland","Umiarkowane krzewy"
"Tropical Grassland","Tropikalna ¥ka"
"Tropical Savanna","Tropikalna sawanna "
"Tropical Shrubland","Tropikalne krzewy"
"Badlands","Badlandy"
"Rocky Wasteland","Kamienne pustkowia"
"Sand Desert","Piaszczysta pustynia"
"Tropical Ocean","Tropikalny ocean"
"Temperate Ocean","Umiarkowany ocean"
"Arctic Ocean","Ocean arktyczny"
"Temperate Freshwater Pool","Umiarkowany basen ze sˆodk¥ wod¥"
"Temperate Brackish Pool","Umiarkowany basen sˆonawy"
"Temperate Saltwater Pool","Umiarkowany basen ze sˆon¥ wod¥"
"Tropical Freshwater Pool","Tropikalny basen ze sˆodk¥ wod¥"
"Tropical Brackish Pool","Tropikalny basen sˆonawy"
"Tropical Saltwater Pool","Tropikalny basen ze sˆon¥ wod¥"
"Temperate Freshwater Lake","Umiarkowane jezioro sˆodkowodne"
"Temperate Brackish Lake","Umiarkowane jezioro sˆonawe"
"Temperate Saltwater Lake","Umiarkowane jezioro sˆonowodne"
"Tropical Freshwater Lake","Tropikalne jezioro sˆodkowodne"
"Tropical Brackish Lake","Tropikalne jezioro sˆonawe"
"Tropical Saltwater Lake","Tropikalne sˆone jezioro "
"Temperate Freshwater River","Umiarkowana rzeka sˆodkowodna"
"Temperate Brackish River","Umiarkowana sˆonawa rzeka"
"Temperate Saltwater River","Umiarkowana rzeka sˆonowodna"
"Tropical Freshwater River","Tropikalna rzeka sˆodkowodna"
"Tropical Brackish River","Tropikalna sˆonawa rzeka"
"Tropical Saltwater River","Tropikalna rzeka morska"
"Subterranean Water","Woda podziemna"
"Subterranean Chasm","Podziemna Przepa˜†"
"Subterranean Magma","Podziemna magma"
"Woodland","Lesisty teren"
"Little soil","Troch© gleby"
"Some soil","Troch© gleby"
"Deep soil","Gˆ©boka gleba"
"Very deep soil","Bardzo gˆ©boka gleba "
"Extremely deep soil","Niesamowicie gˆ©boka gleba"
"Low","Niskie"
"Are you sure you want to go on?","Jeste˜ pewien ¾e chcesz i˜†?"
"Like others in ","Jak pozostali w "
" culture, "," kultura, "
"personally ","osobi˜cie "
"respects the law","przestrzega† prawa"
"sees artful speech and eloquence as a wasteful form of deliberate deception and treats it as such","postrzega zr©czn¥ mow© oraz elokwencj© jako marnotrawn¥ form© celowego oszustwa i tak j¥ traktuje"
"believes that self-mastery and the denial of impulses are of the highest ideals","uwa¾a, ¾e opanowanie i odrzucenie impuls¢w, to najwy¾sze z ideaˆ¢w"
"values leisure time","ceni czas wolny"
"thinks that the world should be engaged in perpetual warfare","uwa¾a, ¾e ˜wiat powinien anga¾owa† si© w nieustaj¥c¥ wojn©"
"is rarely happy or enthusiastic","rzadko jest wesoˆy lub entuzjastyczny"
"is stubborn","jest uparty"
"is brave in the face of imminent danger","jest odwa¾ny wobec bezpo˜redniego zagro¾enia"
", even though ",", mimo tego, ¾e "
"performing","wyst©p"
" own"," posiada†"
"a wonderful dish","wspaniaˆe danie"
"a fine dish","dobre danie"
"a fine drink","dobry nap¢j"
"a wonderful drink","wspaniaˆy nap¢j"
"a very good dining room","Dobra jadalnia"
"felling a tree","˜cinanie drzewa"
"a fantastic bedroom","fantastyczna sypialnia"
"a great bedroom","˜wietna sypialnia "
"a very good bedroom","bardzo dobra sypialnia "
"a good bedroom","dobra sypialnia "
"a horribly substandard bedroom","strasznie niespeˆniaj¥ca normy sypialnia"
"a horrible bedroom","okropna sypialnia"
"an awful bedroom","okropna sypialnia"
"a very poor bedroom","bardzo biedna sypialnia"
"a poor bedroom","biedna sypialnia"
"sleeping on the floor","spanie na podˆodze "
"sleeping on a rough cave floor","spanie na szorstkiej podˆodze w jaskini "
"visiting with a pet","odwiedziny ze zwierzakiem"
"talking with mother","rozmawia† z matk¥"
"talking with father","rozmawia† z ojcem "
"talking with a child","rozmawia† z dzieckiem "
"talking with a friend","rozmawia† z przyjacielem "
"talking with somebody","rozmawia† z kim˜ "
"a legendary","legendarny "
"a fantastic","fantastyczny"
"a great","˜wietny"
"a very good","bardzo dobry"
"a good","dobry"
"a poor","biedny"
"a very poor","bardzo biedny"
"an awful","straszny "
"a horrible","okropny "
" diplomat from "," dyplomata z "
"No ","Nie "
"?  How curious...","? Jak ciekawie..."
"s","e"
"The merchants from ","Kupcy z "
" will be leaving soon."," wkr¢tce odejdzie."
" have embarked on their journey."," wyruszyli w swoj¥ podr¢¾."
" bids you farewell!"," ¾egnam si©!"
" has been elected "," zostaˆ wybrany "
" has been re-elected."," zostaˆ ponownie wybrany."
"the past","przeszˆo˜†"
"current events","obecne wydarzenia"
"an abstract concept","abstrakcyjny koncept"
"a historical figure","posta† historyczna"
"someone's character","czyja˜ posta†"
" a solemn"," uroczysty"
" a light"," ˜wiatˆo"
" a ribald"," rubaszny"
" a reflective"," odblaskowy"
" a dramatic"," dramatyczny"
" poetic "," poetycki "
"riddle","zagadki"
"narrative","narracja"
"form","forma"
" intended "," przeznaczony "
"to describe","by opisa†"
"to satirize","by satyrowa†"
"to amuse the audience","rozbawi† publiczno˜†"
"to complain about","narzeka† na"
"to renounce","wyrzec si©"
"to make an apology","przeprosi†"
"Grass","Trawa"
"Dry Grass","Sucha trawa"
"Dead Grass","Martwa trawa"
" Ice Floor"," Lodowa podˆoga "
" Floor"," Podˆoga "
"Glowing Floor","—wiec¥ca Podˆoga"
"Unknown","Nieznane"
" all"," wszystko"
"tears","ˆzy"
"wall","˜ciana"
" away from the "," z dala od "
" skip"," pomiä"
" across the "," przez "
" timbre.  "," barwa d«wi©ku. "
"Cannot generate random creatures -- missing tissue template ","Nie mo¾na wygenerowa† losowych stworzeä - brakuj¥cy szablon tkanek "
"dark metal","ciemny metal "
"bright metal","jasny metal "
"heavy cloth","ci©¾ka tkanina"
" pipes"," kobza"
" bow is drawn across the string"," ci©ciwa w ˆuku jest naci¥gni©ta "
"picks ","piki "
"The musician ","Muzyk "
"[ODOR_STRING:mud]","[ODOR_STRING:bˆoto]"
"[ODOR_STRING:soil]","[ODOR_STRING:gleba]"
"it only looks comfortable when it is in the water","wygl¥da wygodnie tylko kiedy jest w wodzie"
"it seems unerringly honest if one does not concentrate","wydaje si© bezbˆ©dnie szczery, je˜li si© nie koncentruje"
"leathery","sk¢rzany"
"warty","kurzajkowaty"
"rough and cracked","twarda i pop©kana"
" skin is "," sk¢ra jest "
"waxy","woskowy"
"wraith","upi¢r"
"champion","czempion"
"Messenger","Posˆaniec"
"Doom","Zˆo"
"bane","zakaˆa"
"Ruination","Ruina"
"square","zdecydowanie"
"[ATTACK:BLUNT:1:10:lash:lashes:NO_SUB:5000]","[ATTACK:BLUNT:1:10:bicz:bicze:NO_SUB:5000]"
"[ATTACK:BLUNT:20:600:strike:strikes:pommel:1000]","[ATTACK:BLUNT:15:400:uderzenie:uderzenia:uchwyt:1000]"
"[ATTACK:BLUNT:20:200:bash:bashes:NO_SUB:2000]","[ATTACK:BLUNT:20:200:grzmotn¥†:grzmotni©cie:NO_SUB:2000]"
"the worthlessness","Bezwarto˜ciowy"
"the nature of beauty","natura pi©kna"
"the use of specialized wards in hospitals","wykorzystanie specjalistycznych oddziaˆ¢w w szpitalach"
"Nobody","Nikt"
"Events","Wydarzenia "
"the Infinite","Nieskoäczono˜†"
"the Sum","Suma"
"Metals","Metale "
"the Camera Obscura","Kamera Obscura"
"Loss","Utrata"
"the Revolt","Bunt"
"the Wound","rana"
"Deceit","Oszustwo"
"the Mystery","Tajemnica"
"Ruin","Ruina"
"force","siˆ¥"
"prime numbers","liczby pierwsze"
"chords","chwyty"
"the harmonic series","szeregi harmoniczne"
"cycles","cykle"
"mud bags as surgical models","worki z bˆotem jako modele chirurgiczne"
"plants as surgical models","ro˜liny jako modele chirurgiczne"
"animals as surgical models","zwierz©ta jako modele chirurgiczne"
"specialized surgical instruments","specjalistyczne instrumenty chirurgiczne"
"forceps","kleszcze"
"the scalpel","skalpel"
"surgical scissors","no¾yczki chirurgiczne"
"bodily fluids","pˆyny ustrojowe"
"anatomical studies","studia anatomiczne"
"eye anatomy","anatomia oka"
"reaction time","czas reakcji"
"the nervous system","ukˆad nerwowy"
"nerves","nerwowo˜†"
"blood vessels","naczynia krwiono˜ne"
"the voice","gˆos"
"muscles","mi©˜nie"
"hospitals","szpitale"
"mental illnesses","choroba psychiczna"
"hospital staff","personel szpitala"
"medical schools","szkoˆy medyczne"
"hospital laboratories","laboratoria szpitalne"
"hospital wards","oddziaˆy szpitalne"
"water clocks","zegary wodne"
"water clock reservoirs","zbiorniki zegara wodnego"
"the astrarium","planetarium"
"the hourglass","klepsydra"
"mechanical clocks","zegary mechaniczne"
"the pulley","bloczek linowy"
" from paternal grandmother"," od babki ze strony ojca"
"Soil","Gleba"
"Embark preparations were not completed.","Rozpocz©te przygotowania nie zostaˆy ukoäczone."
"fortress (129,129,129)","forteca (129,129,129)"
"house (100,70,10)","dom (100,70,10)"
"library (255,192,255)","biblioteka (255,192,255)"
"site","strona"
"rarely speaks","rzadko si© odzywa"
"rarely speaks when ","rzadko si© odzywa, gdy "
"'s nervous, ","jest nerwowy "
" rarely talks"," rzadko rozmawia"
"rarely starts conversations","rzadko zaczyna rozmow©"
" drums "," b©ben "
"'s bored, ","jest znudzony "
" a lot"," du¾o"
"laughs at ","˜mieje si© z "
" goes"," idzie"
"'s thinking, ","my˜li "
"chews ","¾uje "
" is speaking, "," m¢wi "
"often has ","cz©sto ma "
"commonly winks as a form of greeting","cz©sto mruga jako forma powitania"
"'s thinking hard, ","intensywnie my˜li, "
"Kill ","Zabi† "
"Kill","Zabij"
"Defend ","Obroäca "
" etc."," itp."
" cancels "," Anuluj "
"Inappropriate dig square","Pole do wykopania jest nieprawidˆowe"
"Need valid, active sand collection zone","Potrzebujesz wa¾nej, aktywnej strefy zbierania piasku"
"Patient inaccessible","Pacjent jest niedost©pny"
"Need office","Potrzeba urz©du"
"Path blocked","—cie¾ka zablokowana"
"Seeking artifact","Szukanie artefakt¢w"
"Handling dangerous creature","Prowadzenie niebezpiecznej istoty"
"Going to bed","I˜cie spa†"
"Seeking Infant","Szukanie niemowl©cia"
"Dangerous terrain","Niebezpieczny teren"
"Forbidden area","Zakazana przestrzeä"
"Getting food","Pozyskiwanie jedzenia"
"Getting water","Pozyskiwanie wody"
"Target inaccessible","Cel niedost©pny"
"Target too injured","Cel zbyt zraniony"
"Lost pick","Zgubiono pik© "
"Lost axe","Zgubiony top¢r "
"crossbowman","kusznik"
"Elite Crossbowman","Elitarny Kusznik "
"axeman","siekiernik"
"Axe Lord","Pan Toporu "
"swordsman","szermierz"
"Swordmaster","Mistrz miecza"
"Master Thief","Mistrzowski zˆodziej "
"sage","szaˆwia"
"Peasant","Wie˜niak"
" slave"," niewolnik"
"Corpse","Ciaˆo"
"Woodworker","Stolarz"
" has stopped responding to the world..."," Przestaˆ kontaktowa† ze ˜wiatem..."
" has gone berserk!"," wpadˆ w szaˆ!"
" has gone stark raving mad!"," odszedˆ ostro bredz¥c!"
" is stricken by melancholy!"," przejawia syndromy melancholii!"
" has forgotten a demand."," zapomniaˆ ¾¥dania"
" has imposed a ban on certain exports."," wystosowaˆ embargo na eksport niekt¢rych produkt¢w."
" has altered the prices of goods."," zmieniˆ ceny towar¢w."
"tough","twardy"
"very slow to tire","bardzo wolno si© m©czy"
"a great musical sense","˜wietny muzyczny zmysˆ"
"been scared to death","zostaˆ przestraszony na ˜mier†"
"frozen to death.","zamro¾ony na ˜mier†"
"been shot and killed.","Zostaˆ postrzelony i zgin¥ˆ"
"on the floor ","na podˆodze "
"eat","je˜† "
"You feed on ","½ywisz si© "
" flounder"," fl¥dra"
" flounders"," fl¥dry"
" in the water"," w wodzie"
" in the lava"," w lawie"
" in the magma"," w magmie"
" push "," pcha "
" pushes "," popycha "
" lose hold of the "," straci† kontrol© nad "
" loses hold of the "," traci kontrol© nad "
"You cannot mount ","Nie mo¾esz zamontowa† "
" due to the presence of an existing rider."," ze wzgl©du na obecno˜† istniej¥cego je«d«ca."
" mount "," wierzchowiec "
" mounts "," wierzchowce "
"You fail to mount ","Nie udaje ci si© zdemontowa†. "
" in time."," w sam¥ por©"
" dismount"," zdemontowa†"
"You fail to dismount in time.","Nie zd¥¾ysz zej˜† na czas. "
"You stand up.","Wstaˆe˜."
" stands up."," wstaˆ."
"You lie on the ground.","Le¾ysz na ziemi."
" lies on the ground."," le¾y na ziemi."
