"General","Vçeobecn‚"
"World","SvØt"
"Adventurer","Dobrodruh"
"Dwarf mode","TrpasliŸ¡ re§im"
"Embark","Nalodit se"
"Stockorder","Skladov  objedn vka"
"Militia","Milice"
"Text entry","Zad v n¡ textu"
"its","Sv‚"
"it","To"
"itself","S m"
"will only do assigned tasks","bude plnit pouze zadan‚ £koly"
"Activity","¬innost"
"Training Session","Tr‚nink"
"Activity Event","Ud lost Ÿinnosti"
"Research","Vìzkum"
"Play","Hraj"
"Worship","Uct¡vej"
"Socialize","Socializuj"
" empty "," pr zdnì "
" empties "," vypr zdnil "
" pick up "," seber to "
" picks up "," sebral "
" embraces "," obdivuje "
"I'm feeling randy today!","Dnes se c¡t¡m dobýe!"
" has shared many tales from beyond "," se podØlil o mnoho pý¡bØh… ze z hrob¡ "
" has shared a few rumors."," se podØlil o p r drb…"
" has shared a rumor from abroad."," se podØlil o drb ze zahraniŸ¡"
" gives you "," d v  ti "
"repeatedly snaps ","opakovanØ zaklapne "
"a setting worthy of legends","prostýed¡ hodn‚ legend"
" has discovered "," objevil "
"discourse on ethics as it regards the benefit of the state","diskuze o etice,pokud jde o dobro st tu"
"discourse on the meaning of individual happiness","diskuze o vìznamu individu ln¡ho çtØst¡"
"discourse on medical ethics","diskuze o l‚kaýsk‚ etice"
"discourse on the nature of truth","diskuze o povaze pravdy"
"discourse on the nature of justification","diskuze o povaze ospravedlnØn¡"
"discourse on the nature of perception","dskuze o povaze vn¡m n¡"
"discourse on the nature of belief","dskuze o povaze v¡ry"
"discourse on the relationship between wholes and parts","diskuze o vztahu mezi celky a Ÿ stmi"
"discourse on the relationship between objects and their properties","dskuze o vztahu mezi pýedmØty a jejich vlastnostmi"
"discourse on the nature of mind and body","dskuze o povaze mysli a tØla"
"discourse on the nature of time","diskuze o povaze Ÿasu"
"discourse on the nature of existence","dskuze o povaze existence"
"discourse on the nature of events","diskuze o povaze ud lost¡"
"discourse on ethics as applied to war","diskuze o etice aplikovan‚ na v lku"
"discourse on the nature of causation","diskuze o povaze pý¡Ÿinn‚ souvislosti"
"discourse on the nature of processes","diskuze o povaze proces…"
"discourse on ethics as applied to interpersonal conduct","diskuze o etice aplikovan‚ na mezilidsk‚ vztahy"
"discourse on education","diskuze o vzdØl n¡"
"discourse on law","dskuze o pr vu"
"discourse on grammar","diskuze o gramatice"
"discourse on social welfare","diskuze o socialn¡m blahobytu"
"discourse on economic policy","diskuze o hospod ýsk‚ politice"
"discourse on government","diskuze o vl dØ"
"discourse on diplomacy","diskuze o diplomacii"
"the notion of etymology","pojem etymologie"
"discourse on the value of art","diskuze o hodnotØ umØn¡"
"discourse on the nature of beauty","diskuze o pý¡rodn¡ kr se"
"the notion of conflict between members of a community","pýedstava konfliktu mezi Ÿleny komunity"
"the notion of bonds between members of a community","vazby mezi Ÿleny komunity"
"the notion of historical, governmental and social cycles","n zor na historii vl dy a socialn¡ cykly"
"discourse on the causes of historical events","diskuze o pý¡rodn¡ch historickìch ud lost¡"
"the idea of source reliability","myçlenka o p…vodu zdroje"
" has become a student of "," se stal studentem "
"swayable","houpavì"
"bull","bìk"
"a blacksmith's shop","kov ýstv¡"
"short ","kr tkì "
"noted intruder","proslunì vetýelec"
"Ponder ","Hloubat "
"Learn ","UŸ se "
"Teach ","UŸ "
"Discuss ","Diskutuj "
"Read","¬ti"
"Write","Piç"
"Write about ","Piç o "
"Meditate on ","Medituj o "
"Pray to ","Modli se k "
"Go to Combat Training","Jde na Bojovì Tr‚nink"
"Organize Combat Training","Organizuj Bojovì Tr‚nink"
"Lead Combat Training","VeÔ Bojovì Tr‚nink"
"Wait for Combat Training","PoŸkej na Bojovì Tr‚nink"
"Play Make Believe","Pýedst¡rej, §e"
"Play with ","Hraj si s "
"Toy","HraŸka"
"Inveigh Against ","Oboýit se proti "
"Promote ","povìçit "
"Law","Pr vo"
"Loyalty","Loajalita"
"Family","Rodina"
"Friendship","Pý telstv¡"
"Power","S¡la"
"Truth","Pravda"
"Cunning","Prohnanost"
"Eloquence","Vìmluvnost "
"Fairness","F‚rovost"
"Decorum","Sluçnost"
"Tradition","Tradice"
"Artwork","UmØleck‚ d¡lo"
"Cooperation","Spolupr ce"
"Independence","Nez vislost"
"Stoicism","Stoicismus"
"Introspection","Sebepozorov n¡"
"Self-Control","Sebekontrola"
"Tranquility","Klid"
"Harmony","Harmonie"
"Merriment","Vesel¡"
"Craftsmanship","üemesln  dovednost"
"Martial Prowess","Bojov  zdatnost"
"Skill","ZruŸnost"
"Hard Work","Tvrd  pr ce"
"Sacrifice","ObØœ"
"Competition","Soupeýen¡"
"Perseverance","Vytrvalost"
"Leisure Time","Volnì Ÿas"
"Commerce","Obchod"
"Romance","Romantika"
"Nature","Povaha"
"Peace","M¡r"
"Knowledge","VØdomosti"
"Preach on ","K zat "
"Listen to Sermon","Poslechni si K z n¡"
"Tell Story","üekni Pý¡bØh"
"Listen to Story","Naslouchej Pý¡bØhu"
"Listen to Poetry","Poslechni si Poezii"
"Play ","Hraj "
"Simulate ","Simuluj "
"Sing","Zp¡vej"
"Chant","PopØvuj"
"Recite Poetry","Recituj Pouzii"
"Perform Music","Zahraj Hudbu"
"Listen to Music","Naslouchej HudbØ"
"Perform Dance","PýedveÔ Tanec"
"Watch Dance","Pozoruj Tanec"
"Go to ","Jde "
" Demonstration"," Demonstrace"
"Lead ","VeÔ "
"Organize ","Zorganizuj "
"Watch ","Sleduj "
"Wait for ","¬ekej na "
"Serve Customer","Poslu§ Z kazn¡kovi"
"Serve ","Slu§ "
"Go to Individual Combat Drill","Jde na Osobn¡ Bojov‚ CviŸen¡"
"Individual Combat Drill","Osobn¡ Bojov‚ CviŸen¡"
"/Resting","/OdpoŸ¡v "
"Go to Sparring Match","Jde na Tr‚ninkovì Souboj"
"Spar","Box"
"Go to Sparring Practice","Jde na Tr‚ninkov‚ CviŸen¡"
"Watch Sparring Practice","Sledovat Boxerskì Tr‚ning"
"Archery Practice","Lukostýeleckì Tr‚ning"
"You cannot perform here.","Nem…§eç zde vystupovat."
"You could not find a partner.","Nem…§eç naj¡t partnera."
"There are not enough dancers.","Nen¡ tu dostatek taneŸnic."
"There is not enough room to perform here.","Nen¡ tu dost m¡sta pro proveden¡"
"You","Ty"
"Some children","NØjak‚ dØti"
"is","je"
"are","jsou"
"begins","zaŸ¡n "
"begin","zaŸal"
" playing make believe."," pýedst¡rat hran¡m"
" playing with "," hran¡ s "
"a toy","hraŸka"
" is well-traveled and would probably have that information."," je dobýe zcestovalì a pravdØpodobnØ by mØl m¡t informace."
"The performers","UmØlci"
"a sermon on ","k z n¡ o "
"the story of ","pý¡bØh o "
"reciting the poem ","recitov n¡ b snØ "
"an improvised recital of ","improvizovanì recit l "
"the musical composition ","hudebn¡ skladba "
"improvised music, ","improvizovan  hudba, "
"dancing ","tanŸen¡ "
"an improvised dance, ","improvizovanì tanec, "
" in the middle of "," bØhem "
"You continue the sermon.","PokraŸujeç v k z n¡."
"The sermon continues.","K z n¡ pokraŸuje."
"You continue the story.","PokraŸujeç v pý¡bØhu."
"The story continues.","A pý¡bØh pokraŸuje."
"You begin","ZaŸ¡n ç"
"The poetry enters","Poezije vstupuje"
"the ","ten "
" line."," ý dek."
"the verse paragraph","verçovanì odstavec"
" verse paragraph"," verçovanì odstavec"
"the stanza","m¡stnost"
" stanza"," m¡stnost"
"You continue the poem.","PokraŸujeç v b sni."
"The poem continues.","A b seå pokraŸuje."
"You enter ","Vstupujeç do "
"The dance enters a new section with ","TaneŸn¡k zaŸ¡n  novou Ÿ st s "
"The music enters ","Hudba vstupuje "
"a simple passage","jednoduch  pas §"
"the introduction","£vod"
"the exposition","expozice"
" of the theme"," z motivu"
" of the first theme"," z prvn¡ho motivu"
" of the second theme"," z druh‚ho motivu"
" of the previous passage"," z pýedchoz¡ pas §e"
"a recapitulation","rekapitulace"
"the synthesis","synt‚za"
" of the two themes"," ze dvou motiv…"
" of previous passages"," z pýedchoz¡ pas §e"
"a verse","verç"
"a chorus","sbor"
"the finale","fin le"
"the coda","coda"
"a bridge-passage","most"
"first ","prvn¡ "
"second ","druh‚ "
"theme","motiv"
"a series of variations","ýada variac¡"
" on the theme"," na t‚ma"
" on the first theme"," na prvn¡ motiv"
" on the second theme"," na druhì motiv"
" and "," a "
"You continue the dance.","PokraŸujeç v tanci."
"The dance continues.","Tanec pokraŸuje."
"You continue the music.","PokraŸujete v hudbØ."
"The music continues.","Hudba pokraŸuje."
"You conclude your performance.","Uzav¡r te sv…j vìkon."
"The performers are finished.","éŸinkuj¡c¡ jsou dokonŸeni."
"Some performers finish their act.","NØkteý¡ umØlci dokonŸuj¡ sv…j Ÿin."
" has finished performing."," ukonŸil sv‚ vystoupen¡."
" concludes a performance."," uzav¡r  vystoupen¡."
"You've learned ","NauŸil jsi se "
"overlords","vl dci"
"You feel like you know the basic rules of ","M ç pocit, §e zn ç z kladn¡ pravidla "
" now."," teÔ."
"town","mØsto"
"The dancers perform ","vystupuj¡c¡ taneŸn¡ci "
"Your","Tvoj¡"
"'s"," "
"I don't remember clearly.","pýesnØ si to nepamatuji"
" lay"," polo§it"
" forth an awe-inspiring sermon for the ages!"," kaz n¡ vzbudilo £ctu na vØky vØk…!"
" artfully deliver"," umnØ dod vat"
" a lucid and powerful sermon."," jasn‚ a siln‚ k z n¡."
" giving a creditable sermon."," k z n¡, kter‚ je hodno uzn n¡."
" just can't give a sermon very well."," jen neum¡ dobýe k zat."
" dance"," tanec"
" flawlessly, like someone out of a legend!"," bezchybnØ,jako nØjak  legenda!"
" dancing exceptionally."," tanŸ¡ vìjmeŸnØ"
" dancing well."," dobrì taneŸn¡k"
" get"," dostat"
" tangled up."," zamotan‚"
" and the "," a "
" are indistinguishable!"," jsou k nerozezn n¡!"
"instrument","n stroj"
" delivering a virtuoso performance on the "," pýedvedl obdivuhodnì vìkon na "
" is absolutely flawless."," je naprosto bezchybnì."
"chant","popØvuj"
"song","p¡seå"
" could nearly pass for the voice of the "," by mohl bìt t‚mØý pova§ov n za hlas "
" play"," hr t"
" the "," ta "
" with skill."," s dovednost¡."
"sing","zp¡vat"
" beautifully."," n dhernØ."
" sound"," zvuk"
" vaguely like the intended "," ne jak bylo zamìçleno "
" playing the "," hraje "
" well."," dobýe."
"chanting","popØvovat"
"singing","zp¡v "
" make"," udØlat"
" a mockery of the "," vìsmØch "
" with a shameworthy performance."," s ostudnìm vìkonem"
"doesn't","ne"
"don't","ne"
" seem to know how to play the "," zd  se, §e v¡, jak hr t "
" sloppily"," nedbalì"
" and even forget"," a dokonce zapomenout"
" some of the words."," nØkter  slova"
" bring"," pýin‚st"
" the poem to life with this flawless recitation."," b seå o§ila dokonalou recitac¡."
" choose"," vybrat"
" the perfect phrasing."," perfektn¡ vyjadýov n¡."
" recite"," recitovat"
" the words evocatively."," slova sugestivnØ."
" enunciate"," vyslovit"
" crisply."," kýehce."
" speak"," mluvit"
" mumble"," mumlat"
", having completely forgotten the words.",", proto§e £plnØ zapomnØl slova."
" poorly."," chabØ."
" weave"," tkan¡"
" a mesmerizing tale!"," fascinuj¡c¡ pý¡bØh!"
" tell"," ý¡ci"
" the story in vivid detail."," pý¡bØh v detailech jako §ivìch."
" telling the tale quite well."," docela dobýe vypr v¡ pý¡bØh."
" stumble"," klopìtnout"
" over the details."," nad detaily."
"an infamous villain","nechvalnØ zn mì padouch"
"It has no writing.","Nem  § dn‚ p¡smo."
"It has no pages.","Nem  § dn‚ str nky."
"The pages are blank.","Str nky jsou pr zdn‚."
"Alias: ","Pýezd¡vka: "
"Highest known in organization","Nejzn mØjç¡ v organizaci"
"Associated Organization: ","Pýidru§en  organizace: "
"Associated Plot: ","Souvisej¡c¡ pozemek: "
"We should have made it there by now.","U§ jsme tam mØli bìt."
"We should be making better progress.","MØli bychom dØlat lepç¡ pokrok."
"We are going the wrong way.","Jdeme çpatnìm smØrem."
"We haven't performed for some time.","U§ nØjakou dobu nem me provedeno."
"We have arrived at our destination.","Dorazili jsme do c¡le."
"The oppressor has been overthrown!","UtlaŸovatel byl svr§en!"
"We must not abandon ","Nesm¡me opustit "
"We must go back.","Mus¡me se vr tit."
"Empty announcement ","Pr zdn‚ ozn men¡ "
"The "," ten "
"spinning ","rotuj¡c¡ "
"flying ","l‚taj¡c¡ "
"It","To"
", but it is deflected by ",", ale je vychìlen o "
" by the "," podle "
" in the "," v "
" from behind"," zezadu"
" from the side"," ze strany"
" with "," s "
", but the attack is deflected by ",",ale £tok byl odbr cen d¡ky "
", lightly tapping the target!",", lehk‚ çkrtnut¡ o c¡l"
", but there is no force!",",ale nebyla v tom § dn  s¡la!"
", but it passes right through!",",ale proçlo to pý¡mo skrz!"
", but the attack passes right through!",",ale £tok proçel pý¡mo skrz!"
", but it glances away!",", ale kouk  jinam!"
", but the attack glances away!",", ale £tok smØýuje jinìm smØrem!"
" and the severed part sails off in an arc!"," a oddØlen  Ÿ st smØýuje obloukem jjinam!"
"the part","Ÿ st"
" is smashed into the body, an unrecognizable mass!"," je vra§en do tØla, §e z nØj z…stala neidentifikovateln  hmota!"
" splits in gore!"," promØnil se na krvavou kaçi!"
" collapses!"," zhroucen¡!"
"the injured part","zranØn  Ÿ st"
" is ripped into loose shreds!"," je roztrhanì na mal‚ kousky!"
" is torn apart!"," je roztrhanì!"
" and it is mostly cut away from the rest of the torso!"," a vØtçina tØla je odýez na od zbytk… trupu and it is mostly cut away from the rest of the torso!"
" is cloven asunder!"," je na dva kusy!"
" explodes into gore!"," explodoval na krvavou kaçi!"
" collapses into a lump of gore!"," zhroutil se do krvav‚ kaçe!"
" is crushed!"," je rozdrcenì!"
"The geldables have been torn away!","Kastr ti byly odra§eni!"
"tearing","trh n¡"
"tearing apart","trhat tØlo"
"shattering","roztý¡çtit"
"chipping","odçt¡pat"
"fracturing","l mat"
"denting","pomaŸkat"
"bruising","modýiny"
"'s "," "
" it"," je"
" apart"," oddØlenØ"
" and"," a"
" tearing apart"," roztrh n¡"
" shattering"," tý¡çtivì"
" tearing"," trh n¡"
" chipping"," odçt¡pat"
" fracturing"," l mat"
" denting"," pomaŸkat"
" bruising"," modýiny"
"main part","hlavn¡ Ÿ st"
" through a hole in the "," skrz d¡ru v "
"passing through a hole in the "," proch zej¡c¡ d¡rou v "
"jamming the"," tlaŸenice v"
" part"," Ÿ st"
"through the ","skrz "
"out of the wound","ven z r ny"
"breaking away","odtrhnout se"
" most of"," vØtçina z"
" half of"," polovina z"
" a piece of"," Ÿ st z"
" the rest of"," zbytek z"
" through the "," skrz "
" and spilling "," a rozlitì "
"your","vaçe"
"rancid","zatuchlì"
"decomposing","rozkl daj¡c¡ se"
"rotten","shnilì"
"fetid","p chnouc¡"
"foul","odpornì"
"reeking","p chnouc¡"
"filthy","çpinavì"
"stinking","smradlavì"
"It is a gelding strike!","Je to £der!"
"It is a gelding blow!","Je to r na!"
"a major artery","hlavn¡ tepna"
"an artery","tepna"
" has been opened by the attack"," byl otevýenì d¡ky £toku"
"many nerves","hodnØ nerv…"
"a motor nerve"," v¡ce nerv…"
"a sensory nerve"," smyslovì nerv"
"have","m¡t"
"has","m "
" been severed"," byl odý¡znut"
"a ligament"," vaz"
" has been "," byl "
"torn","roztr§enì"
"sprained","vymknutì"
"bruised","pohmo§dØnì"
"a tendon"," çlacha"
"strained"," napjatì"
" is ripped to shreds!"," je roztrhanì na kusy!"
" breaks!"," pýeruçenì!"
" attack is interrupted!"," £tok je pýeruçen!"
" have"," m¡t"
" has"," m "
" become enraged!"," rozzlobit se!"
" has lodged firmly in the wound!"," pevnØ uv¡zl v r nØ!"
" latch on firmly"," petlice na z voru"
" latches on firmly"," petlice na z vory"
" to "," na "
" latch on firmly!"," petlice na z voru!"
" latches on firmly!"," petlice na z vory!"
" are"," jsou"
" is"," je"
" propelled away by the force of the blow!"," odra§en silou £deru!"
" been knocked unconscious!"," upadl do bezvØdom¡!"
" been stunned again!"," byl znovu omr Ÿen!"
" been stunned!"," byl omr Ÿen!"
" having more trouble breathing!"," obt¡§nØji se mu dìch !"
" having trouble breathing!"," m  probl‚my s dìch n¡m!"
" feel"," c¡tit"
" looks"," hled "
" even more sick!"," jeçtØ nemocnØjç¡!"
" sick!"," nemocnì!"
" is injected into the "," je vstýikov n do "
" pours over the "," je oplachovnì "
" flows over the "," teŸe pýes "
" splatters over the "," nastý¡k n na "
" crumbles over the "," drolen na "
" is sucked out of the wound!"," je vys t z r ny!"
"I slept on the floor.","Spal jsem na podlaze."
" (Tame)","  (OchoŸenì)"
"with "," s "
" item"," polo§ka"
"Independent","Nez vislì"
"No team/side","V tìmu/Ve skupinØ"
"Side #","Skupina #"
"Create","Vytvoýit"
"Reset","Resetovat"
"Conditions","Podm¡nky"
"Equipment","Vybaven¡"
"Skills","Dovednosti"
"Creature","Stvoýen¡"
"Tame/mountable","OchoŸenì/krotkì"
"Not","Ne"
"Make sure your parameters and presets allow as many border mountain squares as you are requiring mountain caves.  ","UjistØte se, §e vaçe parametry a pýedvolby umo§åuj¡ stejnì poŸet hraniŸn¡ch horskìch pol¡, jako po§adovanìch horskìch jeskyn¡. "
" year"," rok"
"Set the weather, temperature, and time.","Nastavte poŸas¡, teplotu a Ÿas."
"No cumulus clouds","¦ dn‚ kupovit‚ mraky"
"Scattered cumulus","Roztrouçen  kupovit  oblaka"
"Many cumulus (rain)","Mnoho kupovitìch oblak… (d‚çœ)"
"Cumulonimbus (rain)","Cumulonimbus (d‚çœ)"
"No stratus","Bez stratusu-mhly"
"Stratus (rain)","Mlha (d‚çœ)"
"Nimbostratus (rain)","Deçœov  sloha (d‚çœ)"
"No fog","¦ dn  mlha"
"Thin mist","ü¡dk  mlha"
"Fog","Mlha"
"Thick fog","Hust  mlha"
"Dragonfire","DraŸ¡ oheå"
"Scorching","Spaluj¡c¡"
"Hot","Horko"
"Subterranean","Podzem¡"
"Below freezing","Pod bodem mrazu"
"Deathly cold","Smrt¡c¡ zima"
"Absolute zero","Absolutn¡ nula"
"Morning","R no"
"Late morning","Pozdn¡ odpoledne"
"Early afternoon","¬asn‚ odpoledne"
"Late afternoon","Pozdn¡ odpoledne"
"Early evening","PodveŸer"
"Evening","VeŸer"
"Night","Noc"
"Late night","Pozdn¡ noc"
"Early morning","¬asn‚ r no"
"item","polo§ka"
"is not the type to fall in love or even develop positive feelings","nen¡ to ten typ, kterì by se zamiloval nebo dokonce rozv¡jel pozitivn¡ vztahy"
"sometimes have reversed word orders","nØkdy maj¡ obr cen‚ poýad¡ slov"
" have returned."," se vr tili."
" and others have returned."," a ostatn¡ se vr tili."
" has returned."," se vr til."
" has brought back many tales from beyond "," vr til se ze zahraniŸ¡ se spoustou pý¡hod "
" has brought back a few rumors."," vr til se spØt s nØkolika povØstmi."
" has brought back a rumor from abroad."," pýiçel z cest z ciziny s nØkolika f mami."
" has arrived."," pýijel."
" is visiting."," navçt¡vil."
", the performance troupe, has arrived."," dorazil divadeln¡ soubor."
", a performance troupe, is visiting."," navçt¡vil n s divadeln¡ soubor."
"Spoils Report: ","Seznam zka§enìch vØc¡: "
" and others"," a dalç¡"
"Winter","Zima"
"Autumn","Podzim"
"Summer","L‚to"
"Spring","Jaro"
"The dead walk.  Hide while you still can!","¦iv¡ mrtvì. Schovej se dokud m…§eç!"
"A section of the cavern has collapsed!","¬ st jeskynØ se zý¡tila!"
"View stockpile","Zobrazit z sobu"
"Hungry","Hladovì"
"Thirsty","¦¡znivì"
"Workshops","D¡lny"
"Scholar","ækol k"
"No orders","¦ dn‚ pý¡kazy"
"stone... rock","k men... sk la"
"death","smrt"
"glass and burning wood","sklo a hoý¡c¡ dýevo"
"satisfied","spokojenì"
"bored","znudØnì"
"uneasy","nepý¡jemnì"
"Death","Smrt"
"WARNING:  If successful, your soldiers will join the","VAROVµNÖ: Pokud £spØj¡, vaçi voj ci se pýipoj¡ k"
"Stockpiles","SkladiçtØ"
"[Completed]","[DokonŸeno]"
"Bins, bags, and barrels","Koçe, taçky a sudy"
"[Viewed]","[Zobrazeno]"
"And remember: [C:2:0:1]Losing is fun![C:7:0:0]","A pamatuj: [C:2:0:1]Prohr t je z bava![C:7:0:0]"
"Stockpile wood","SkladiçtØ dýeva"
"Place carpenter's workshop","Um¡sti tesaýovu d¡lnu"
"Construct workshop","Postav d¡lnu"
"Click workshop","Klikni na d¡lnu"
"Use the [C:5:0:1]Build[C:7:0:0] menu to place it in a room underground, just like the [C:6:0:0]Workshop[C:7:0:0].  Dig a new room first if you like.  ","Pou§ijte nab¡dku [C: 5: 0: 1] Stavba [C: 7: 0: 0], abyste ji um¡stili do m¡stnosti pod zem¡, stejnØ jako [C: 6: 0: 0]D¡lna [C: 7: 0: 0]. Pokud chcete, vykopte novou m¡stnost. "
"An obvious material to use to make the crafts is rock. ","Zjevnìm materi lem k pou§it¡ ýemesel je sk la. "
"The underground rectangle must be near the surface, where there is soil (loam, clay, or sand.) One level down should suffice, before you hit rock. ","Podzemn¡ obd‚ln¡k mus¡ bìt pobl¡§ povrchu, kde je p…da (hl¡na, j¡l nebo p¡sek.) Jedna £roveå dol… by mØla staŸit, ne§ zas hnete sk lu. "
"[C:6:0:1]Potash[C:7:0:0] is the fertilizer of choice, and it can be created in the [C:6:0:0]Ashery[C:7:0:0], using [C:6:0:1]Ash[C:7:0:0] from [C:6:0:1]Wood[C:7:0:0] burned in a [C:6:0:0]Wood Furnace[C:7:0:0].  A [C:3:0:0]Water Source[C:7:0:0] zone and a [C:6:0:1]Bucket[C:7:0:0] are also required. ","[C:6:0:1]Hnojivo[C:7:0:0] je hnojivo podle vìbØru, a m…§e bìt vytvoýen v [C:6:0:0]Ashery[C:7:0:0], pou§it¡m [C:6:0:1]Popel[C:7:0:0] ze [C:6:0:1]Dýevo[C:7:0:0] sp len¡m v [C:6:0:0]DýevØn  Pec[C:7:0:0].  Z¢na [C:3:0:0]Vodn¡ Zdroj[C:7:0:0] a [C:6:0:1]Kbel¡k[C:7:0:0] jsou tak‚ vy§adov ny. "
"Only one condition needs to be satisfied for the [C:6:0:1]Minecart[C:7:0:0] to move to the next [C:6:0:0]Track Stop[C:7:0:0].","Pro [C:6:0:1]D…ln¡ voz¡k[C:7:0:0] mus¡ bìt splnØna pouze jedna podm¡nka, aby se pýesunul na dalç¡ [C:6:0:0]Zast vku[C:7:0:0]."
"Some injuries require [C:6:0:1]Splints[C:7:0:0], or [C:6:0:1]Gypsum Plaster Powder[C:7:0:0] for [C:6:0:1]Orthopedic Casts[C:7:0:0].  [C:6:0:1]Soap[C:7:0:0] is necessary to prevent infection. ","NØkter  zranØn¡ vy§aduj¡ [C:6:0:1]Dlahy[C:7:0:0], nebo [C:6:0:1]S drovì Prach[C:7:0:0] pro [C:6:0:1]Ortopedick‚ Obsazen¡[C:7:0:0].  [C:6:0:1]Mìdlo[C:7:0:0] je nezbytn‚ k zabr nØn¡ infekce. "
"The thirst for knowledge some residents have can be satisfied at the [C:1:0:1]Library[C:7:0:0]. ","¦¡zeå po znalostech nØkterìch obyvatel m…§e bìt uspokojena v [C:1:0:1]Knihovna[C:7:0:0]. "
"Warning!","Varov n¡!"
"stone","k men"
"soap","mìdlo"
"slayer","vrah jinak"
"Avarice","Lakota"
"Click Publish to upload a mod to Steam Workshop.","Kliknut¡m na Publikovat nahrajete mod do Steam Workshop."
"Creature variations...","Variace stvoýen¡..."
"Finalizing creature variations...","Finalizace variac¡ stvoýen¡..."
"lord","p n"
"You have discovered a downward passage.","Objevil jsi svazujici se chodbu."
"You have discovered a cave entrance.","Objevil jsi vchod do jeskynØ."
" has engraved a masterpiece!"," vyryl mistrovske dilo!"
"Soap","Mìdlo"
"Potash","Hnojivo"
"Stone","K men"
"Body parts","¬ sti tØla"
"Blocks: stone/clay","Bloky: k men/j¡l"
"Other stone","Jinì k men"
"Cut stone","üezanì k men"
"Stone/clay","K men/j¡l"
"Body","TØlo"
"Head","Hlava"
"Hands","Ruce"
"My stones, are you giving me those?  Do you ","Moje kameny, d v ç mi je? M ç "
"Satisfied for next check","Spokojen na dalç¡ kontrolu"
"Not satisfied for next check","Nespokojen na dalç¡ kontrolu"
"You do not have any workshops.","Nem ç § dn‚ d¡lny."
"Library","Knihovna"
"skilled","zkuçenì"
"Select a stockpile to","Vyberte skladiçtØ na"
"Select a stockpile or","Vyberte skladiçtØ nebo"
"All visitors welcome","Vçichni n vçtØvn¡ci v¡t ni"
"Citizens and long-term residents only","Pouze obŸan‚ a osoby s dlouhodobìm pobytem"
"Citizens only","Pouze obŸan‚"
"Soap (Desired): ","Mìdlo (Po§adovan‚) "
"Tables: ","Stol…: "
"Chairs: ","¦idl¡: "
"Tavern Keeper","Hospodskì"
"Monster Slayer","Zabij k Pý¡çer"
"New library","Nov  knihovna"
"Stoneworker","Kamen¡k"
"Cabinet","Ský¡å"
"Millstone","Mlìnskì K men"
"Stone-fall","Spadlì k men"
"Warning: stockpile has no type.","VAROVµNÖ: skladiçtØ nem  § dnì typ."
"Carve a track in a stone floor.  Tracks are used by minecarts with routes set in the hauling menu.","Vytesat koleje v kamenn‚ podlaze. Koleje pou§¡vaj¡ d…ln¡ voz¡ky s trasami nastavenìmi v pýepravn¡ nab¡dce."
"Set how many barrerls, bins, and wheelbarrows this stockpile can use.","Nastavte, kolik sud…, koç… a koleŸek m…§e tato z soba pou§¡t."
"Add a stop to this route.  Minecarts will move between stops when conditions are satisfied.","Pýidejte zastaven¡ t‚to trasy. D…ln¡ voz¡ky se pýesunou mezi zast vkami, kdy§ jsou splnØny podm¡nky."
"Used to make lye, potash, and milk of lime.  Construction requires blocks, barrel, and a bucket.","Pou§¡v  se k vìrobØ louhu, hnojiva a v penn‚ vody. Stavba vy§aduje bloky, sud a kbel¡k."
"Make beds and various furniture here, as well as bins, barrels, and more.","Vytvoýte postele a r…znì n bytek, stejnØ jako koçe, sudy a dalç¡."
"Make stone furniture here, as well as blocks which are used in constructions.","Vytvoýte zde kamennì n bytek a tak‚ bloky, kter‚ se pou§¡vaj¡ ve stavebnictv¡."
"Use dyes here to color thread and cloth.  Requires a barrel and bucket for construction.","Pou§ijte zde barvivo k bareven¡ vl kna a l tky. Vy§aduje sud a kbel¡k pro vìstavbu."
"Make sugar, flour, and various useful slurries here.  Tasks are completed very slowly compared to the powered millstone.","Vytvoýte zde cukr, mouku a r…zn‚ u§iteŸn‚ býeŸky. ékoly jsou splnØny velmi pomalu ve srovn n¡ s poh nØnìm mlìnem."
"Plant crops at the farmplot.  You will need seeds or spawn and must select crops by season.  Crops can be fertilized with potash.  Soil is richer deeper underground.","PØstov n¡ plodin na farmØ. Budete potýebovat semena nebo podhoub¡ a mus¡te vyb¡rat plodiny podle sez¢ny. Plodiny lze hnojit hnojivem. P…da je bohatç¡ hloubØji pod zem¡."
"Citizens that cannot be buried properly can still be memorialized on slabs.  Slabs are created and engraved at the stoneworker's shop.","ObŸan‚, kteý¡ nelze spr vnØ pohýbeni, mohou bìt st le pamatovan¡ na desk ch. Desky jsou vytv ýeny a vyryty v kamen¡kovØ obchodØ."
"Place the water wheel above flowing water to generate power for machines, such as the millstone or screw pump.","Um¡stØte vodn¡ kolo nad tekouc¡ vodou a vytvoýte nap jen¡ stroj…, jako je mlìn nebo çroubov‚ Ÿerpadlo."
"Place the windmill aboveground to generate power for machines, such as the millstone or screw pump.  Not all areas have strong winds.","Um¡stØte vØtrnì mlìn nad zem¡ a vytvoýte nap jen¡ stroj…, jako je mlìn nebo çroubov‚ Ÿerpadlo. Ne vçechny oblasti maj¡ silnì v¡tr."
"Stone-fall traps drop a stone on intruders.  Must be loaded with boulders.","Pasti ze spadl‚ho kamene upouçt¡ k men na vetýelce. Mus¡ bìt nalo§eno balvany."
" - make at a workshop first"," - nejdý¡v udØlej d¡lnu"
" - mine rock or chop trees"," - tØ§it sk lu nebo k cet stromy"
" - mine rock underground"," - tØ§it sk lu podzem¡"
"[C:VAR:MEETING:ACTOR][VAR:NATIVENAME:MEETING:ACTOR]: There is much to share...  (Information added to Civilizations/World Info)","[C:VAR:MEETING:ACTOR][VAR:NATIVENAME:MEETING:ACTOR]: Je toho hodnØ ke sd¡len¡ ... (Informace pýid ny k Civilizac¡m/SvØtovìm Informac¡m)"
"[C:VAR:MEETING:ACTOR][VAR:NATIVENAME:MEETING:ACTOR]: The world is the same as ever.","[C:VAR:MEETING:ACTOR][VAR:NATIVENAME:MEETING:ACTOR]: SvØt je stejnì jako v§dy."
"[C:VAR:MEETING:ACTOR][VAR:NATIVENAME:MEETING:ACTOR]: I don't know very much about the outside world.  I wish I had more to tell you.","[C:VAR:MEETING:ACTOR][VAR:NATIVENAME:MEETING:ACTOR]: O vnØjç¡m svØtØ moc nev¡m. Pý l bych si, abych ti toho ýekl v¡c."
"[C:VAR:MEETING:ACTOR][VAR:NATIVENAME:MEETING:ACTOR]: Peace is calling out to us.  How do you respond?","[C:VAR:MEETING:ACTOR][VAR:NATIVENAME:MEETING:ACTOR]: M¡r na n s vol . Jak reagujete?"
"[C:VAR:MEETING:ACTOR][VAR:NATIVENAME:MEETING:ACTOR]: It's such a pleasant place you've carved out for yourselves...","[C:VAR:MEETING:ACTOR][VAR:NATIVENAME:MEETING:ACTOR]: Je to tak pý¡jemn‚ m¡sto, kter‚ jste si vytesali pro sebe ..."
"[C:VAR:MEETING:ACTOR][VAR:NATIVENAME:MEETING:ACTOR]: Let's discuss the state of our current agreements...","[C:VAR:MEETING:ACTOR][VAR:NATIVENAME:MEETING:ACTOR]: PojÔme diskutovat o stavu naçich souŸasnìch dohod ..."
"[C:VAR:MEETING:ACTOR][VAR:NATIVENAME:MEETING:ACTOR]: Let's discuss what we are willing to offer for your ","[C:VAR:MEETING:ACTOR][VAR:NATIVENAME:MEETING:ACTOR]: PojÔme diskutovat o tom, co jsme ochotni nab¡dnout pro vaçe "
" [C:VAR:MEETING:ACTOR]is expected, and if you are able to provide some, the caravan will offer "," [C:VAR:MEETING:ACTOR]se oŸek v , a pokud jste schopni nØkter‚ poskytnout, karavan nab¡dne "
"[C:VAR:MEETING:ACTOR][VAR:NATIVENAME:MEETING:ACTOR]: Well then, we have finalized the import agreement.  Feel free to go over the documents.[B]","[C:VAR:MEETING:ACTOR][VAR:NATIVENAME:MEETING:ACTOR]: No, pak jsme dokonŸili dohodu o dovozu. Nev hejte proj¡t dokumenty.[B]"
"[C:VAR:MEETING:ACTOR][VAR:NATIVENAME:MEETING:ACTOR]: Remember, trade agreements strengthen bonds.  Please consider an import agreement next year.","[C:VAR:MEETING:ACTOR][VAR:NATIVENAME:MEETING:ACTOR]: Pamatujte, §e obchodn¡ dohody posiluj¡ dluhopisy. Zva§te pros¡m dohodu o dovozu pý¡çt¡ rok."
"[C:VAR:MEETING:ACTOR][VAR:NATIVENAME:MEETING:ACTOR]: We can part with at most ","[C:VAR:MEETING:ACTOR][VAR:NATIVENAME:MEETING:ACTOR]: M…§eme se rozlouŸit s nejvìçe "
"cabinet","ský¡å"
"Automated workshops","Automatizovan‚ d¡lny"
"Mix similar foods in barrels","Sm¡chejte podobn‚ potraviny v sudech"
"Do not mix similar food in barrels","Nem¡chejte podobn‚ j¡dlo v sudech"
"Economic stone","Ekonomickì k men"
"Stone type","Typ kamene"
"You know of no appropriate stones.","Nezn te § dn‚ vhodn‚ kameny."
"Stone use","Pou§it¡ kamene"
"Murder.","Vrah."
"Theft.","Kr de§."
"[C:4:0:1].Major artery torn","[C:4:0:1].Hlavn¡ tepna roztr§en "
"[C:4:0:1].Artery torn","[C:4:0:1].Tepna roztr§en "
"[C:4:0:1].Heavy bleeding","[C:4:0:1].TØ§k‚ krv cen¡"
"[C:4:0:1].Bleeding","[C:4:0:1].Krv cen¡"
"[C:6:0:0]In traction","[C:6:0:0]V trakci"
"[C:4:0:1]Heavy bleeding","[C:4:0:1]TØ§k‚ krv cen¡"
"[C:4:0:1]Bleeding","[C:4:0:1]Krv cej¡c¡"
"[C:5:0:1]Severe blood loss","[C:5:0:1]TØ§k  ztr ta krve"
"[C:5:0:1]Pale","[C:5:0:1]Bledì"
"[C:5:0:1]Moderate blood loss","[C:5:0:1]M¡rn  ztr ta krve"
"[C:5:0:1]Faint","[C:5:0:1]Chabì"
"[C:3:0:1]Paralyzed","[C:3:0:1]Paralyzov n"
"[C:3:0:1]Partially paralyzed","[C:3:0:1]¬ steŸnØ ochrnutì"
"[C:3:0:1]Sluggish","[C:3:0:1]Loudavì"
"[C:3:0:1]Completely numb","[C:3:0:1]éplnØ otupØlì"
"[C:3:0:1]Partially numb","[C:3:0:1]¬ steŸnØ otupØlì"
"[C:3:0:1]Slightly numb","[C:3:0:1]M¡rnØ otupØl‚"
"[C:4:0:1]Serious fever","[C:4:0:1]V §n  horeŸka"
"[C:4:0:1]Moderate fever","[C:4:0:1]M¡rn  horeŸka"
"[C:4:0:1]Slight fever","[C:4:0:1]M¡rn  horeŸka"
"[C:6:0:1]Extreme pain","[C:6:0:1]Extr‚mn¡ bolest"
"[C:6:0:1]Moderate pain","[C:6:0:1]M¡rn  bolest"
"[C:6:0:1]Slight pain","[C:6:0:1]M¡rn  bolest"
"[C:6:0:1]Exhausted","[C:6:0:1]VyŸerpanì"
"[C:6:0:1]Over-exerted","[C:6:0:1]Pýepracovanì"
"[C:6:0:1]Tired","[C:6:0:1]Unavenì"
"[C:3:0:1]Stunned","[C:3:0:1]Omr Ÿenì"
"[C:3:0:1]Dizzy","[C:3:0:1]Maj¡c¡ z vraœ"
"[C:1:0:1]Drowning","[C:1:0:1]Top¡c¡ se"
"[C:2:0:1]Nauseous","[C:2:0:1]Nevolno"
"[C:4:0:1]Very drowsy","[C:4:0:1]Velmi ospalì"
"[C:1:0:1]Drowsy","[C:1:0:1]Ospalì"
"[C:5:0:1]Dehydrated","[C:5:0:1]Dehydratovanì"
"[C:1:0:1]Thirsty","[C:1:0:1]¦¡znivì"
"[C:4:0:1]Starving","[C:4:0:1]Hladovì"
"[C:4:0:1]Slumberous","[C:4:0:1]Ospalì"
"[C:6:0:1]Drowsy","[C:6:0:1]Ospalì"
"[C:1:0:0]Drowsy","[C:1:0:0]Ospalì"
"[C:4:0:1]Thirsty!","[C:4:0:1]¦¡znivì!"
"[C:4:0:0]Thirsty","[C:4:0:0]¦¡znivì"
"[C:5:0:1]Thirsty","[C:5:0:1]¦¡znivì"
"[C:6:0:1]Thirsty","[C:6:0:1]¦¡znivì"
"[C:4:0:1]Very hungry","[C:4:0:1]Velmi hladovì"
"[C:6:0:1]Hungry","[C:6:0:1]Hladovì"
"[C:6:0:0]Hungry","[C:6:0:0]Hladovì"
"[C:4:0:1]Cannot breathe","[C:4:0:1]Nelze dìchat"
"very focused with satisfied needs","velmi soustýedØnì se spokojenìmi potýebami"
"quite focused with satisfied needs","docela soustýedØnì se spokojenìmi potýebami"
"somewhat focused with satisfied needs","ponØkud soustýedØnì se spokojenìmi potýebami"
"died of thirst.","zemýel na §¡zeå."
"a stone furniture shop","obchod s kamennìm n bytkem"
"You sound like a troublemaker.","Zn¡ç jako probl‚movì."
" go to "," Jde "
"Digging designation cancelled: warm stone located.","OznaŸen‚ kop n¡ zruçeno: obsahuje teplì k men."
"Digging designation cancelled: damp stone located.","OznaŸen‚ kop n¡ zruçeno: obsahuje vlhkì k men."
"Carpenter's Workshop","Tesaýova D¡lna"
"Farmer's Workshop","Farm ýova D¡lna"
"Workshop","D¡lna"
"Stone-Fall Trap","Past ze Spadl‚ho Kamene"
"Custom Workshop","Vlastn¡ D¡lna"
" Cabinet"," Ský¡å"
"Stone ","K men "
"Secret Library","Tajn  Knihovna"
"Stoneworking Pit","Kamenick  J ma"
"Stoneworking Workshop","Kamenick  D¡lna"
"head","hlava"
"heads","hlavy"
"master","mistr"
"entity","subjekt"
"a modest bard","skromnì bard"
"I'm not much of a decision maker.","Nejsem moc tv…rce rozhodnut¡."
"I feel so uneasy!","C¡t¡m se tak nepý¡jemnì!"
"I am very satisfied.","Jsem velmi spokojen."
"I feel very uneasy.","C¡t¡m se velmi nepý¡jemnì."
"I'm uneasy.","Jsem nepý¡jemnì."
"I'm not uneasy.","Nejsem nepý¡jemnì."
"died of thirst","zemýel na §¡zeå"
"was crushed by a rock","byl rozdrcen sk lou"
"I'm thirsty.","M m §¡zeå."
"I'm hungry.","M m hlad."
"I don't have enough cabinets.","Nem m dost ský¡n¡."
"I had a bath with soap!","MØl jsem koupel s mìdlem!"
"I slept on rocks.","Spal jsem na skal ch."
"I would give anything to be away from here.  I can't stand the boredom!","Dal bych cokoli, abych byl pryŸ odtud. Nemohu vydr§et nudu!"
" Shearable Tissue "," Stý¡hac¡ Tk å "
" head"," hlava"
"Stone Blocks","Kamenn‚ Bloky"
"Barrels","Sudy"
"Grab Shear Unit","Chytit Stý¡hac¡ Jednotku"
"Go to Shear Station","Jde do Stý¡hac¡ Stanice"
"Go to Cage","Jde do Klece"
"just","pouze"
"stonefly","letaj¡c¡ k men"
"Limestone","V penec"
"Sandstone","P¡skovec"
"Moonstone","MØs¡Ÿn¡ K men"
"Stone Carving","Tes n¡ Kamene"
"Stonecutting","üez n¡ Kamene"
"Soap Making","Vyr bØn¡ Mìdla"
"Potash Making","Vyr bØn¡ Hnojiva"
"Lye Making","Vyr bØn¡ Louhu"
"Stone Crafting","Kamenn‚ Vyr bØn¡"
"Singing","Zp¡v "
"Shearing","Stý¡h n¡"
"Stone Carver","Tesaý Kamene"
"Stonecutter","üezaŸ Kamene"
"Soaper","Mìdlaý"
"Potash Maker","Vìrobce Hnojiva"
"Lye Maker","Vìrobce Louhu"
"Papermaker","Vìrobce Pap¡ru"
"Stone Crafter","Vyr bØŸ Kamene"
"Glassmaker","Vìrobce Skla"
"Cheesemaker","Vìrobce Sìru"
"Shearer","Stý¡haŸ"
"killer","zabij k"
"murderer","vrah"
"processable (to barrel) ","zpracovateln‚ (do sudu) "
" get hungry. "," dostat hlad. "
"[Requires fuel]","[Vy§aduje palivo]"
"[Requires ore]","[Vy§aduje rudu]"
"[Requires ore, fuel]","[Vy§aduje rudu, palivo]"
"[Requires ","[Vy§aduje "
"Stone shape not found: ","Tvar kamene nebyl nalezen: "
" millstone"," mlìnskì k men"
"head ","hlava "
"Sleep","Sp nek"
"The image ","Obraz "
"lye-bearing ","zp…sob louhov n¡ "
"soap ","mìdlo "
"lye/milk-free ","louh/bez ml‚ka "
"stone ","k men "
"calcite/limestone/chalk/marble ","kalcit/v penec/ký¡da/mramor "
"We checked that stone for heat!  What devilry is this?!","Zkontrolovali jsme ten k men na teplo! Co je to Ô bel?!"
"[C:VAR:MEETING:ACTOR][VAR:NATIVENAME:MEETING:ACTOR]:  Although we do not always see eye to eye (ha!), I bid you farewell.  May you someday embrace nature as you embrace the rocks and mud.","[C:VAR:MEETING:ACTOR][VAR:NATIVENAME:MEETING:ACTOR]:  I kdy§ ne v§dy vid¡me z oŸ¡ do oŸ¡ (ha!), Nab¡dnu v m rozlouŸen¡. K‚§ jednou pýijmete pý¡rodu, jako pýijmete sk ly a bl to."
"[C:VAR:MEETING:ACTOR][VAR:NATIVENAME:MEETING:ACTOR]:  Greetings from the woodlands.  We have much to discuss.","[C:VAR:MEETING:ACTOR][VAR:NATIVENAME:MEETING:ACTOR]:  Pozdravy z les…. M me toho hodnØ k diskuzi."
"[C:VAR:MEETING:ACTOR][VAR:NATIVENAME:MEETING:ACTOR]:  Greetings, noble dwarf.  There is much to discuss.","[C:VAR:MEETING:ACTOR][VAR:NATIVENAME:MEETING:ACTOR]:  Zdrav¡m, uçlechtilì trpasl¡k. Je toho hodnØ co diskutovat."
"[C:VAR:MEETING:ACTOR][VAR:NATIVENAME:MEETING:ACTOR]:  Again on behalf of the Merchants' Guild, let me bid farewell to you and your stout dwarves.","[C:VAR:MEETING:ACTOR][VAR:NATIVENAME:MEETING:ACTOR]:  Znovu jm‚nem cechu obchodn¡k…, dovolte mi rozlouŸit se s v mi a vaçimi tvrdìmi trpasl¡ky."
"rock","sk la"
"stones","kameny"
"barrel","sud"
"millstone","mlìnskì k men"
"stone furniture shop sign","cedulka obchodu s kamennìm n bytkem"
"soap body part","Ÿ st tØla mìdla"
"Modest Dining Room","Skromn  J¡delna"
"Modest Quarters","Skromn  ¬tvrœ"
"Stone Hauling","Kamenn  Pýeprava"
"Stone Engraving","Kamenn  Rytina"
"Stonecrafting","Kamenovìroba"
"Stoneworking","Kamenictv¡"
"thirsty","§¡znivì"
"hungry","hladovì"
"cleaned self with soap","samoŸiçtØno s mìdlem"
"slept on rough stone","spal na drsn‚m kameni"
"slept on rocks","spal na skal ch"
"slept on dirt","spal ve çp¡nØ"
"slept on driftwood","spal na naplaven‚m dý¡v¡"
"gave birth","porodila"
"received water","obdr§el vodu"
"gave water","dal vodu"
"received food","obdr§el j¡dlo"
"was killed by falling rocks","byl zabit padaj¡c¡ sk lu"
" by falling rocks"," padaj¡c¡ sk lou"
"Some","NØjakì"
"thirst","§¡zeå"
"[NAME:great axe:great axes]","[NAME:velk  sekera:velk‚ sekery]"
"[NAME:battle axe:battle axes]","[NAME:bojov  sekera:bojov‚ sekery]"
" Barrel"," Sud"
"Died of thirst","Zemýel na §¡zeå"
"Killed by falling rocks","Zabito padaj¡c¡ sk lou"
"a day's travel","den cesty"
"crystal glass gems","rahokamy z kýiçœ lov‚ho skla"
"Shear ","Stý¡hat "
"Process plants (barrel)","Procesn¡ rostliny (sud)"
"Make lye","Vyrob louh"
"Make potash from lye","Vyrob hnojivo z louhu"
"Make potash from ash","Vyrob hnojivo z popela"
"Polish stones","LeçtØn¡ kamen¡"
"polished stones","leçtØn‚ kameny"
" barrel"," sud"
"Store item in barrel","Ulo§it pýedmØt do sudu"
"Load stone trap","Naplnit kamenou past"
"potash","hnojivo"
"potash slush","býeŸka hnojiva"
"pressed potash","lisovan‚ hnojivo"
"frozen lye","mra§enì louh"
"frozen lye powder","mra§enì louhovì prach"
"lye slush","býeŸka louhu"
"lye","louh"
"boiling lye","vaý¡c¡ louh"
" dismounts"," sesednout"
"You must have at least as many of these highest volcanism points as you are requiring volcanos.  ","Mus¡te m¡t alespoå tolik vulkanickìch bod…, kolik vy§adujete sopek. "
"LACK OF VOLCANOS","NEDOSTATEK SOPEK"
"Rocky Wasteland","Skalnat  Pustina"
"Volcano: ","Sopka: "
"is disgusted by merrymakers","je znechucen veselìmi"
"finds a chaotic mess preferable to the boredom of harmonious living","shled v  chaotickì nepoý dek, kterì je lepç¡ ne§ nuda harmonick‚ho §ivota"
"would be deeply satisfied if everyone could live as one in complete harmony","byl by hluboce spokojen, kdyby ka§dì mohl §¡t jako jeden v £pln‚ harmonii"
"is bored by reality and would rather disappear utterly and forever into a world of made-up fantasy","se nud¡ realitou a radØji by zmizel naprosto a nav§dy do svØta vytvoýen‚ fantazie"
"a soapy bath","mìdlov  koupel"
"sleeping on rocks","sp¡c¡ na skal ch"
" has been satisfied."," byl spokojen."
" is satisfied with their position here. "," je zde spokojen s jejich pozic¡. "
"Semi-molten Rock","Polotekut  Sk la"
"singing metal","zp¡vaj¡c¡ kov"
":body:bodies",":tØlo:tØla"
" heads"," hlavy"
" heads are"," hlavy jsou"
" head is"," hlava je"
":heads:heads",":hlavy:hlavy"
":head:heads",":hlava:hlavy"
"it appears to be covered with rocky crags","zd  se, §e je pokryt skalnatìmi £tesy"
"it rocks back and forth whenever somebody changes their mind in its presence","houpe se tam a zpØt, kdykoli nØkdo zmØn¡ n zor v jeho pý¡tomnosti"
"hand","ruka"
"hands","ruce"
"champion","mistr"
"Fighters","Bojovn¡ci"
"fighter","bojovn¡k"
"Guardian","Sr §ce"
"Guardians","Str §ci"
"guardian","opatrovn¡k"
"Spirit","Duch"
"Spirits","Duchov‚"
"Messenger","Posel"
"Messengers","Poslov‚"
"messenger","kurìr"
"Slayers","Pýemo§itel‚"
"Enforcer","VymahaŸ"
"Enforcers","VymahaŸi"
"Doom","Osud"
"bane","proklet¡"
"Ruination","Zý¡cen¡"
"[IS_NAME:the secrets of life and death]","[IS_NAME:tajemstv¡ §ivota a smrti]"
"[NAME:coat:coats]","[NAME:kab t:kab ty]"
"[NAME:shirt:shirts]","[NAME:koçile:koçile]"
"[NAME:tunic:tunics]","[NAME:tunika:tuniky]"
"[NAME:cape:capes]","[NAME:kapuce:kapuce]"
"[NAME:vest:vests]","[NAME:vesta:vesty]"
"[NAME:dress:dresses]","[NAME:çaty:çaty]"
"[NAME:robe:robes]","[NAME:roucho:roucha]"
"[NAME:cap:caps]","[NAME:Ÿepice:Ÿepice]"
"[NAME:helm:helms]","[NAME:helma:helmy]"
"[NAME:hood:hoods]","[NAME:kapuce:kapuce]"
"[NAME:turban:turbans]","[NAME:turban:turbany]"
"[NAME:mask:masks]","[NAME:maska:masky]"
"[NAME:head veil:head veils]","[NAME:z voj na hlavu:z voje na hlavu]"
"[NAME:face veil:face veils]","[NAME:obliŸejovì z voj:obliŸejov‚ z voje]"
"[NAME:headscarf:headscarves]","[NAME:ç tek na hlavu:ç tky na hlavu]"
"[NAME:gauntlet:gauntlets]","[NAME:rukavice:rukavice]"
"[NAME:mitten:mittens]","[NAME:palŸ ky:palŸ ky]"
"[NAME:glove:gloves]","[NAME:rukavice:rukavice]"
"[NAME:low boot:low boots]","[NAME:n¡zk  bota:n¡zk‚ boty]"
"[NAME:high boot:high boots]","[NAME:vysok  bota:vysok‚ boty]"
"[NAME:sock:socks]","[NAME:pono§ka:pono§ky]"
"[NAME:sandal:sandals]","[NAME:sand l:sand ly]"
"[NAME:shoe:shoes]","[NAME:stýev¡c:stýev¡ce]"
"[ATTACK:BLUNT:1:10:lash:lashes:NO_SUB:5000]","[ATTACK:BLUNT:1:10:biŸ:biŸe:NO_SUB:5000]"
"[NAME:arrow:arrows]","[NAME:ç¡p:ç¡py]"
"[NAME:blowdart:blowdarts]","[NAME:foukac¡ çipka:foukac¡ çipky]"
"[NAME:halberd:halberds]","[NAME:halapartna:halapartny]"
"[NAME:maul:mauls]","[NAME:kyj:kyje]"
"[NAME:war hammer:war hammers]","[NAME:v leŸn‚ kladivo:v leŸn‚ kladiva]"
"[NAME:bolt:bolts]","[NAME:çipka:çipky]"
"Nobody","Nikdo"
"Loss","Ztr ta"
"Ruin","Rujna"
"the Rocks","Sk ly"
"Not enough volcanos","Nedostatek sopek"
"Stone Furniture","Kamennì N bytek"
"Hunters","Lovci"
" is bored"," je nudnì"
" gets bored, "," se nud¡, "
" gets bored"," se nud¡"
" starts getting bored"," se zaŸne nudit"
"sound","zvuk"
"papermaker","vìrobce pap¡ru"
"glassmaker","vìrobce skla"
"cheesemaker","vìrobce sìru"
"shearer","Stý¡haŸ"
"soap maker","vìrobce mìdla"
"potash maker","vìrobce hnojiva"
"lye maker","vìrobce louhu"
"Soap Maker","Vìrobce Mìdla"
" retch"," zvracet"
" retches"," d vit"
"The vomit splatters into the shallow puddle of water.","Zvratky se rozstý¡kli do mØlk‚ kalu§e vody."
" no longer stunned."," nen¡ d le omr Ÿenì"
" out from exhaustion."," z vyŸerp n¡"
" collapse and fall"," zkolaboval a spadnul"
" collapses and falls"," zkolaboval a spadnul"
" give"," d t"
" gives"," d v "
" forgotten "," zapomenutì "
" training!"," tr‚nink!"
" the name "," jm‚no "
"rarely sick","vyj¡meŸnØ nemocnì"
"a sharp intellect","bystrì rozum"
"a good intellect","dobrì rozum"
"a lousy intellect","chabì rozm"
"very bad analytical abilities","velmi çpatn‚ analytick‚ schopnosti"
"poor analytical abilities","chab‚ analytick‚ schopnosti"
"unbreakable focus","nezlomn‚ soustýedØn¡"
"a great ability to focus","vysoka schopnost soustýedØn¡"
"been killed by falling rocks.","byl zabit padaj¡c¡ sk lou."
"been found dead.","byl nalezen mrtv¡."
"been found, starved to death.","byl nalezen, zemýel hladem."
"been found dead, dehydrated.","byl nalezen mrtvì, dehydratovanì."
"been found dead, drowned.","byl nalezen mrtvì, utopenì."
"been found dead, badly burned.","byl nalezen mrtvì, oçklivØ pop lenì."
"been found dead, frozen.","byl nalezen mrtv¡, umrzl."
"been found dead, badly crushed.","byl nalezen mrtvì, oçklivØ rozdrcen."
"Duplicate Object: ","Duplikovat Objekt: "
"inorganic","anorganick‚"
"translation","pýeklad"
"color","barva"
"shape","tvar"
"interaction","interakce"
"failed vermin colony deletion","ne£spØçn‚ odstranØn¡ kolonie çk…dc…"
"Generating world using parameter set ","Generov n¡ svØta pomoc¡ sady parametr… "
" Seed: "," Zdroj: "
" History Seed: "," Zdroj historie: "
" Name Seed: "," Zdroj jmen: "
" Creature Seed: "," Zdroj tvor…: "
"It is raining ","Prç¡ "
"It is snowing ","Pad  sn¡h. "
"A cloud of ","Oblak "
" has drifted nearby!"," prohnal se nedaleko!"
"Winter is upon you.","Pýiçla zima."
"Winter has arrived on the calendar.","Pýiçla kalend ýn¡ zima"
"The dry season has come.","Pýiçlo obdob¡ sucha."
"Autumn has come.","Pýiçel podzim."
"Autumn has arrived on the calendar.","Pýiçel kalend ýn¡ podzim"
"It is now summer.","Nyn¡ je l‚to."
"Summer has arrived on the calendar.","ZaŸalo kalend ýå¡ l‚to."
"The wet season has arrived!","Pýiçlo obdob¡ deçœ…."
"Spring has arrived!","Pýiçlo jaro!"
" improved "," vylepçeno "
" masterfully!"," mistrovsky!"
"This artwork is a","Toto umØleck‚ d¡lo je"
"This engraving appears on a wall ","Tato rytina se objevuje na zdi "
"This engraving appears on a floor ","Tato rytina se objevuje na podlaze "
" somewhere"," nØkde"
"This artwork appears ","Toto umØleck‚ d¡lo se objev¡ "
"on the back of ","na zadn¡ stranØ "
"on the front of ","na pýedn¡ stranØ "
"This artwork appears on a ","Toto umØleck‚ d¡lo se objevuje na "
"This work of art is a ","Toto umØleck‚ d¡lo je "
" and was crafted in "," a bylo vyrobeno v "
"This artwork appears on ","Toto umØleck‚ d¡lo se objev¡ na "
"It is a","Je to"
"It ","To "
"Engraved ","Vyryto "
"on the floor ","na podlaze "
"on the wall ","na zdi "
"On the coin's back ","Na rubu mince "
"On the front of the coin ","Na l¡ci mince "
"On the item ","Na pýedmØtu "
"The item ","PýedmØt "
"is a","je"
" rendition of "," ztv rnØn¡ "
" masterfully designed"," mistrovsky navr§eno"
"n exceptionally designed","n vyj¡meŸnØ navr§eno"
" superiorly designed"," velmi dobýe navr§eno"
" finely-designed"," preciznØ navr§eno"
" well-designed"," dobýe navr§eno"
"The artwork relates to ","UmØlec‚ d¡lo souvis¡ s "
" during "," bØhem "
"was commissioned by","byl povØýen"
"is the symbol of","je symbolem"
"Something has collapsed on the surface!","Na povrchu se nØco zhroutilo!"
"After a polite discussion with local rivals, ","Po zdvoýilostn¡ diskusi s m¡stn¡mi soupeýi, "
"After a polite discussion with a local rival, ","Po zdvoýilostn¡ diskusi s m¡stn¡mi soupeýem "
" has claimed the position of "," pýihl sil se o pozici "
", looks to your thriving economy for its future prosperity and has been incorporated into your holdings.",", oŸek v  od vaç¡ buj¡c¡ ekonomiky budouc¡ prosperitu a byla zaŸlenØna do vaçeho holdingu."
", looks to your thriving economy for its future prosperity.",", oŸek v  od vaç¡ buj¡c¡ ekonomiky budouc¡ prosperitu."
", being the rightful heir, has inherited the position of ",", kterì je pr voplatnìm dØdicem, zdØdil postaven¡ "
" has been appointed to the position of "," byl jmenov n do funkce "
" has been elected to the position of "," byl zvolen do funkce "
"very near","velmi bl¡zko"
"far","daleko"
"nearly a day's travel","necelì den cesty"
"a half day's travel","p…l dne cesty"
"a short walk","kr tk  proch zka"
"aboveground","nadzem¡"
"inaccessible from here","odtud nepý¡stupn‚"
"in the depths","v hlubin ch"
"A snow storm has come.","Pýiçla snØhov  bouýe."
"It has started raining.","ZaŸalo prçet."
"The weather has cleared.","PoŸas¡ se vyjasnilo."
"You have discovered a river.","Objevil jsi ýeku."
"You have discovered an expansive cavern deep underground.","Objevili jste rozs hlou jeskyni hluboko pod zem¡."
"You have discovered a great magma sea.","Objevili jsi velk‚ magmatick‚ moýe."
"You have discovered a deep pit.","Objevili jsi hlubokou j mu."
"You have discovered a magma pool.","Objevili jsi magmatick‚ jez¡rko."
"You have discovered a volcano.","Objevil jsi sopku."
"You have discovered an unusual volcanic wall studded with gems.","Objevili jsi neobvyklou sopeŸnou stØnu posetou drahokamy."
"!  Praise the miners!","! Chvalte horn¡ky!"
"You have found a curious underground structure.","Naçel jsi zvl çtn¡ podzemn¡ stavbu."
"You have struck ","Uderil jsi "
"column update out of bounds: ","aktualizace sloupce mimo hranice: "
"The falling debris has defaced a ","Padaj¡c¡ trosky poçkodili "
"The impertinent vegetation has defaced a ","Nestydata vegetace znehodnotila "
"A careless farmer has defaced a ","Neopatrnì zemØdØlec poçkodil "
"A foolish builder defaced a ","Hloupì stavitel poçkodil "
" have married.  Congratulations!"," se ozenil/vdala se. Gratulujeme!"
"green glass gems","zelen‚ sklenØn‚ drahokamy"
"clear glass gems","drahokamy z Ÿir‚ho skla"
" has slipped into depression..."," propadl depresi..."
" is stumbling around obliviously!"," nez£ŸastnØnØ se pot c¡ kolem!"
" has entered a martial trance!"," dostal se do bojov‚ho transu!"
" is brawling under the influence!"," rve se pod vlivem!"
"eat","j¡"
"eats","jed¡"
" flounder"," placal se"
" flounders"," placali se"
" in the water"," ve vodØ"
" in the lava"," v l vØ"
" in the magma"," v magmatu"
" push "," tlaŸit "
" pushes "," strk  "
"You cannot mount ","Nem…§eç nasednout "
" due to the presence of an existing rider."," proto§e ji§ existuje jezdec."
" mount "," nasednout "
" mounts "," nasednout "
"You fail to mount ","Nepodaýilo se ti nasednout "
" in time."," vŸas."
" dismount"," sesednout"
"You fail to dismount in time.","Nesesednul jsi vŸas."
"You stand up.","Postavil jsi se."
" stands up."," postavil se."
"You lie on the ground.","Le§¡ç na zemi."
" lies on the ground."," le§¡ na zemi."
