"General","Загальне"
"World","Світ"
"Adventurer","Пригода"
"Dwarf mode","Режим фортеці"
"Embark","Розпочати"
"Stockorder","Склади"
"Militia","Ополчення"
"its","його"
"it","він"
"itself","себе"
"Activity","Активність"
"Training Session","Тренування"
"Activity Event","Подія"
"Research","Досліджувати"
"Play","Грати"
"Worship","Поклонятися"
"Socialize","Спілкуватися"
" empty "," порожній "
" empties "," спорожняє "
" pick up "," підбираєте "
" picks up "," підбирає "
" embraces "," обіймає "
" has shared many tales from beyond "," поділився багатьма оповіданнями з-за меж "
" has shared a few rumors."," поділився кількома чутками"
" has shared a rumor from abroad."," поділився слухом з-за кордону."
" gives you "," дає вам "
" has discovered "," відкрив "
" has become a student of "," став учнем "
"Ponder ","Замислитися "
"Learn ","Вивчати "
"Teach ","Вчити "
"Discuss ","Обговорювати "
"Read","Читати"
"Write","Писати"
"Write about ","Писати про "
"Copy","Копіювати"
"Meditate on ","Роздумувати над "
"Pray to ","Молитися до "
"Go to Combat Training","Піти на тренування"
"Organize Combat Training","Організувати тренування з бою"
"Lead Combat Training","Вести тренування з бою"
"Wait for Combat Training","Чекати на тренування"
"Play Make Believe","Удавати гру"
"Play with ","Грати з "
"Toy","Гратися"
"Inveigh Against ","Ополчитися проти "
"Promote ","Просунути "
"Law","Закон"
"Loyalty","Лояльність"
"Family","Сім'я"
"Friendship","Дружба"
"Power","Сила"
"Truth","Істина"
"Cunning","Хитрість"
"Eloquence","Красномовство"
"Fairness","Справедливість"
"Decorum","Прикраса"
"Tradition","Традиція"
"Artwork","Мистецтво"
"Cooperation","Співробітництво"
"Independence","Незалежність"
"Stoicism","Стоїцизм"
"Introspection","Самоспостереження"
"Self-Control","Самоконтроль"
"Tranquility","Спокій"
"Harmony","Гармонія"
"Merriment","Веселощі"
"Craftsmanship","Майстерність"
"Martial Prowess","Бойова майстерність"
"Skill","Майстерність"
"Hard Work","Тяжка робота"
"Sacrifice","Жертва"
"Competition","Змагання"
"Perseverance","завзятість"
"Leisure Time","Вільний час"
"Commerce","Комерція"
"Romance","Романтика"
"Nature","Природа"
"Peace","Мир"
"Knowledge","Знання"
"Preach on ","Вести проповідь "
"Listen to Sermon","Слухати проповідь"
"Tell Story","Розповідати історію"
"Listen to Story","Слухати історію"
"Listen to Poetry","Слухати вірші"
"Play ","Грати "
"Simulate ","Імітувати "
"Sing","Співати"
"Chant","Наспівувати"
"Recite Poetry","Декламувати вірші"
"Perform Music","Грати музику"
"Listen to Music","Слухати музику"
"Perform Dance","Виконувати танець"
"Watch Dance","Дивитися танець"
"Go to ","Перейти до "
" Demonstration"," Огляди"
"Lead ","Вести "
"Organize ","Організувати "
"Watch ","Дивитися "
"Wait for ","Очікувати "
"Serve Customer","Обслуговувати замовника"
"Serve ","Служити "
"Go to Individual Combat Drill","Зайнятись особистим бойовим тренуванням"
"Individual Combat Drill","Особисте тренування"
"/Resting","/Відпочинок"
"Go to Sparring Match","Зайнятись спарингом"
"Spar","Спаринг"
"Go to Sparring Practice","Зайнятись спарингом"
"Watch Sparring Practice","Спостерігати спаринг"
"Archery Practice","Тренування зі стрільби"
"You cannot perform here.","Ви не можете тут виступати. "
"You could not find a partner.","Вам не вдалося знайти партнера."
"There are not enough dancers.","Не вистачає танцівників."
"There is not enough room to perform here.","Не вистачає місця для виступу."
"You","Ви"
"Some children","Деякі діти"
"is","є"
"are","є"
"begins","почати"
"begin","початок"
" playing make believe."," удає гру."
" playing with "," грає з "
"a toy","іграшка"
"The performers","Виконавці"
"a sermon on ","проповідь про "
"the story of ","історія про "
"reciting the poem ","читати вірші "
"an improvised recital of ","імпровізований концерт "
"the musical composition ","музичний твір "
"improvised music, ","музична імпровізація, "
"dancing ","танці "
"an improvised dance, ","імпровізовані танці, "
" in the middle of "," посередині "
"You continue the sermon.","Ви продовжуєте проповідь."
"The sermon continues.","Проповідь продовжується."
"You continue the story.","Ви продовжуєте історію."
"The story continues.","Історія продовжується."
"You begin","Ви починаєте"
"The poetry enters","Вірш переходить у"
" line."," лінію."
"the verse paragraph","чотиривірш"
" verse paragraph"," чотиривірш"
"the stanza","строфу"
" stanza"," строфу"
"You continue the poem.","Ви продовжуєте читати вірш."
"The poem continues.","Вірш продовжується."
"You enter ","Ви починаєте "
"The dance enters a new section with ","Танок переходить до наступної частини: це - "
"The music enters ","Грає "
"a simple passage","простий пасаж"
"the introduction","вступ"
"the exposition","експозиція"
" of the theme"," теми"
" of the first theme"," першої теми"
" of the second theme"," другої теми"
" of the previous passage"," попереднього пасажу"
"a recapitulation","реприза"
"the synthesis","синтез"
" of the two themes"," двох тем"
" of previous passages"," попередніх  пасажів"
"a verse","куплет"
"a chorus","приспів"
"the finale","закінчення"
"the coda","кода"
"a bridge-passage","перехідний пасаж"
"first ","перший "
"second ","другий "
"theme","тема"
"a series of variations","варіації"
" on the theme"," теми"
" on the first theme"," першої теми"
" on the second theme"," другої теми"
" and "," і "
"You continue the dance.","Ви продовжуєте танець."
"The dance continues.","Танець продовжується."
"You continue the music.","Ви продовжуєте грати."
"The music continues.","Музика продовжується."
"You conclude your performance.","Ви завершуєте виступ."
"The performers are finished.","Виконавці закінчують виступ."
"Some performers finish their act.","Деякі виконавці завершили свої партії."
" has finished performing."," завершив виступ."
" concludes a performance."," завершує виступ."
"You've learned ","Ви вивчили "
"overlords","володарі"
"You feel like you know the basic rules of ","Ви відчуваєте, що дізнались нові правила "
" now."," тепер."
"Your","Ваш"
" lay"," лежати"
" forth an awe-inspiring sermon for the ages!"," проповідь, що вселяє благоговіння!"
" artfully deliver"," майстерно донести"
" giving a creditable sermon."," виголошуючи достойну проповідь."
" dance"," танець"
" flawlessly, like someone out of a legend!"," бездоганно, як справжня легенда!"
" dancing exceptionally."," вичурно танцюючи."
" tangled up."," заплутаний(а,і)"
" and the "," і "
" are indistinguishable!"," абсолютно нерозбірливо(а,ий,і)"
"instrument","інструмент"
" delivering a virtuoso performance on the "," демонструючи віртуозний виступ на "
" is absolutely flawless."," абсолютно бездоганний(а,і)"
"chant","наспівувати"
"song","пісня"
" could nearly pass for the voice of the "," звучить майже як голос... "
" play"," грати"
" with skill."," зі знанням справи"
"sing","співати"
" beautifully."," надзвичайно."
" sound"," звучить"
" vaguely like the intended "," неясно, як задумано "
" playing the "," граючи на "
" well."," добре."
"chanting","спів"
"singing","спів"
" make"," робити"
" a mockery of the "," знущання над "
" with a shameworthy performance."," з ганебним виступом."
"doesn't","не"
"don't","не"
" seem to know how to play the "," начебто знає як грати на "
" sloppily"," недбало"
" and even forget"," і навіть забути"
" some of the words."," деякі слова"
" bring"," приносити"
" choose"," вибір"
" the perfect phrasing."," ідеальне, ідеальним формулювання[м]"
" recite"," начитувати"
" the words evocatively."," вимовляючи виразно"
" enunciate"," вимовляти"
" crisply."," хрустко."
" speak"," розмовляти"
" mumble"," бурмотіти"
", having completely forgotten the words.",", явно забувши, що говорити."
" poorly."," невдало."
" weave"," сплітаєте"
" a mesmerizing tale!"," захоплюючу історію!"
" tell"," розповідаєте"
" the story in vivid detail."," історію в яскравих деталях."
" telling the tale quite well."," доволі непогано розповідаючи історію."
" stumble"," плутаєтеся"
" over the details."," в деталях."
"It has no writing.","Тут нічого не написано."
"It has no pages.","Тут немає сторінок."
"The pages are blank.","Сторінки чисті."
"Alias: ","Псевдонім: "
"Highest known in organization","Найбільш відомий в організацій"
"Associated Organization: ","Відповідна організація: "
"Associated Plot: ","Відповідна ділянка: "
"We should have made it there by now.","Ми вже маємо бути там."
"We should be making better progress.","Ми маємо рухатися швидше."
"We are going the wrong way.","Ми рухаємось в протилежну сторону."
"We haven't performed for some time.","Ми деякий час не виступали."
"We have arrived at our destination.","Ми прибули до місця призначення."
"The oppressor has been overthrown!","Поневолювач був скинутий!"
"We must not abandon ","Ми не повинні відмовлятись від "
"We must go back.","Ми повинні повернутись."
"The ","Частичку не треба би перекладати "
"spinning ",", який крутиться, "
"flying ",", який летить, "
"It","Він"
", but it is deflected by ",", але був відбитий "
" by the "," по "
" in the "," в "
" from behind"," ззаду"
" from the side"," з боку"
" with "," з "
", but the attack is deflected by ",", але атака була відбита "
", lightly tapping the target!",", ледве влучив у ціль!"
", but there is no force!",", але не вистачило сили!"
", but it passes right through!",", але проходить повз!"
", but the attack passes right through!",", але атака невдала!"
", but it glances away!",", але зізковзує!"
", but the attack glances away!",", але атака зізковзує!"
" and the severed part sails off in an arc!"," і відрубана частина тіла летить по кривій!"
"the part","частина"
" is smashed into the body, an unrecognizable mass!"," розбивається об тіло, з неймовірною массою!"
" splits in gore!"," розсипається в фарш!"
" collapses!"," руйнується!"
"the injured part","пошкоджена частина"
" is ripped into loose shreds!"," розірвано на дрібні шматки!"
" is torn apart!"," розірвано на частини!"
" and it is mostly cut away from the rest of the torso!"," і майже відрізана від тіла!"
" is cloven asunder!"," розрублена навпіл!"
" explodes into gore!"," вибухає в фарш!"
" collapses into a lump of gore!"," перетворюється в кучу фаршу!"
" is crushed!"," подріблена!"
"The geldables have been torn away!","Геніталії були відірвані!"
"tearing","відірваючи"
"tearing apart","розірваючи на частини"
"shattering","розбиваючи"
"chipping","розрублюючи"
"fracturing","ламаючи"
"denting","кусаючи"
"bruising","пошкоджуючи"
"'s ","також не є сенсу перекладати "
" it"," це"
" apart"," на частини"
" and"," і"
" tearing apart"," розриваючи на частини"
" shattering"," розбиваючи"
" tearing"," відірваючи"
" chipping"," розрублюючи"
" fracturing"," ламаючи"
" denting"," кусаючи"
" bruising"," пошкоджуючи"
"main part","більша частина"
" through a hole in the "," крізь отвір в "
"passing through a hole in the ","проходить крізь отвір в "
"jamming the","стискаючи"
" part"," частина"
"through the ","через "
"out of the wound","з поранення"
"breaking away","відірвая"
" most of"," більшу частину"
" half of"," половину"
" a piece of"," частину"
" the rest of"," залишок"
" through the "," через "
" and spilling "," і роливаючи "
"your","Ваш"
"rancid","протухлий"
"decomposing","розкладаючийся"
"rotten","гнилий"
"fetid","смердючий"
"foul","огидний"
"reeking","з душком"
"filthy","брудний"
"stinking","смердючий"
"It is a gelding strike!","Це були каструючі удари!"
"It is a gelding blow!","Це був каструючий удар!"
"a major artery","головна артерія"
"an artery","артерія"
" has been opened by the attack"," була вскрита під час нападу"
"many nerves","багато нервів"
"a motor nerve","моторний нерв"
"a sensory nerve","сенсорний нерв"
"have","було"
"has","був"
" been severed"," відтятий"
"a ligament","звязка"
" has been "," був "
"torn","розірваний"
"sprained","розтянутий"
"bruised","пошкоджений"
"a tendon","сухожилля"
"strained","розтянутий"
" is ripped to shreds!"," було розірвано на шматки!"
" breaks!"," ламається!"
" attack is interrupted!"," атака перервана!"
" have"," було"
" has"," був"
" become enraged!"," забіснувався!"
" has lodged firmly in the wound!"," міцно застряг в рані!"
" latch on firmly"," міцно тримайтесь"
" latches on firmly"," міцно тримаєтсья"
" to "," до "
" latch on firmly!"," міцно тримайтесь"
" latches on firmly!"," міцно тримаєтсья"
" are"," є"
" is"," є"
" propelled away by the force of the blow!"," відкинутий силою удару!"
" been knocked unconscious!"," знепритомнів!"
" been stunned again!"," повторно оглушений!"
" been stunned!"," оглушений!"
" having more trouble breathing!"," задихається!"
" having trouble breathing!"," важко дихає!"
" feel"," відчуваєте себе"
" looks"," виглядає"
" even more sick!"," ще гріше!"
" sick!"," погано!"
" is injected into the "," вводять в "
" pours over the "," ллється по "
" flows over the "," тече по "
" splatters over the "," розбризкується по "
" crumbles over the "," розсипається по "
" is sucked out of the wound!"," висмоктана з рани!"
"Independent","Незалежний(а)"
"Skills","Вміння"
"Not","Не"
"item","предмет"
" have returned."," повернулися"
" and others have returned."," та інші повернулися "
" has returned."," повернувся(лась)."
" has brought back many tales from beyond "," привіз(ла) з собою багацько історій здалека "
" has brought back a few rumors."," привіз(ла) з собою різні чутки."
" has brought back a rumor from abroad."," привіз(ла) з собою чутку здалека."
" has arrived."," прибув"
" is visiting."," відвідує"
", the performance troupe, has arrived.",", група виконавців, прибула."
", a performance troupe, is visiting.",", група виконавців, відвідує."
"Spoils Report: ","Звіт про псування: "
" and others"," та інші(их)"
"Winter","Зима"
"Autumn","Осінь"
"Summer","Влітку"
"Spring","Весна"
"The dead walk.  Hide while you still can!","МЕРТВІ ІДУТЬ! Ховайтеся поки можете "
"Forms twisted from their nature, legion of the night.  What hope remains?","Істоти, спотворені поза своєї природи, легіон ночі. Хіба тут є місце надії?"
"A vile force of darkness has arrived, seeking a parley!","Бридка сила пітьми прибула, і просить переговорів!"
"The enemy have come and are preparing to lay siege.  They seek a parley!","Ворог прибув, і готується до облоги. Він просить переговорів!"
"An army has come to your lands seeking a parley.","Армія прибула до ваших земель і просить переговорів!"
"A vile force of darkness has arrived!","Темні сили наступають!"
"The enemy have come and are laying siege to the fortress.","Ворог прибув, та оточив фортецю!"
"An army is invading!","Армія вторгається!"
"overlord","володар"
" has been founded "," було засновано "
", has been conquered and",". було завойовано та"
", has been",", був(була)"
" incorporated into your holdings."," тепер є частиною ваших володінь"
" has been conquered and now"," було завойовано і тепер"
" looks to your thriving economy for its future prosperity."," сподівається на майбутнє процвітання вашої зростаючої економіки."
"A section of the cavern has collapsed!","Частина печери обвалилася!"
"save","зберегти,
за виключенням
врятувати"
" are "," є "
"prostrating ","кланяється(тися) "
"themselves","себе"
" before "," перед "
"torturing ","катуючи,
катуючий "
"committing a depraved act upon ","вчиняючи мерзенний вчинок против "
"devouring ","поглинаючий, 
поглинаючи, "
"admiring ","захоплюються
захоплюватись,
захоплюючись "
"burning ","палаючий(х)
той(ті), що горить "
"shooting ","стріляє, стріляючи "
"surrounded by ","оточений(а,і) "
"massacring ","вирізаючи
вирізаючий "
"fighting with ","борючись з "
"greeting ","вітаючись,
вітаючи "
"refusing ","відмовляючись, "
"speaking with ","говорячи з 
той, що говорить з "
"embracing ","приймаючий,
приймаючи "
"striking down ","знищує "
"raising ","піднімаючи, 
той, що піднімає "
"hiding ","переховується "
"praying to ","молиться до
той, що молиться до "
"contemplating ","Споглядаючи
обмірковуючи "
"cooking ","приготування їжі "
"engraving ","гравірування
гравірує
гравіруючий "
"impaled on ","був(ла) пронизаний(а) "
"being flayed by ","... здирають шкіру "
"hanging from ","що висить з "
"being mutilated by ","покалічений "
"praying","молитися"
"weeping","плаче"
"screaming","верещить"
"being tortured","катований
... катують"
"committing a depraved act","вчиняючи мерзенний вчинок"
"in a fetal position","звернутий калачиком"
"smeared out into a spiral","розмазаний по спіралі"
"falling","падає"
"dead","мертвий(а)"
"laughing","сміється"
"being shot","було підстрілено"
"making a plaintive gesture","робить прохальний жест"
"look","виглядають"
"looks","виглядає"
" dejected"," засмучений"
" terrified"," наляканий"
" offended"," ображений"
" confused"," збентеженим"
"suffering","страждаючий"
"striking a menacing pose","приймаючи загрозливу позу"
"striking a triumphant pose","приймаючи тріумфальну позу "
"unnaturally contorted","неприродно вивернутий"
"being flayed","випотрошений"
"being mutilated","покалічений"
"Untitled","Безіменний"
", the deity of ",", божество "
", depicted as a ",", зображується як "
"skeletal ","скелет "
"rotting ","гнилий "
"ghostly ","примарний "
"female ","жіночий "
"male ","чоловічий "
"the deity of ",", божество "
"Click a building to link to ","Натисніть на будівлю, щоб зв'язати з "
"Cannot link to ","Не виходить зв'язати з "
"Link to ","Зв'язати з "
"will be installed at ","буде встановлено в "
"will be installed at target","буде встановлено у вказаному"
"Owner: ","Власник: "
"Weight: ","Вага: "
"Value: ","Вартість: "
"On ","На "
"In ","В <loct> "
"With ","З "
"View stockpile","Показати склад"
"Uses","Використовує"
"Engraving ","Гравірування "
"Specify image","Вказати зображення"
"Corrupt Soldier Mood: ","Настрій корумпованого солдата: "
"Stumbling obliviously!","Безцільно метається навколо!"
"Sunk into depression...","Впав у депресію..."
"Throwing a tantrum!","Впадає в істерику!"
"Enraged at all enemies!","Розлючений(а,і) на усіх ворогів!"
"In a martial trance!","Впав у бойовий транс!"
"Has a horrible fell look!","Виглядає вкрай неприємно!"
"Brooding darkly...","Занурений(а,і) у своїх похмурих думках"
"Peculiarly secretive...","Доволі скритний..."
"Possessed by unknown forces!","Одержимий(а,і) невідомими силами!"
"Stricken by melancholy...","Впав у меланхолію!"
"Crawling around crazed!","Повзає навколо як навіжений!"
"Running around crazed!","Бігає навколо як навіжений"
"Crawling around babbling!","Повзає навколо і щось лепече!"
"Running around babbling!","Бігає навколо і щось лепече!"
"In a berserk rage!","У несамовитій люті!"
"Staring off into space...","Дивиться пустим поглядом в одну точку..."
"Overcome by terror!","Паралізований(а) жахом!"
"In emotional shock!","В емоційному шоці!"
"Overwhelmed by horror!","Не може витримати жаху!"
"Experiencing mortal fear!","Відчуває смертельний страх!"
"Beside ","Поруч з "
"herself","її"
"himself","його"
" with grief!"," через горе!"
"Drowning in sadness!","Захлинається у журбі!"
"Writhing in agony!","Корчиться в муках!"
"Anguished!","Мучається!"
"Lost in despair!","В глибокому відчаї!"
"Completely dismayed!","В абсолютному розпачі!"
"Distressed!","Занепокоєний!"
"Taken by a fright!","Наляканий!"
"Wallowing in misery!","Загрузнувши в нещасті!"
"Truly mortified!","Справді пригнічений!"
"Shaken to the core!","Потрясений до глибини душі!"
"In existential crisis!","Відчуває екзистенціальну кризу!"
"Emotionally overloaded!","Відчуває емоційне перевантаження"
"Pet of ","Домашня тварина "
"Somebody","Хтось"
"Creator of ","Творець "
"Cannot expel or send away:","Не можна вигнати чи відправити:"
"Nobility","Знать"
"Holds elected office","Обіймає виборні посади"
"Spouse does the expelling","чоловік/дружина вижене"
"Spouse is not present","чоловік/дружина не присутній(я)"
"Spouse is nobility","чоловік/дружина відноситься до знаті"
"Child does the expelling","Дитя здійснює вигнання"
"Child is not present","Дитина не присутня"
"Child is nobility","Дитя є частиною знаті"
"Child is elected","Дитя обране"
"Expel","Виключити з "
"Send to ","Відправити до "
"Send away","Відправити"
"Cancel","Відміна"
"Overview","Огляд"
"Items","Предмети"
"Health","Стан"
"Rooms","Покої"
"Labor","працю"
"Relations","Відносини"
"Groups","Групи"
"Military","Військове"
"Thoughts","Думки"
"Spouse: ","Чоловік/дружина: "
" lovers"," коханці"
"Lover: ","Коханець: "
" children"," діти"
"Child: ","Дитя: "
" pets"," улюбленці"
"Strong","Сильний(а)"
"Agile","Спритний(а)"
"Tough","Міцний(а)"
"High stamina","Висока витривалість"
"Recovers quickly","Швидко одужує"
"Resists sickness","Витримує хвороби"
"Weak","Слабкий(а)"
"Clumsy","Незграбний(а)"
"Frail","Тендітний(а)"
"Low stamina","Низька витривалість"
"Recovers slowly","Повільно одужує"
"Sickly","Часто хворіє"
"Good analytical ability","Хороша аналітична здатність"
"Good focus","Хороша концентрація"
"High willpower","Потужна сила волі"
"Creative","Творчий(а)"
"Good intuition","Хороша інтуїція"
"Patient","Має терпіння"
"Good memory","Хороша пам'ять"
"Good with language","Добре орієнтується в мовах"
"Good spatial sense","Добре відчуває простір"
"Musical","Здатність до музики"
"High kinesthetic sense","Високе кінестетичне відчуття"
"Developed empathy","Розвинув(ла) спічуття"
"High social awareness","Висока суспільна свідомість"
"Poor analytical ability","Погана аналітична здатність"
"Poor focus","Погана концентрація"
"Low willpower","Слабка сила волі"
"Not creative","Не творчій(а)"
"Poor intuition","Погана інтуїція "
"Impatient","Нетерплячий(а)"
"Poor memory","Погана пам'ять"
"Bad with words","Не вміє підбирати слова"
"Poor spatial sense","Погано відчуває простір"
"Not musical","Не має здатності до музики"
"Poor kinesthetic sense","Низьке кінестетичне відчуття"
"Poor empathy","Не дуже вміє співчувати"
"Poor social awareness","Низька суспільна свідомість"
"Quick to love","Швидко закохується"
"Hateful","Ненависний(а)"
"Envious","Заздрісний(а)"
"Cheerful","Життєрадісний(а)"
"Depression-prone","Схильний(а) до депресії"
"Anger-prone","Схильний(а) до злості"
"Anxious","Занепокоєний(а)"
"Lustful","Хтивий(а)"
"Easily stressed","Легко піддається стресу"
"Greedy","Жадібний(а)"
"Intemperate","Нестриманий(а)"
"Brawler","Борець"
"Stubborn","Впертий(а)"
"Wasteful","Марнотратний(а)"
"Prone to discord","Схильний(а) до конфліктів"
"Flatterer","Підлесник"
"Polite","Увічливий(а)"
"Disdains advice","Не слухає порад"
"Fearless","Безстрашний(а)"
"Overconfident","Самовпевнений(а)"
"Vain","Суєтний(а)"
"Ambitious","Амбіційний(а)"
"Gracious","Щедрий(а)"
"Extravagant","Оригінальний(а)"
"Zany","Зануда"
"Vengeful","Мстивий(а)"
"Proud","Гордий(а)"
"Cruel","Жорстокий(а)"
"Single-minded","Цілеспрямований(а)"
"Hopeful","Перспективний(а)"
"Curious","Допитливий"
"Bashful","Сором'язливий(а)"
"Private","Несоціальний(а)"
"Perfectionist","Перфекціоніст"
"Obstinate","Наполегливий(а) "
"Tolerant","Терпимий(а)"
"Emotional obsessive","Емоційно нав'язливий(а)"
"Swayed by emotions","Піддається емоціям"
"Altruistic","Альтруїст"
"Dutiful","Дбайливий"
"Thoughtless","Легковажний(а)"
"Orderly","Організований(а)"
"Trusting","Довірливий(а) "
"Gregarious","Компанійський(а)"
"Overbearing","Надмірно дбайливий(а)"
"Frenetic","Шалений(а)"
"Thrill-seeker","Шукач гострих відчуттів"
"Flights of fancy","Фантазер"
"Inclined to abstract","Схильний(а) до абстрагування"
"Artistically inclined","Схильний(а) до мистецтв"
"Slow to love","Повільно закохується"
"Slow to hate","Не схильний(а) до ненависті "
"Not envious","Не заздрісний(а)"
"Cheerless","Не відчуває радощів"
"Not easily depressed","Не піддається депресії"
"Slow to anger","Довготерплячий(а)"
"Not anxious","Не тривожний(а)"
"Not lustful","Не хтивий(а)"
"Resilient","Стійкий(а)"
"Not greedy","Не жадібний(а)"
"Temperate","Увічливий(а)"
"Avoid fights","Уникає бійки"
"Quick to give up","Швидко здається"
"Not wasteful","Не любить смітити"
"Seeks harmony","Шукає гармонію"
"Quarreler","Забіяка"
"Rude","Грубіян(ка)"
"Overreliant on advice","Залежить від чужої думки"
"Fearful","Боягуз(ка)"
"Exhausted","Виснажений"
"Pain","Біль"
"Squad: ","Загін: "
"History","Історія"
"Poem","Вірші"
"Choreography","Хореографія"
"Workshops","Майстерні"
"Doctor","Лікар"
"Diagnostician","Діагностик"
"Surgeon","Хірург"
"Mother","Мати"
"Father","Батько"
"Lover","Коханець"
"Child","Дитина"
"Friend","Друг"
"Force","Сила"
"Hero","Герой"
"Thief","Крадій"
"Enemy","Ворог"
"Slave","Раб"
"Prisoner","В'язень"
"No orders","Без наказів"
"death","смерть"
"Terrarium","Тераріум"
"Aquarium","Акваріум"
"Trade","Обмін"
"Nothing","Ніщо"
"No seeds","Немає насіння"
"sad","Сумний"
"angry","злий"
"afraid","страх"
"hope","надія"
"Building","Будівництво"
" is "," є "
"chronicle","літопис"
" days' travel"," -денна подорож"
"Population: >10000","Населення: >10000"
"War","Війна"
"Cannot raid your civilization","Свою власну цивілізацію грабувати не вийде"
"Unnamed ","Безіменний "
"Death","Смерть"
"Rescue ","Порятунок "
"no","ні"
" here"," тут"
" traveling"," подорожує"
"st","-й"
"nd","-й"
"rd","-й"
"th","-й"
" was conquered"," було завойовано"
" by "," за допомогою "
" from "," з "
"Opening file...","Відкриття файлу..."
"Finishing...","Закінчення..."
"the criminals","злочинці"
"Quit","Вихід"
"Okay","Добре"
"Miner","Шахтар"
"Woodcutter","Лісоруб"
" praying"," молиться"
" weeping"," ридає"
" cringing"," уклін"
" screaming"," репетує"
" being tortured"," покалічений"
" committing a depraved act"," здійснює розпустні дії"
" making a submissive gesture"," висловлює покірність"
" in a fetal position"," в позі зародка"
" smeared out into a spiral"," закручений у спіраль"
" falling"," падає"
" dead"," загиблий"
" laughing"," сміється"
" being shot"," підстрілений"
" making a plaintive gesture"," робить жалібний жест"
" melting"," плавиться"
" burning"," горить"
" suffering"," страждає"
" withering away"," в'янучим"
" striking a menacing pose"," прийняв загрозливу позу"
" striking a triumphant pose"," прийняв позу тріумфатора"
" laboring"," працює"
" contemplating"," споглядає"
" cooking"," готує"
" engraving"," ґравірує"
" unnaturally contorted"," неприродно вивернутий"
" being flayed"," випотрошений"
" being mutilated"," покалічений"
" torturing "," катує "
" committing a depraved act upon "," здійснює розпусні дії над "
" devouring "," поїдає "
" admiring "," захоплений "
" burning "," горить "
" shooting "," стріляє "
" surrounded by "," оточений "
" massacring "," влаштував бійку "
" fighting with "," бореться з "
" greeting "," вітає "
" refusing "," відмовляється "
" speaking with "," розмовляє з "
" embracing "," обіймає "
" striking down "," вражає "
" raising "," підіймає "
" hiding "," приховує "
" praying to "," молиться "
" contemplating "," споглядає "
" cooking "," готує "
" engraving "," ґравірує "
" impaled on "," насаджений на "
" being flayed by "," випотрошений "
" hanging from "," висить на "
" being mutilated by "," покалічений "
"Hyphen Compound","Через дуфіс"
"Prefix","Префікс"
"Tree","Дерево"
"outcast ","вигнанець "
"nomadic ","бродячий "
"migrating ","мігруючий "
"local ","місцевий "
"civilization","цивілізація"
"government","уряд"
"vessel","судно"
"religion","релігія"
"group","група"
"Spikes","Кілки"
"cloth","тканина"
"bone","кістка"
"soap","мило"
"tooth","зуб"
" straps "," повертає у ножни "
" draws "," вихоплюе "
" drinks "," п'є "
"blowgunner","духовий стрілець"
"Macros","Макроси"
"Use ","Використати "
"effortlessly ","без зусиль "
"Mouse: ","Миша: "
"nothing","ніщо"
"monster","монстр"
"slayer","вбивця"
"is short and very fat","короткий і дуже товстий"
"boiled","варений"
"melted","розплавлений"
"Histories of ","Розповіді про"
"Gluttony","обжерливість"
"Cupidity","скарність"
"Jealousy","ревнощі"
"Avarice","зажерливість"
"Greed","жадібність"
"Industry","виробництво"
"Enterprise","підприємливість"
"Resourcefulness","винахідливість"
"Determination","рішучість"
"Mettle","відвагу"
"Dynamism","стрімкість"
"Toil","труд"
"Diligence","старанність"
"Exertion","напруження"
"Tenacity","стійкість"
"  Dwarf Fortress: Arena  "," Dwarf Fortress: Арена "
"Languages...","Мови..."
"Colors...","Кольори..."
"spring","весна"
"Start new game in existing world","Почати нову гру в існуючому світі"
"About DF","Про гру"
"lord","лорд"
"lords","лорди"
"lady","леді"
"ladies","леді"
" was stolen"," було вкрадено"
" from"," з"
" as "," як "
", and ",", і "
"the Monument","Монумент"
"high ","високий "
"exalted ","піднесений "
"holy ","святий "
"You have discovered a downward passage.","Ви знайшли прохід вниз."
"You have discovered a cave entrance.","Ви знайшли вхід до печери."
" has engraved a masterpiece!"," Було викарбувано шедевр!"
"Tooth","Зуб"
"Yarn","Прядиво"
"Plant Cloth","Рослинна тканина"
"Stone","Камінь"
"Cloth","Тканина"
"Clay","Глина"
"Gem","Самоцвіт"
"mountain","гірський"
"You are too kind.","Ви надто добрі."
" seems "," схоже "
"at most","щонайбільше"
"Library","Бібліотека"
"Temple","Храм"
"Sand","Пісок"
"No relevant skills","Не має відповідних навичок"
"Fighter","Боєц"
"Archer","Стрілець"
"skilled","підготовлений"
" squad"," загін"
"Furnaces","Печі"
"Ashery","Зольник"
"Carpenter","Тесля"
"Jeweler","Ювелір"
"Mechanic","Механік"
"Kiln","Піч для випалу"
"Smelter","Плавильня"
"Loom","Ткацька"
"Dyer","Фарбар"
"Still","Броварня"
"Butcher","М'ясник"
"Tanner","Дубильник"
"Fishery","Рибальська лавка"
"Kitchen","Кухня"
"Farmer","Землероб"
"Quern","Ручний млин"
"Hive","Вулик"
"Bed","Ліжко"
"Table","Стіл"
"Cabinet","Шафа"
"Slab","Меморіал"
"Statue","Статуя"
"Bookcase","Книжкова шафа"
"Door","Двері"
"Wall","Стіна"
"Floor","Підлога"
"Ramp","Пандус"
"Bridge","Міст"
"Fortification","Бійниця"
"Support","Несуча колона"
"Track","Шляхи"
"Lever","Важіль"
"Well","Криниця"
"Floodgate","Шлюз"
"Windmill","Вітряк"
"Millstone","Жорно"
"Rollers","Ролікі"
"Cage","Клітка"
"Weapon","Зброя"
"Ballista","Баліста"
"Catapult","Катапульта"
"Water","Вода"
"bed","ліжко"
"a colony of ","колонія "
"many ","багато "
"Smoke","Дим"
"Fire","Вогонь"
"A Web","Павутина"
"A Fire","Вогонь"
"Salt water [","Солона вода ["
"Water [","Вода ["
"Lava [","Лава ["
"Magma [","Магма ["
"right ","правий "
"left ","лівий "
" imprint"," відбиток"
"/NE","/ПнСх"
"/NW","/ПнЗх"
"/SE","/ПдСх"
"/SW","/ПдЗх"
"west","захід"
"in ","в "
" days"," днів"
"when ","коли "
"always (at least 0%)","завжди (щонайменше 0%)"
"when empty","коли порожньо"
"teeth","зуби"
" day"," день"
"Murder.","Вбивство."
"Vandalism.","Вандалізм."
" wood"," дерево"
"the color ","колір "
"in","в"
"as","як"
"tavern keeper","корчмар"
"doctor","лікар"
"surgeon","хірург"
"bone doctor","костоправ"
"I hate you.","Я тебе ненавиджу."
"The enemy!","Ворог!"
"Murderer!","Вбивця!"
"Ahhh...","Аххх..."
"Don't talk to me.","Не розмовляйте зі мною."
"Well, let's see...","Що ж, давай поглянемо..."
"  we've got "," у нас тут "
"deaths","смерті"
"the death","смерть"
"law-breaking","порушення закону"
"abductions","викрадення"
"the abduction","викрадення"
"criminals","злочинці"
"bandits","бандити"
"ruffians","головорізи"
"open war","відкрита війна"
"I hate them.","Я ненавиджу їх."
"You are bound to obey me.","Ти повинен підкорятися мені."
"Where should I take you?","Куди мені тебе відвезти?"
"Tell me about ","Розкажіть мені про "
"the deaths","смерті"
"the law-breaking","порушення закону"
"the abductions","викрадення"
"the beasts","звірі"
"the bandits","бандитии"
"the ruffians","головорізи"
"the open war","відкрита війна"
"The group","Група"
"torture","катування"
"an abduction","викрадення"
"a journey","подорож"
"a house","будинок"
"a tree","дерево"
"I am ","Я "
"My ","Мій "
" is a group of "," - група з "
"  I rule "," Я керую "
"you","вас"
"a free room","вільна кімната"
"this library","цю бібліотеку"
"Never.","Ніколи."
"Drop ","Викинути "
"Of course.","Звісно."
"Yes, let's go.","Так, рушаймо."
"Who?","Хто?"
"I started my pilgrimage in ","Я вирушив у паломництво з "
"my ","мій "
" to start a new life"," почати нове життя"
"There are ","Тут є "
"The villages ","Села "
"The village ","Село "
"Where?","Де?"
"mother","матір"
"father","батько"
"parent","рожденик"
"son","син"
"daughter","дочка"
"child","дитина"
"grandmother","бабуся"
"grandfather","дідусь"
"grandchild","онук"
"brother","брат"
"sister","сестра"
"aunt","тітка"
"uncle","дядько"
"niece","племінниця"
"nephew","племінник"
"Dear","Дорогий"
"Is it really you?","Це справді ви?"
"your very own","ваш особистий"
"try","спробуйте"
"authentic","достовірний"
"real","справжній"
"clear","чистий"
"the great","великий"
"faraway","далеко"
"right here","саме тут"
"fair","чесний"
"distant","віддалено"
"here","тут"
"!  Today only","! Тільки сьогодні"
"Great","Великий"
"Splendid","Чудово"
"Good","Добрий"
"Decent","Непоганий"
"Fantastic","Фантастичний"
"Excellent","Відмінний"
"man","чоловік"
"woman","жінка"
"Never!","Ніколи!"
"You first, coward!","Ти перший, боягузе!"
"Okay!  I'll do it.","Гаразд! Я зроблю це."
"  This conversation is over."," Розмову закінчено."
"No!","Ні!"
"Wait, what?","Стривай, що?"
"I don't agree.","Я не згідний."
"I must insist.","Я мушу наполягати."
"There","Там"
" aggressive"," агресивний"
" passive"," пасивний"
" eighth"," восьмий"
"calm","спокійний"
"large","великий"
"next ","наступний "
"negative ","негативний "
"zero","нуль"
"one","один"
"two","два"
"three","три"
"four","чотири"
"five","п'ять"
"six","шість"
"seven","сім"
"eight","вісім"
"nine","дев'ять"
"ten","десять"
"eleven","одинадцять"
"twelve","дванадцять"
"thirteen","тринадцять"
"fourteen","чотирнадцять"
"fifteen","п'ятнадцять"
"sixteen","шістнадцять"
"seventeen","сімнадцять"
"eighteen","вісімнадцять"
"nineteen","дев'ятнадцять"
" billion"," мільярд"
" million"," мільйон"
" thousand"," тисяча"
" hundred"," сотня"
"twenty","двадцять"
"thirty","тридцять"
"forty","сорок"
"fifty","пятдесят"
"sixty","шістдесят"
"seventy","сімдесят"
"eighty","вісімдесят"
"ninety","дев'яносто"
"Negative ","Негативний "
"Zeroth","Нульовий"
"First","Перший"
"Second","Другий"
"Third","Третій"
"Fourth","Четвертий"
"Fifth","П'ятий"
"Sixth","Шостий"
"Seventh","Сьомий"
"Eighth","Восьмий"
"Ninth","Дев'ятий"
"Tenth","Десятий"
"Eleventh","Одинадцятий"
"Twelfth","Дванадцятий"
"Thirteenth","Тринадцятий"
"Fourteenth","Чотирнадцятий"
"Fifteenth","П'ятнадцятий"
"Sixteenth","Шістнадцятий"
"Seventeenth","Сімнадцятий"
"Eighteenth","Вісімнадцятий"
"Nineteenth","Дев'ятнадцятий"
" sculpture has melted!"," скульптура розплавлена!"
"Digging designation cancelled: warm stone located.","Копання зупинено: знайдено теплий камінь."
"Digging designation cancelled: damp stone located.","Копання зупинено: знайдено вологий камінь."
"Shop","Лава"
"Trade Depot","Ринок"
"Nest","Гніздо"
"Nest Box","Гніздо"
"Wagon","Віз"
"Carpenter's Workshop","Столярна майстерня"
"Farmer's Workshop","Фермерська майстерня"
"Craftsman","Майстер"
"Magma Forge","Магмова кузня"
"'s Workshop"," майстерня"
"Siege Workshop","Облогова майстерня"
"Leather Works","Кожевня"
"Clothier","Кравець"
"Tool","Інструмент"
"Workshop","Майстерня"
"Zone","Зона"
"Farm Plot","Грядка"
"Glass Furnace","Скловарна піч"
"Wood Furnace","Дров'яна піч"
"Magma Smelter","Магменна плавильня"
"Magma Glass Furnace","Магменна скловарна піч"
"Magma Kiln","Магменна піч для випалу"
"Furnace","Піч"
"Pressure Plate","Натискна плита"
"Cage Trap","Клітка-пастка"
"Stone-Fall Trap","Кам'янопадна пастка"
"Weapon Trap","Пастка зі зброї"
"Track Stop","Зупинка"
"Trap","Пастка"
"Siege Engine","Облогова машина"
"Floor Hatch","Люк"
"Wall Grate","Грати в стіні"
"Floor Grate","Грати на підлозі"
"Vertical Bars","Вертикальні прути"
"Floor Bars","Прути на підлозі"
"Restraint","Прив'язь"
"Gear Assembly","Редуктор"
"Horizontal Axle","Горизонтальний вал"
"Vertical Axle","Вертикальний вал"
"Upright Spear/Spike","Висувний спис/кол"
"Archery Target","Мішень"
"Screw Pump","Гвинтовий насос"
"Water Wheel","Водне колесо"
"Burial Receptacle","Похоронення"
"Seat","Сидіння"
"Weapon Rack","Підставка для зброї"
"Armor Stand","Підставка для обладунків"
"Container","Контейнер"
"Traction Bench","Тракційний стіл"
"Dirt Road","Грунтова дорога"
"Paved Road","Мощена дорога"
"Glass Window","Вікно"
"Gem Window","Вітраж"
"Stockpile","Склад"
"Up Stair","Сходи нагору"
"Down Stair","Сходи донизу"
"Up/Down Stair","Настрізні сходи"
"Track (N)","Колії (Пвн)"
"Track (S)","Колії (Пвд)"
"Track (E)","Колії (Сх)"
"Track (W)","Колії (Зах)"
"Track (NS)","Колії (Пвн-Пвд)"
"Track (NE)","Колії (Пвн-Сх)"
"Track (NW)","Колії (Пвн-Зах)"
"Track (SE)","Колії (Пвд-СХ)"
"Track (SW)","Колії (Пвд-Зах)"
"Track (EW)","Колії (Сх-Зах)"
"Track (NSE)","Колії (Пвн-Пвд-Сх)"
"Track (NSW)","Колії (Пвн-Пвд-Зах)"
"Track (NEW)","Колії (Пвн-СХ-Зах)"
"Track (SEW)","Колії (Пвд-Сх-Зах)"
"Track (NSEW)","Колії (Пвн-Пвд-Сх-Зах)"
"Track/Ramp (N)","Спуск колії (Пвн)"
"Track/Ramp (S)","Спуск колії (Пвд)"
"Track/Ramp (E)","Спуск колії (Сх)"
"Track/Ramp (W)","Спуск колії (Зах)"
"Track/Ramp (NS)","Спуск колії (Пвн-Пвд)"
"Track/Ramp (NE)","Спуск колії (Пвн-Сх)"
"Track/Ramp (NW)","Спуск колії (Пвн-Зах)"
"Track/Ramp (SE)","Спуск колії (Пвд-Сх)"
"Track/Ramp (SW)","Спуск колії (Пвд-Зах)"
"Track/Ramp (EW)","Спуск колії (Сх-Зах)"
"Track/Ramp (NSE)","Спуск колії (Пвн-Пвд-Сх)"
"Track/Ramp (NSW)","Спуск колії (Пвн-Пвд-Зх)"
"Track/Ramp (NEW)","Спуск колії (Пвн-Сх-Зх)"
"Track/Ramp (SEW)","Спуск колії (Пвд-Сх-Зх)"
"Track/Ramp (NSEW)","Спуск колії (Пвн-Пвд-Сх-Зх)"
"Construction","Конструкція"
"Vacant Shop","Пустий магазин"
"Exotic Clothing Shop","Магазин екзотичного одягу"
"Clothing Shop","Магазин одягу"
"Crafts Market","Ремесленський ринок"
"General Store","Універмаг"
" Lever"," Важіль"
"Custom Workshop","Майстерня"
" Door"," Двері"
" Floor Hatch"," Люк"
" Wall Grate"," Грати в стіні"
" Floor Grate"," Грати в підлозі"
"Vertical ","Вертикальні "
" Bars"," Прути"
" Floor Bars"," Прути на підлозі"
" Floodgate"," Шлюз"
" Rope"," Мотузка"
" Chain"," Ланцюг"
"Shared","Загальний"
"Rough ","Грубий "
" Archery Target"," Мішень"
" Gear Assembly"," Редуктор"
" Rollers"," Ролікі"
"Horizontal ","Горизонтальний "
" Axle"," Вал"
" Support"," Опора"
" Pillar"," Колона"
"Upright ","Висунутий "
"Retracted ","Прибраний "
"Spears","Списи"
"Spears/Spikes","Списи/кілки"
" Casket"," Труна"
" Sarcophagus"," Саркофаг"
" Coffin"," Труна"
" Chair"," Стілець"
" Throne"," Трон"
" Table"," Стіл"
" Cabinet"," Шафа"
" Weapon Rack"," Підставка для зброї"
" Armor Stand"," Підставка для обладунків"
" Coffer"," Скринька"
" Chest"," Скриня"
"Dirt","Грунтова"
" Road"," Дорога"
" Bridge"," Міст"
" Statue"," Статуя"
" Slab"," Меморіал"
"Glass","Скло"
" Window"," Вікно"
"Armor ","Обладунки "
"Weapon ","Зброя "
"Animal ","Тварини "
"Food ","Харчовий "
"Furniture ","Меблевий "
"Corpse ","Трупів "
"Refuse ","Відходи "
"Stone ","Камні "
"Ammo ","Боєприпаси "
"Coins ","Монет "
"Bar/Block ","Злитків/блоків "
"Gem ","Самоцвітів "
"Finished Goods ","Готових товарів "
"Leather ","Шкіри "
"Cloth ","Тканини "
"Wood ","Дерева "
"Stockpile #","Склад #"
" have hatched."," вилупився."
"You've caught a ","Ви спіймали "
"Your trap was robbed of the ","З вашої пастки вкрали "
" closes."," закриває."
"You hear ","Ви чуєте "
"distant ","вітдалений "
"nearby ","близький "
"grinding.","розмелювати."
" close."," закривати."
" opens."," відкриває."
" open."," відкрити."
" has constructed a masterpiece!"," створив шедевр!"
"A masterwork of ","Шедевр "
" has been lost!"," був втрачений!"
"Home","Дім"
"Plot","Ділянка"
"Mead Hall","Корчма"
"Throneroom","Тронний зал"
"Entrance","Вхід"
"Treasury","Скарбниця"
"Mechanism Room","Машинне вітділення"
"Guard post","Пост охорони"
"Noble quarters","Покої знаті"
"Captive Room","В'язниця"
"Tower Top","Дах вежі"
"Courtyard","Внутрішній двір"
"Secret Library","Таємна бібліотека"
"Market Stall","Торгівельна крамниця"
"Campground","Табір"
"Command Tent","Намет Керівництва"
"Tent","Намет"
"Command Tent (Bld)","Намет Керівництва (Споруда)"
"Tent (Bld)","Намет (Споруда)"
"Dungeon Cell","Клітка в'язниці"
"Animal Pit","Тваринна Яма"
"Cloth Pit","Яма Кравця"
"Tanning Pit","Дубильна Яма"
"Cloth Clothing Pit","Яма Тканинного Одягу"
"Leather Clothing Pit","Яма Кожаного Одягу"
"Bone Carving Pit","Яма Косторіза"
"Gem Cutting Pit","Яма Ювеліра"
"Weaponsmithing Pit","Яма Зброї"
"Bowmaking Pit","Яма Лукоділа"
"Blacksmithing Pit","Яма Коваля"
"Armorsmithing Pit","Яма Обладунків"
"Metal Crafting Pit","Яма Металічнних Виробів"
"Leatherworking Pit","Кожана яма"
"Carpentry Pit","Яма Тесляра"
"Stoneworking Pit","Яма Камнеріза"
"Forging Pit","Яма Коваля"
"Fighting Pit","Яма Бійців"
"Animal Workshop","Розплідник"
"Cloth Workshop","Кравецька Майстерня"
"Tanning Workshop","Дубильний Цех"
"Cloth Clothing Workshop","Майстерня Тканинного Одягу"
"Leather Clothing Workshop","Майстерня Кожаного Одягу"
"Bone Carving Workshop","Майстерня Косторіза"
"Gem Cutting Workshop","Майстерня Ювеліра"
"Weaponsmithing Workshop","Майстерня Зброяра"
"Bowmaking Workshop","Майстерня Лукороба"
"Blacksmithing Workshop","Ковальня"
"Armorsmithing Workshop","Майстерня Бронника"
"Metal Crafting Workshop","Ковальня"
"Leatherworking Shop","Шкіряна Лавка"
"Carpentry Workshop","Майстерня Столяра"
"Stoneworking Workshop","Майстерня Каменщика"
"Forging Workshop","Ковальня"
" Or "," Або "
", Etc.","і т.д."
"Furniture Hauling","Переміщення Мебелі"
"This is the ","Це "
" currency of "," валюта "
" from the year "," від року "
" from an unknown year"," від невідомого року"
" under an obscure ruler"," за невідомого правителя"
" under "," за "
" from a period of no rule"," з періоду без правителів"
"master","майстер"
" pulls"," тягне"
" on the embedded "," на вбудованому "
" lock"," блокуєте"
" locks"," блокує"
" place"," робите"
" places"," робить"
" a chokehold on "," задушливий захват на "
" take"," забираєте"
" takes"," забирає"
" down by the "," донизу "
" throw"," помічаєте"
" throws"," помічає"
" pinch"," стискаєте"
" pinches"," стискає"
" adjust"," вирішуєте"
" adjusts"," вирішує"
" the grip of "," від захвату "
" on "," на "
" bend"," заламуєте"
" bends"," заламує"
" struggle"," б'єтесь"
" struggles"," б'ється"
" in vain against the grip of "," в лещатах "
" release"," випускаєте"
" releases"," випускає"
" loosen"," послаблюєте"
" loosens"," послабляє"
" the choke hold of "," удушення "
" the joint lock of "," захват суглоба "
" break"," звільнюєтесь"
" breaks"," звільняється"
" shake"," трясете"
" shakes"," трясе"
" around by the "," кругом за "
" is ripped away and remains in "," відірвана та залишається в "
" mouth"," рот"
" grip"," захват"
" lose"," втрачаєте"
" loses"," втрачає"
" hold of the "," володіння над "
"strangle","душите"
" pass"," пропускаєте"
" passes"," пропускає"
" out."," над собою."
"grab","хватаєте"
"grabs","хватає"
" miss "," промахуєтесь "
" misses "," промахується "
" has moved out of range!"," вийшов за межу!"
"strikes","б'є"
"strike","б'єте"
"push","штавхаєте"
"pushes","штовхає"
" let"," дозволяєте"
" lets"," дозволяє"
" drop away as "," впасти, одночасно з "
"attack","нападаєте"
"attacks","нападає"
" catch"," ловите"
" catches"," ловить"
" attack "," нападаєте "
" attacks "," нападає "
" but "," але "
" scramble"," візповзаєте"
" strike at "," вдаряєте в "
" strikes at "," вдаряє в "
" but the shot is blocked!"," але постріл блокований!"
" scrambles"," відповзає"
" roll"," відкатуєтесь"
" rolls"," відкатується"
" jump"," відпригуєте"
" jumps"," відпригує"
" away"," геть"
" but the shot is "," але постріл був "
"deftly ","вправний "
"just barely ","ледве "
"easily ","без зусиль "
"parried","відбитий"
" away from "," від "
" but the shot is blocked"," але постріл заблокований"
" block "," блокуєте "
" blocks "," блокує "
"narrowly ","тісно "
"deflected","відключений"
" bat "," б'є "
" bats "," б'є "
" aside"," у бік"
" out of the air"," з повітря"
"silently ","тихо "
" leap at "," стрибаєте на "
" leaps at "," стрибає на "
" charge at "," нападаєте на "
" charges at "," нападає на "
" looks "," виглядає "
"surprised by the ferocity of ","здивованим жорстокістю "
" onslaught!"," натиску!"
" collide"," зіштовхуєтеся"
" collides"," зіштовхується"
" knocked over"," повалений"
" and tumble"," і падаєте"
" and tumbles"," і падає"
" backward"," назад"
" bounce"," відскакуєте"
" bounces"," відскакує"
"specks","плями"
"smear","пляма"
"coating","шар"
"myself","мене"
"are ","- "
"to ","до "
"a tavern","таверна"
"even ","навіть "
"  It is said that "," Кажуть, що "
"an unknown creature","невідома істота"
" my "," мій "
" a murderer."," вбивця."
" an enemy."," ворог."
" a friend."," друг."
" an animal."," тварина."
" my enemy."," мій ворог."
"hate","ненавидіти"
"a hero","герой"
"you.","вас."
" killed "," вбитий "
" my neighbor."," мій сусід."
"I don't know ","Я не знаю "
"Uhh...","Ухх..."
"I get so jealous sometimes.","Я іноді стаю таким ревнивим"
"Be happy!","Будь щасливим!"
"People can be so angry, and I just don't understand it.","Люди можуть бути "
"W... worried?  Do I look worried?","С... схвильований? Хіба я виглядаю схвильованим?"
"Yes, I want more.  Is that so bad?","Так, я хочу більше. Хіба ж це так погано?"
"I could really use a drink.","Я би зараз випив."
"So I overindulge sometimes.","Іноді я зловживаю."
"Sometimes I think I need a drink, but I can control myself.","Іноді я думаю, що мені треба випити, але я можу себе контролювати"
"Why must they be so violent?","Навіщо їм бути такими жорстокими?"
"Maybe I give up too early sometimes.","Мабуть, іноді я здаюсь надто рано."
"You don't care, so don't ask.","Тобі все одно, тому не питай."
"I try to live and behave properly.","Я намагаюсь жити і поводитись достойно."
"I was never one to follow advice.","Я ніколи не був тим, хто слухав чиїсь поради."
"Have no fear.","Я не боюся."
"Bravery is not a strength of mine.","Хоробрість не є моєю сильною стороною."
"My goals are important to me.","Мої цілі дуже важливі для мене."
"It's not a gift if you expect something in return.","Якщо ти очікуєш щось натомість, то це не подарунок."
"I like to dress well.","Я люблю гарно вдягатись."
"Did you hear the one about the ","Ви чули про "
"That isn't funny.","Це не смішно."
"You shouldn't waste your life on revenge.","Не варто витрачати своє життя на помсту."
"I am a very, very important person.","Я є дуже, дуже важлива персона."
"There's no room for mercy in this world.","У цьому світі нема місця для милосердя."
"Huh?  What was that?","Га? Що це було?"
"I'm curious.  Tell me everything!","Мені цікаво. Розкажи все!"
"I don't really want to know.","Я дійсно не хочу цього знати."
"I wonder what they think.","Мені цікаво, що вони думають."
"Who cares what they think?","Хто має діло до того, що вони думають?"
"I could tell you all about it!","Я міг би все розказати тобі про це!"
"I'm not going to change my mind.","Я не збираюсь змінювати свою думку."
"Try to keep an open mind.","Намагайся тримати свій розум відкритим."
"Everybody has their own way of life.","Кожен живе по своєму."
"Friendship is forever.","Дружба є навіки."
"Don't bother trying to play on my emotions.","Не намагайся грати на моїх емоціях."
"I'm happy to help.","Я радий допомогти."
"Why should I help?","Чому я маю допомагати?"
"Do your duty.","Виконай свій обов'язок"
"Oh, I don't usually think much.","Ох, я зазвичай не думаю багато."
"It's my mess.","Це моя помилка."
"It's such a joy to be with people.","Так добре бути з людьми."
"I try not to interrupt.","Я намагаюсь не перебити."
"There's so much to be done!","Ще так багато треба зробити!"
"What's the rush?","Куди поспішаєш?"
"Do you have dreams?  Tell me a story!","У тебе є мрії? розкажи мені історію!"
"I guess I just don't appreciate art.","Мені здається, що я просто не ціную мистецтво."
"I have","Я маю"
"I've","Я"
" been "," був "
"on ","на "
"I cannot stand the world any longer...","Я більше не можу терпіти цей світ..."
"I feel angry all the time.","Я весь час злий."
"I feel so tired of everything.","Я так стомився від всього."
"I'm doing ","Я роблю "
"Somebody help!","Хтось, допоможіть!"
"Ah...  uh...","Ах... ух..."
"Rawr!!!","Аррр!!!"
"Waaaaa...","Ааааа..."
"The pain!","Біль!"
"Every last one of you will pay with your lives!","Кожен з вас заплатить своїм життям!"
"Ahhhhhhh!  No!","Ахххххх! Ні!"
"Eek!","Ік!"
"What is the meaning of it all?!","Що це все означає?!"
"I can't believe how great I feel!","Я не можу повірити, як добре я почуваюсь!"
"What's going on?!","Що відбувається?!"
"What's that?!","Що це?!"
"Fantastic!","Фантастично!"
"I am so happy!","Я такий щасливий!"
"I will take revenge!","Я помщусь!"
"Ha ha!  So amusing!","Ха ха! Так забавно!"
"I am so angry!","Я такий злий!"
"I am very aroused!","Я доволі виспався!"
"This is so boring!","Це так нудно!"
"How embarrassing!","Як непристойно!"
"I feel so empty inside...","Я відчуваю таку пустоту всередині..."
"Such freedom I feel!","Я почуваюсь таким вільним!"
"Such happiness!","Таке щастя!"
"There is no hope!","Тут нема надії!"
"How incredibly interesting!","Як цікаво!"
"I'm so terribly lonely!","Я такий одинокий!"
"I am so nervous!","Я такий знервований!"
"Such nostalgia!","Така ностальгія!"
"My optimism is unshakeable!","Мій оптимізм є непереборним!"
"I'm panicking!  I'm panicking!","Я панікую! Я панікую!"
"I am so proud!","Я такий гордий!"
"Why does it keep happening to me?  Why me?!","Чому воно й далі трапляється зі мною? Чому я?!"
"I live to serve...  my dear master...","Я живу, щоб служити... мій господарю..."
"Such unhappiness!","Таке нещастя!"
"The wonder!","Диво!"
"I'm so worried!","Я такий схвильований!"
"What am I even doing here?","Що я взагалі тут роблю?"
"I feel so defeated...","Я почуваю себе таким переможеним..."
"It is done.","Готово."
"This is love.","Це кохання."
"I am not scared!","Я не злякався!"
"I'm very angry.","Я дуже злий."
"I'm aroused!","Я виспався!"
"It's boring.","Це нудно."
"There is no love.","Там немає любові."
"I laugh in the face of death!","Я сміюся в обличчя смерті!"
"I do not accept this.","Я не приймаю це."
"I don't feel agitated.","Я не відчуваю себе схвильованим."
"I'm not angry.","Я не злий."
"I'm not jolly.","Мені не весело."
"This doesn't put me in a jovial mood.","Це не робить мене радісним."
"This isn't the time for jubilation.","Зараз не час для тріумфування."
"I am not filled with loathing.","Я не переповнений огидою."
"I'm not lonely.","Я не самотній."
"I don't feel nervous.","Я не нервую."
"I'm not feeling nostalgic.","Я не відчуваю ностальгію."
"I'm not optimistic.","Я не оптимістичний."
"This doesn't outrage me.","Це не обурює мене."
"I'm not panicking.","Я не панікую."
"You were","Ви були"
"a robbery","пограбування"
"music","музика"
"I am together with my ","Я разом зі своїм "
"I am wearing old clothes.","Я ношу старий одяг."
"I was ","Я був "
"I'm thirsty.","Я хочу пити."
"I'm hungry.","Я голодний."
"I'm starving.","Помираю з голоду."
"It was snowing on me.","Мене припорошувало снігом."
"n exceptional"," винятковий"
" superior"," чудовий"
"I ate at a crowded table.","Я їв за людним столом."
"my lover","моє кохання"
"my mother","моя мати"
" is a waste of time."," це трата часу"
" is just bad."," це просто погано"
"This is my favorite dance.","Це мій улюблений танець"
"This is my favorite music.","Це моя улюблена музика"
"Is that ","Чи це "
"Looks like rain outside.","Схоже на вулиці дощ."
"Looks to be snowing outside.","Схоже, надворі пішов сніг."
"Look at the fog out there!","Подивись-но який там туман!"
"There is fog outside.","Надворі туман."
"There is a mist outside.","На вулиці темінь."
"Seems a pleasant enough ","Виглядає доволі славно "
"night","ніч"
"dawn","світанок"
"day","день"
"sunset","захід сонця"
"It is snowing.","Іде сніг."
" does not possess "," не володіє "
"Take me away from here.","Забери мене звідси."
"logs","колоди"
"a girl","дівчинка"
" Little"," Мало"
" head"," голова"
"is large, muscular and fat","великий, м'язистий і повний"
"is incredibly short","неймовірно низький"
"is weak, skinny and very short","слабкий, худий і дуже низький"
"is weak, skinny and short","слабкий, худорлявий і низький"
"chin","підборіддя"
"curving scar.  ","вигнутий рубець. "
"small ","малий "
"small","малий"
"Cloth (Plant)","Тканина (рослинна)"
"Cloth (Silk)","Тканина (шовкова)"
"Shields","Щити"
"Thread (Yarn)","Нитка (прядиво)"
"dark","темний"
"just","просто"
"salty","солоний"
"true","правда"
"wise","мудрий"
"darkness","темрява"
"games","ігри"
"lakes","озера"
"metals","метали"
"minerals","мінерали"
"oceans","океани"
"rumors","чутки"
"eldest son","старший син"
"second eldest son","другий син"
"third eldest son","третій син"
"fourth eldest son","четвертий син"
"fifth eldest son","п'ятий син"
"sixth eldest son","шостий син"
"seventh eldest son","сьомий син"
"eighth eldest son","восьмий син"
"ninth eldest son","дев'ятий син"
"tenth eldest son","десятий син"
"youngest son","наймолодший син"
"only son","єдиний син"
"eldest daughter","стадша дочка"
"second eldest daughter","друга дочка"
"third eldest daughter","третя дочка"
"fourth eldest daughter","четверта дочка"
"fifth eldest daughter","п'ята дочка"
"sixth eldest daughter","шоста дочка"
"seventh eldest daughter","сьома дочка"
"eighth eldest daughter","восьма дочка"
"ninth eldest daughter","дев'ята дочка"
"tenth eldest daughter","десята дочка"
"only daughter","єдина дочка"
"youngest daughter","наймолодша дочка"
"eldest child","старша дитина"
"second eldest child","друга дитина"
"third eldest child","третя дитина"
"fourth eldest child","четверта дитина"
"fifth eldest child","п'ята дитина"
"sixth eldest child","шоста дитина"
"seventh eldest child","сьома дитина"
"eighth eldest child","восьма дитина"
"ninth eldest child","дев'ята дитина"
"tenth eldest child","десята дитина"
"youngest child","наймолодша дитина"
"only child","єдина дитина"
"older brother","старший брат"
"older sister","старша сестра"
"Desert","Пустеля"
"Forest","Ліс"
"Mountains","Гори"
"Ocean","Океан"
"Lake","Озеро"
"Tundra","Тундра"
"Hills","Пагорби"
"mosquito","комар"
"moth","міль"
"leech","п'явка"
"hawk","яструб"
"crow","ворона"
"raven","крук"
"hedgehog","їжак"
"mole","кріт"
"bat","кажан"
"wolf","вовк"
"coyote","койот"
"fox","лисиця"
"bear","ведмідь"
"elephant","слон"
"horse","кінь"
"zebra","зебра"
"tapir","тапір"
"rhinoceros","носоріг"
"pig","свиня"
"camel","верблюд"
"Carpentry","Теслярство"
"Swimming","Плавання"
"Poetry","Піїтика"
"Music","Музика"
"Beekeeping","Бджолярство"
"Knife","Ніж"
"Mason","Муляр"
"Planter","Садівник"
"Swimmer","Плавець"
"Appraiser","Оцінювач"
"Organizer","Організатор"
"Liar","Брехун"
"Conversationalist","Балакун"
"Comedian","Комік"
"Fisherman","Рибалка"
"Weaponsmith","Зброяр"
"Blacksmith","Коваль"
"Woodcrafter","Різьбяр"
"Bookbinder","Палітурник"
"Potter","Гончар"
"Glassmaker","Склодув"
"Student","Студент"
"Observer","Спостерігач"
"Writer","Письменник"
"Poet","Поет"
"Reader","Читач"
"Speaker","Промовець"
"Dancer","Танцюрист"
"Musician","Музикант"
"Singer","Співак"
"Keyboardist","Клавішник"
"Percussionist","Ударник"
"Logician","Логік"
"Mathematician","Математик"
"Astronomer","Астроном"
"Chemist","Хімік"
"Geographer","Географ"
"Teacher","Учитель"
"Wrestler","Борець"
"Dodger","Спритник"
"Spearman","Списоносець"
"Crossbowman","Арбалетник"
"Pikeman","Пікінер"
"Bowman","Лучник"
"Beekeeper","Пасічник"
"Weaver","Ткач"
"Brewer","Бровар"
"Miller","Мірошник"
"Thrower","Метальник"
"Druid","Друїд"
"Cook","Кухар"
"Milker","Дояр"
"Shearer","Стригаль"
"Spinner","Прядильщик"
"poet","поет"
"bard","бард"
"dancer","танцюрист"
"killer","забивач"
"hunter","мисливець"
"murderer","душогуб"
"thief","крадій"
"tanner","кожум'яка"
"Loading world to start new game","Завантаження світу, для початку гри"
"Metal Clothing","Металевий одяг"
"leader","лідер"
"warlord","воєначальник"
"general","головний"
"generals","головні"
"war leader","полководець"
"war leaders","полководці"
"clerk","писар"
"body","тіло"
"Sleep","Сон"
"The image ","Це зображення "
"cookable ","можна готувати "
"solid ","твердий "
"milk ","молоко "
"furniture ","меблі "
"soap ","мило "
"*** STARTING NEW GAME ***","*** ПОЧАТОК НОВОЇ ГРИ ***"
"grown ","виращений "
"rock","камінь"
"stones","камні"
"bars","злитки"
"charcoal","деревне вугілля"
"coke","кокс"
"refined coal","очищене вугілля"
" bars"," злитки"
" wafers"," пластини"
"quiver","сагайдак"
"cup","чашка"
"goblet","кубок"
"window","вікно"
"bucket","кошик"
"catapult parts","частини метавки"
"ring","кільце"
"corpse","труп"
"taiga","тайговий"
"insurrection","повстання"
"flight","політ"
"the insurrection","повстання"
" devoured "," з'їв "
"became a ","став <ablt> "
"gave birth to","народила"
"Some","Дещо"
" cloth"," тканина"
" was a legendary "," був легендарним "
" civilization of "," цивілізація "
" religion of "," релігія "
" bandit gang from "," ватага бандитів з "
" until "," доки не "
"former member","колишній член"
"home","дім"
"an unknown civilization","невідома цивілізація"
"an unknown site","невідоме місце"
"a wall","стіна"
"a bridge","міст"
"a tunnel","тунель"
"a road","дорога"
"an unknown artifact","невідомий артефакт"
"an unknown region","невідомий регіон"
"scuffle","бійка"
"a force","сила"
" the first of "," першим з <gent> "
" the only one of "," єдиним в "
"colored","забарвлений"
"[NAME:great axe:great axes]","[NAME:дворучна сокира:дворучні сокири]"
"[NAME:battle axe:battle axes]","[NAME:бойова сокира:бойові сокири]"
"the Dance","Танець"
"Seed","Насіння"
" Bag"," Мішок"
"Died ","Помер "
"At one with ","На одному з "
"Friend of ","Друг "
"The color ","Колір "
" happy"," щасливий"
"is depressing","пригнічує"
"nothing.","нічого."
"a day's travel","денний перехід"
"crystal glass gems","кришталь"
" chest"," скриня"
" image"," зображення"
"Select","Вибір"
"Main menu","Головне меню"
"Pause","Пауза"
"Help","Допомога"
"flowers","квіти"
"Sorting","Сортування"
"Regions","Регіони"
"Legends","Легенди"
" creature"," створіння"
"again ","знову "
" the world."," світ."
"catacombs","катакомби"
"tower","вежа"
"magma","магма"
"amber","бурштин"
"ground amber","перемелений бурштин"
"ground coral","перемелений корал"
"green glass","зелене скло"
"ground green glass","перемелене зелене скло"
"green glass paste","паста з зеленого скла"
"pressed green glass","пресоване зелене скло"
"molten green glass","розплавлене зелене скло"
"ground clear glass","перемелене прозоре скло"
"crystal glass","кришталь"
"ground crystal glass","перемелений кришталь"
"ice","лід"
"snow","сніг"
"slush","суміш"
"coal","вугілля"
"ash","попіл"
"mud","мул"
"grime","сажа"
" coughs"," кашляє"
" cough"," кашляєте"
" up blood."," кров'ю."
" vomit"," блювота"
" blood."," кров."
" trunk"," стовбур"
" roots"," коріння"
" branches"," гілки"
" twigs"," тонкі гілки"
" cap"," капелюх"
"Sharp blades","Гострі леза"
"tree","дерево"
"The music","Музика"
"sometimes","іноді"
"always","завжди"
"Each ","Кожний "
"another ","інший "
"Embark Points","Очки висадки"
"North","Північ"
"South","Південь"
"Finalizing...","Завершення..."
"   Events: "," Подій: "
"Temperate Conifer Forest","Помірні хвойні ліси"
"Tropical Dry Brdlf Forest","Сухі тропічні ліси"
"Tropical Moist Brdlf Forst","Вологі тропічні ліси"
"Temperature: ","Клімат: "
"Warm","Теплий"
"Trees: ","Дерева: "
"Scarce","Обмаль"
"Sparse","Доволі рідко"
"Woodland","Ліси"
"Heavily Forested","Густі ліси"
"Other Vegetation: ","Інша рослинність: "
"Moderate","Помірно"
"Thick","Густо"
"River: ","Річка: "
"Minor River: ","Мала річка: "
"Stream: ","Потік: "
"Brook: ","Струмок: "
"Volcano: ","Вулкан: "
"Mountain: ","Гора: "
"Ice","Лід"
"Shallow Clay","Глина (не глибоко)"
"Little soil","Ґрунт (мало)"
"Some soil","Ґрунт (небагато)"
"Deep soil","Ґрунт (глибокий)"
"Very deep soil","Ґрунт (дуже глибокий)"
"Extremely deep soil","Ґрунт (надзвичайно глибокий)"
"Flux stone layer","Шар флюсу"
"Medium","Середній"
"Small","Малий"
"Smaller","Дуже маленький"
"Pocket","Компактний"
"250 years","250 років"
"5 years","5 років"
"Everywhere","Всюди"
"Frequent","Часто"
"Rare","Рідко"
"personally ","особисто "
"is trusting","довірливий"
"is assertive","наполегливий"
" in conversation"," у спілкуванні"
", although ",", хоча "
" body"," тіло"
"work","робота"
"Grass","Трава"
"Dry ","Сухий "
"Dry Grass","Суха трава"
"Level","Рівень"
"Young ","Молоде "
"Ashes","Попіл"
"Waterfall","Водоспад"
"River","Річка"
" Downward Slope"," схил"
"Unknown","Невідомий"
"Warm ","Теплий "
"wall","стіна"
"rusted metal","заіржавілий метал"
"white cloth","біла тканина"
"[DESCRIPTION:The ","[DESCRIPTION: "
" chests"," скрині"
" pipes"," труби"
"string","рядок"
"drums","барабани"
"triangles","трикутники"
"The musician ","Музикант "
"[CONTAINS:sand]","[CONTAINS:пісок]"
"[ODOR_STRING:death]","[ODOR_STRING:смертю]"
"shade","тінь"
"brown","коричневий"
"green","зелений"
"white","білий"
"flame","полум'я"
"composed of flame","складається з полум'я"
"red","червоний"
"inferno","пекло"
"flare","блиск"
"flash","спалах"
"flaming","палаючий"
"scorching","палючий"
"composed of amber","складається з бурштину"
"composed of coral","складається з коралів"
"composed of green glass","складається із зеленого скла"
"composed of clear glass","складаються з прозорого скла"
"composed of crystal glass","складається з кришталю"
"black","чорний"
"[CDI:ADV_NAME:Hurl fireball]","[CDI:ADV_NAME:Метати вогняні кулі]"
"[CDI:ADV_NAME:Spray jet of fire]","[CDI:ADV_NAME:Порскати струменем вогню]"
"[ODOR_STRING:mud]","[ODOR_STRING:бруд]"
"[ODOR_STRING:smoke]","[ODOR_STRING:димом]"
"[CDI:ADV_NAME:Spray web]","[CDI:ADV_NAME:Порскати павутиною]"
" tail"," хвіст"
" tails"," хвости"
"swamp","болотний"
"marsh","болотний"
"sand","піщаний"
"desert","пустельний"
"jungle","джунглі"
"forest","лісний"
"ocean","морський"
"lake","озерний"
"glacier","льодовиковий"
"tundra","тундра"
"brush","чагарниковий"
"savanna","савана"
"plains","рівнинний"
"hill","пагорб"
" titan:"," титан:"
" titans:"," титани:"
"-titan]","-титан]"
"horned","рогатий"
"winged","крилатий"
"skinless","обезшкірений"
"three-eyed","триокий"
"one-eyed","одноокий"
"eyeless","безокий"
"blind","сліпий"
"demon","демон"
"demons","демони"
"demonic","демонічний"
"devil","диявол"
"devils","дияволи"
"fiend","дідько"
"fiends","дідьки"
"monsters","монстри"
"spirit","дух"
"spirits","духи"
"ghost","привид"
"ghosts","привиди"
"wraith","привид"
"hand","рука"
"fighter","боєць"
"Doom","Загибель"
"bane","отрута"
"Ruination","Крах"
"Hand","Рука"
"butcher","м'ясник"
"[NAME:shirt:shirts]","[NAME:сорочка:сорочки]"
"[NAME:cap:caps]","[NAME:шапка:шапки]"
"[NAME:helm:helms]","[NAME:шолом:шоломи]"
"[NAME:hood:hoods]","[NAME:каптур:каптури]"
"[NAME:turban:turbans]","[NAME:тюрбан:тюрбани]"
"[NAME:mask:masks]","[NAME:маска:маски]"
"[NAME:sock:socks]","[NAME:шкарпетка:шкарпетки]"
"[NAME:sandal:sandals]","[NAME:сандаля:сандалі]"
"[ATTACK:BLUNT:1:10:lash:lashes:NO_SUB:5000]","[ATTACK:BLUNT:1:10:батіг:батоги:NO_SUB:5000]"
"[NAME:arrow:arrows]","[NAME:стріла:стріли]"
"[NAME:halberd:halberds]","[NAME:алебарда:алебарди]"
"[NAME:maul:mauls]","[NAME:кувалда:кувалди]"
"[NAME:war hammer:war hammers]","[NAME:бойовий молот:бойові молоти]"
"She","Вона"
"Slowly","Повільно"
"Suddenly","Зненацька"
"Only","Тільки"
"Time","Час"
"The Day","День"
"The Night","Ніч"
"The Wind","Вітер"
"The Sea","Море"
"The Sands","Піски"
"The Wise","Мудрість"
"The Dirt","Бруд"
"The Fool","Дурень"
"The Future","Майбутнє"
"The Past","Минуле"
"Will Tell","Скаже"
"Can Say","Може сказати"
"Know","Знає"
"Laugh","Сміх"
"the Verse","Вірш"
"the Words","Слова"
"the Voice","Голос"
"the Rhythm","Ритм"
"the Music","Музика"
" Language"," Мова"
"Friends","Друзі"
"the Lie","Брехня"
"Lies","Брехня"
"Plans","Плани"
"the Word","Слово"
"Words","Слова"
"Complaints","Скарги"
"Willpower","Сила волі"
"Joy","Радість"
"Quality","Якість"
"Method","Метод"
"Dialogue","Діалог"
"Happiness","Щастя"
"the Facts","Факти"
"Proof","Доказ"
"the Soul","Душа"
"the Body","Тіло"
"the Mind","Розум"
"the War","Війна"
"Laws","Закони"
"the Rule","Закон"
"the Law","Закон"
"Education","Освіта"
"Economics","Економіка"
"Government","Уряд"
"Beauty","Краса"
"the Proof","Доказ"
"the Line","Пряма"
"the Method","Метод"
"the Triangles","Трикутники"
"Perpendicularity","Перпендикулярність"
"Right Triangles","Прямокутні трикутники"
"Isoceles Triangles","Рівнобедрений трикутник"
"the Angles","Кути"
"the Right Triangle","Прямокутний трикутник"
"the Hypotenuse","Гіпотенуза"
"the Postulates","Постулати"
"the Axioms","Аксіоми"
"the Volume","Об'єм"
"the Pyramid","Піраміда"
"the Greatest Common Divisor","Найбільший спільний дільник"
"the Algorithm","Алгоритм"
"Uniqueness","Унікальність"
"the Cone","Конус"
"Division","Ділення"
"the Table","Таблиця"
"Circles","Кола"
"the Circle","Коло"
"the Area of Circles","Площа кола"
"the Triangle","Трикутник"
"the Area","Площа"
"the Parabola","Парабола"
"Remainders","Остача"
"the Diagonal","Діагональ"
"the Infinite","Нескінченність"
"the Sphere","Сфера"
"the Formula","Формула"
"the Equation","Рівняння"
"Reliability","Надійність"
"Biographies","Біографії"
"Cultures","Культури"
"Ruins","Рухни"
"the Tides","Припливи"
"the Moon","Місяць"
"the Center","Центр"
"the Year","Рік"
"the Sun and Moon","Сонце і Місяць"
"the Eclipse","Затемнення"
"the Stars","Зорі"
"Star Charts","Зоряна карта"
"the Brightness of Stars","Яскравість зір"
"the Path","Шлях"
"Precession","Прецесія"
"Diseases","Хвороби"
"the Muscles","М'язи"
"the Tavern","Корчма"
"Loss","Втрата"
"Neighbors","Сусіди"
"the Diplomat","Дипломат"
"the Secret","Секрет"
"the Gift","Дарунок"
"Treasure","Скарб"
"Genius","Геній"
"the Discovery","Відкриття"
"the Uprising","Повстання"
"the Rebellion","Бунт"
"the Revolt","Переворот"
"the Revolution","Революція"
"the Insurrection","Заколот"
"the Battle","Битва"
"Hunger","Голод"
"the Duel","Дуель"
"the Explorer","Дослідник"
"the Summit","Зустріч"
"the Traveler","Мандрівник"
"the Mystery","Таємниця"
"Ruin","Руїни"
"force","сила"
"the Spirit","Дух"
"the Fortress","Фортеця"
"the Forest","Ліс"
"the Trees","Дерева"
"the Village","Село"
"the Maze","Лабіринт"
"the Castle","Замок"
"the Vault","Сховище"
"the Region","Регіон"
"the World","Світ"
"the Desert","Пустеля"
"the Mountains","Гори"
"the Sea","Море"
"the Ocean","Океан"
"the Ice","Лід"
"the Tundra","Тундра"
"the Plains","Рівнини"
"the Magma","Магма"
"the Caverns","Печери"
"a population of ","населення "
"the People","Люди"
"the Faith","Віра"
"the Religion","Релігія"
"technological evolution","технічна еволюція"
"archaeology","археологія"
"moon phases","місячні фази"
"the sun and seasons","сонце і пори року"
"the lever","важіль"
"the wedge","клин"
"gears","коліщата"
"Created in DF ","Створено в DF "
"Never Married","Ніколи не одружувався"
" Child"," Дитина"
"visitor","гість"
" but",", але"
"Woven Clothing","В'язаний одяг"
"house","дім"
"market square","ринкова площа"
"vault","сховище"
"warehouse","склад"
"yard","двір"
"fortress entrance","вхід до фортеці"
"shrine","вівтар"
"X Dimension","Розмір по X"
"Y Dimension","вісь <<y>>"
"Rain","Опади"
"Flux Stone Layer","Шар флюсу"
"Underground River","Підземна річка"
"Underground Pool","Підземне озеро"
"Magma Pool","Озеро магми"
"Soil","Ґрунт"
" Deep"," Глибоко"
" Some"," Небагато"
"Searching ","Йде пошук "
"Unretire ","Залишити "
"Embark preparations were not completed.","Приготування до висадки не завершені."
"Profile ","Профіль "
"** Starting New Outpost **","** Створення нового форпоста **"
""", a ",""", "
"fortress","фортецю"
"labyrinth","лабіринт"
"keeps ","тримає "
"When ","Коли "
" when "," коли "
"shakes ","трусить "
"runs ","біжить "
" rolls "," котитися "
"blows ","дує "
" starts getting bored"," починає нудьгувати"
"Water is frozen","Вода замерзла"
"Need cloth","Потрібна тканина"
"miner","шахтар"
"carpenter","тесляр"
"woodcutter","лісоруб"
"engraver","гравер"
"mason","муляр"
"jeweler","ювелір"
"potter","гончар"
"weaver","ткач"
"clothier","кравець"
"glassmaker","скляр"
"fishery worker","рибний промисловець"
"fisherman","рибалка"
"fish dissector","рибообробник"
"fish cleaner","рибоочисник"
"farmer","землероб"
"milker","дояр"
"gelder","каструвальник"
"shearer","стригаль"
"spinner","прядильщик"
"cook","кухар"
"thresher","молотник"
"miller","мірошник"
"dyer","фарбувальник"
"presser","пресувальник"
"beekeeper","бджоляр"
"planter","садівник"
"herbalist","травник"
"brewer","бровар"
"soap maker","миловар"
"potash maker","виробник поташу"
"lye maker","лужник"
"wood burner","золяр"
"engineer","технік"
"mechanic","механік"
"siege engineer","конструктор облогових машин"
"siege operator","облоговий машиніст"
"pump operator","машиніст-насосник"
"trader","торговець"
"suturer","накладач швів"
"merchant","торговець"
"drunk","п'яниця"
"hammerman","молотобоєць"
"spearman","списоносець"
"crossbowman","арбалетник"
"wrestler","борець"
"axeman","сокирник"
"swordsman","мечник"
"maceman","боєць з булавою"
"bowman","лучник"
"lasher","батогар"
"recruit","новобранець"
"Peasant","Селянин"
"Corpse","Трупи"
"the force","сила"
"Woodworker","Деревообробник"
"Armorer","Бронник"
"Soap Maker","Миловар"
"Clerk","Писар"
"Trader","Торговець"
"Philosopher","Філософ"
"Historian","Історик"
"Naturalist","Природознавець"
"Drunk","П'яничка"
"Scout","Розвідник"
"Beast Hunter","Звіролов"
"Recruit","Новобранець"
"Baby","Дитинча"
" has stopped responding to the world..."," замкнувся у собі..."
" has gone berserk!"," геть сказився!"
" has gone stark raving mad!"," конче збожеволів!"
" is stricken by melancholy!"," впав у меланхолію!"
" has forgotten a demand."," забув про свою вимогу."
" has a new demand."," має нову вимогу."
" has mandated the construction of certain goods."," вимагає випуску певних товарів."
" has imposed a ban on certain exports."," заборонив експорт деяких товарів."
" has altered the prices of goods."," передивився ціни на товари."
" caught in a cloud of "," охоплений хмарою "
"You have learned the power ""","Ви опанували силу """
"You have ","Ви "
"transformed into a ","перетворився на "
"a shortage of patience","нетерплячий"
" (no library)"," (немає бібліотеки)"
"Generating world using parameter set ","Генеруємо світ за заданими параметрами "
" Seed: "," Зерно: "
" History Seed: "," Зерно історії: "
" Name Seed: "," Зерно назви: "
" Creature Seed: "," Зерно істот: "
"It is raining ","З неба ллється "
"It is snowing ","З неба падає "
"Winter is upon you.","Вас застигла зима."
"Winter has arrived on the calendar.","За календарем настала зима."
"The dry season has come.","Почався засушливий сезон."
"Autumn has come.","Прийшла осінь."
"Autumn has arrived on the calendar.","За календарем настала осінь."
"It is now summer.","Настало літо."
"Summer has arrived on the calendar.","За календарем настало літо."
"The wet season has arrived!","Почався сезон дощів."
"Spring has arrived!","Весна прийшла!"
"Spring has arrived on the calendar.","За календарем настала весна."
" improved "," покращено "
" masterfully!"," майстерно!"
"This artwork is a","Цей твір"
"This engraving appears on a wall ","Це вигравування знаходиться на стіні "
"This engraving appears on a floor ","Це вигравування знаходиться на підлозі "
" somewhere"," десь"
"This artwork appears ","Цей твір знаходиться "
"on the back of ","на зворотньому боці "
"on the front of ","спереду "
"This artwork appears on a ","Цей твір знаходиться на "
"This work of art is a ","Це витвір мистецтва "
" and was crafted in "," і був виготовлений в "
"It is a","Це"
"Engraved ","гравірування "
"on the floor ","на підлозі "
"on the wall ","на стіні "
"On the coin's back ","На обороті монети "
"On the front of the coin ","На лицьовій частині монети "
"On the item ","На предметі "
"The item ","Предмет "
"is a","є"
" fine"," відмінний"
" rendition of "," відтворення "
" masterfully designed"," майстерно зроблений"
"n exceptionally designed","винятково зроблений"
" superiorly designed"," чудово зроблений"
" finely-designed"," якісно  зроблений"
" well-designed"," добре зроблений"
"The artwork relates to ","Цей твір пов'язаний з "
" during "," протягом "
"was commissioned by","замовлено"
"is the symbol of","є символом"
"Something has collapsed on the surface!","Щось обвалилося на поверхні!"
"After a polite discussion with local rivals, ","Після ввічливого обговорення з місцевими конкурентами, "
"After a polite discussion with a local rival, ","Після ввічливого обговорення з місцевим конкурентом, "
" has claimed the position of "," обійняв посаду "
", being the rightful heir, has inherited the position of ",", будучи законним спадкоємцем, успадкував посаду "
" has been appointed to the position of "," був призначений на посаду "
" has been elected to the position of "," був обраний на посаду "
"very near","дуже близько"
"far","далеко"
"nearly a day's travel","майже денний перехід"
"a half day's travel","пів-денна подорож"
"a short walk","коротка прогулянка"
"aboveground","на поверхні"
"inaccessible from here","недоступний звідси"
"in the depths","в глибині"
"A snow storm has come.","Налетіла снігова буря."
"It has started raining.","Пішов дощ."
"The weather has cleared.","Погода покращується."
"You have discovered a river.","Ви знайшли річку."
"You have discovered an expansive cavern deep underground.","Ви знайшли великі печери глибоко під землею"
"You have discovered a great magma sea.","Ви знайшли велике море магми."
"You have discovered a deep pit.","Ви знайшли глибоку яму."
"You have discovered a magma pool.","Ви виявили озеро магми."
"You have discovered a volcano.","Ви знайшли вулкан"
"!  Praise the miners!","! Слава шахтарям!"
"You have found a curious underground structure.","Ви знайшли цікаву підземну структуру"
"You have struck ","Ви знайшли "
"The falling debris has defaced a ","Падаючі уламки зіпсували "
"The impertinent vegetation has defaced a ","Рослини пошкодили "
"A careless farmer has defaced a ","Необережний фермер пошкодив "
"A foolish builder defaced a ","Дурний будівельник пошкодив "
" have married.  Congratulations!"," одружилися. Вітаємо!"
"green glass gems","криштали зеленого скла"
"clear glass gems","криштали прозорого скла"
" is throwing a tantrum!"," впадає в істерику!"
" has slipped into depression..."," полинув у депресію ...   "
" is stumbling around obliviously!"," безцільно метається навколо!"
" has entered a martial trance!"," впав у бойовий транс!"
"eat","їсте"
"eats","їсть"
" has guzzled some "," вилакав трохи "
"You feed on ","Ви годуєте "
" flounder"," борсаєтеся"
" flounders"," спотикається"
" in the water"," у воді"
" in the lava"," у лаві"
" in the magma"," в магмі"
" push "," штовхаєте "
" pushes "," штовхає "
" lose hold of the "," втрчаєте володіння "
" loses hold of the "," втрачає володіння "
"You stand up.","Ви підіймаєтесь."
" stands up."," підіймається."
"You lie on the ground.","Ви лежите на землі."
" lies on the ground."," лежить на землі."
