"stone","k‹"
"drums","dobok"
"attack","t mad s"
"Activity","Tev‚kenys‚g"
"Training Session","Edz‚s"
"Activity Event","Tev‚kenys‚g esem‚ny"
"Research","Kutat s"
"Play","J t‚k"
"Worship","Istentisztelet"
"Socialize","Szocializ l"
" empty "," res "
" empties "," r¡t "
" pick up "," felvenni "
" picks up "," felveszi "
" embraces "," ”lel‚s "
" has shared many tales from beyond "," sok t”rt‚netet osztott meg a t£lvil gr¢l "
" has shared a few rumors."," megosztott n‚h ny pletyk t."
" has shared a rumor from abroad."," megosztott egy klf”ldi pletyk t."
" gives you "," neked adja "
" has discovered "," felfedezve "
"Stoneworker","K‹mûves"
" has become a student of "," tanul¢j v  v llt "
"Ponder ","Elm‚kedik "
"Learn ","Tanul "
"Teach ","Tan¡t "
"Discuss ","Megbesz‚l "
"Read","Olvas"
"Write","Ör"
"Write about ","Ör r¢la "
"Copy","M sol"
"Meditate on ","Medit l "
"Pray to ","Im dkozik "
"Go to Combat Training","Harci edz‚sre megy"
"Organize Combat Training","Harci edz‚st szervez"
"Lead Combat Training","Vezet‹ harci kik‚pz‚se"
"Wait for Combat Training","V rj a harci kik‚pz‚sre"
"Play Make Believe","Sz¡nlel‚st j tszik"
"Play with ","J tszik vele "
"Inveigh Against ","R galmaz s ellene: "
"Promote ","N‚pszerûs¡t "
"Loyalty","Hûs‚g"
"Family","Csal d"
"Friendship","Bar ts g"
"Power","Er‹"
"Truth","Igazs g"
"Cunning","Ravaszs g"
"Eloquence","kessz¢l s"
"Fairness","M‚lt nyoss g"
"Decorum","Illem"
"Tradition","Hagyom ny"
"Artwork","Mûalkot s"
"Cooperation","Egyttmûk”d‚s"
"Independence","Fggetlens‚g"
"Stoicism","Higgadts g"
"Introspection","™nvizsg lat"
"Self-Control","™nkontrol"
"Tranquility","Nyugalom"
"Harmony","Harm¢nia"
"Merriment","Vid ms g"
"Craftsmanship","K‚zmûvess‚g"
"Martial Prowess","Vit‚zs‚g"
"Skill","Szak‚rtelem"
"Hard Work","Kem‚ny munka"
"Sacrifice","µldozat"
"Competition","Verseny"
"Perseverance","Kitart s"
"Leisure Time","Szabadid‹"
"Commerce","Kereskedelem"
"Romance","Romantika"
"Nature","Term‚szet"
"Peace","B‚ke"
"Knowledge","Tud s"
"Preach on ","Pr‚dik lj "
"Listen to Sermon","Szentbesz‚d meghallgat sa"
"Tell Story","T”rt‚netet mes‚l"
"Listen to Story","T”rt‚net meghallgat sa"
"Listen to Poetry","Hallgasd meg a k”ltem‚nyt"
"Play ","J t‚k "
"Simulate ","Szimul l "
"Sing","nekel"
"Chant","K nt l"
"Recite Poetry","Mondd el a k”ltem‚nyt"
"Perform Music","Zene el‹ad sa"
"Listen to Music","Zene meghallgat sa"
"Perform Dance","T ncel‹ad s"
"Watch Dance","N‚zd a t ncot"
"Go to ","Menj "
" Demonstration"," Demonstr l"
"Lead ","Vezet "
"Organize ","Szervez "
"Watch ","N‚z "
"Wait for ","V r "
"Serve Customer","šgyf‚l kiszolg l s ra"
"Serve ","Szolg l "
"Go to Individual Combat Drill","Menj az egy‚ni harci kik‚pz‚sre"
"Individual Combat Drill","Egy‚ni harci kik‚pz‚s"
"/Resting","/Pihen‚s"
"Go to Sparring Match","Menj a boxm‚rk‹z‚sre"
"Spar","™k”lv¡v s"
"Go to Sparring Practice","Menj a box gyakorl sra"
"Watch Sparring Practice","N‚zd a box gyakorl st"
"Archery Practice","Öj sz gyakorl s"
"You cannot perform here.","Nem adhatsz el‹ itt."
"You could not find a partner.","Nem tal lt l partnert."
"There are not enough dancers.","Nincs el‚g t ncos."
"There is not enough room to perform here.","Nincs el‚g hely a v‚grehajt shoz."
"Some children","N‚h ny gyerek"
"is"," az"
"begins","kezd‹dik"
"begin","kezd"
" playing make believe."," j tszva hidd el."
" playing with "," j t‚k "
"a toy","egy j t‚k"
"The performers","Az el‹ad¢k"
"a sermon on ","egy pr‚dik ci¢t "
"the story of ","a t”rt‚nete "
"reciting the poem ","a vers elszaval sa "
"an improvised recital of ","egy r”gt”nz”tt el‹ad s "
"the musical composition ","a zenei ”ssze ll¡t s "
"improvised music, ","r”gt”nz”tt zene, "
"dancing ","t nc "
"an improvised dance, ","egy t nc improviz ci¢, "
" in the middle of "," a k”zep‚n "
"You continue the sermon.","Folytatod a pr‚dik ci¢t."
"The sermon continues.","A pr‚dik ci¢ folytat¢dik."
"You continue the story.","Folytatod a t”rt‚netet."
"The story continues.","A t”rt‚net folytat¢dik."
"You begin","Te kezdesz"
"The poetry enters","A k”lt‚szet elindul"
"the ","a "
" line."," sor."
"the verse paragraph","a vers bekezd‚se"
" verse paragraph"," vers bekezd‚s"
"the stanza","a str¢fa"
" stanza"," str¢fa"
"You continue the poem.","Folytatod a verset."
"The poem continues.","A vers folytat¢dik."
"You enter ","Bel‚psz "
"The dance enters a new section with ","A t nc £j szakaszba l‚p "
"The music enters ","A zene beindul "
"a simple passage","egyszerû  tj r¢"
"the introduction","a bemutatkoz s"
"the exposition","az expoz¡ci¢"
" of the theme"," a t‚m nak"
" of the first theme"," az els‹ t‚m nak"
" of the second theme"," a m sodik t‚m nak"
" of the previous passage"," az el‹z‹ passzusnak"
"a recapitulation","egy ”sszegz‚s"
"the synthesis","a szint‚zis"
" of the two themes"," a k‚t t‚ma k”zl"
" of previous passages"," kor bbi r‚szekb‹l"
"a verse","egy vers"
"a chorus","egy k¢rus"
"the finale","a fin l‚"
"the coda","a coda"
"a bridge-passage","egy h¡d- tj r¢"
"first ","els‹ "
"second ","m sodik "
"theme","t‚ma"
"Your","Tied"
"instrument","hangszer"
"song","dal"
" beautifully."," gy”ny”rûen."
" sound"," hang"
" speak"," besz‚l"
" tell"," mes‚l"
" the story in vivid detail."," a t”rt‚netet sz¡nes r‚szletekkel."
" telling the tale quite well."," el‚g j¢l elmes‚li a t”rt‚netet."
"It has no pages.","Nincsenek lapjai."
"Groups","Csoportok"
"Intrigue","Intrika"
"Civilization","Civiliz ci¢"
"Religion","Vall s"
"Mountain","Hegys‚g"
"Mangrove Swamp","Mangrove mocs r"
"Taiga","Tajga"
"Temperate Freshwater Swamp","M‚rs‚kelt ‚desvizû mocs r"
"Temperate Saltwater Swamp","M‚rs‚kelt s¢s vizû mocs r"
"Temperate Freshwater Marsh","M‚rs‚kelt ‚desvizû l p"
"Temperate Saltwater Marsh","M‚rs‚kelt s¢s vizû l p"
"Tropical Freshwater Swamp","Tr¢pusi ‚desvizû mocs r"
"Tropical Saltwater Swamp","Tr¢pusi s¢s vizû mocs r"
"Tropical Freshwater Marsh","Tr¢pusi ‚desvizû l p"
"Tropical Saltwater Marsh","Tr¢pusi s¢s vizû l p"
"Temperate Broadleaf Forest","M‚rs‚kelt lomblevelû erd‹"
"Tropical Coniferous Forest","Tr¢pusi tûlevelû erd‹"
"Temperate Grassland","M‚rs‚kelt legel‹"
"Temperate Savanna","M‚rs‚kelt szavanna"
"Temperate Shrubland","M‚rs‚kelt cserj‚s"
"Tropical Grassland","Tr¢pusi legel‹"
"Tropical Savanna","Tr¢pusi szavanna"
"Tropical Shrubland","Tr¢pusi cserj‚s"
"Badlands","Siv rs g"
"Rocky Wasteland","Szikl s pusztas g"
"Sand Desert","Homoksivatag"
"Tropical Ocean","Tr¢pusi ¢ce n"
"Temperate Ocean","M‚rs‚kelt ¢ce n"
"Arctic Ocean","Sarkvid‚ki ¢ce n"
"Temperate Freshwater Pool","M‚rs‚kelt ‚desvizû medence"
"Temperate Brackish Pool","M‚rs‚kelt enyh‚n s¢s vizû medence"
"Temperate Saltwater Pool","M‚rs‚kelt s¢s vizû medence"
"Tropical Freshwater Pool","Tr¢pusi ‚desvizû t¢"
"Tropical Brackish Pool","Tr¢pusi enyh‚n s¢s vizû medence"
"Tropical Saltwater Pool","Tr¢pusi s¢s vizû medence"
"Temperate Freshwater Lake","M‚rs‚kelt ‚desvizû medence"
"Temperate Brackish Lake","M‚rs‚kelt enyh‚n s¢s vizû t¢"
"Temperate Saltwater Lake","M‚rs‚kelt s¢s vizû t¢"
"Tropical Freshwater Lake","M‚rs‚kelt ‚desvizû t¢"
"Tropical Brackish Lake","Tr¢pusi enyh‚n s¢s vizû t¢"
"Temperate Freshwater River","M‚rs‚kelt ‚desvizû foly¢"
"Temperate Brackish River","M‚rs‚kelt enyh‚n s¢s vizû foly¢"
"Temperate Saltwater River","M‚rs‚kelt s¢s vizû foly¢"
"Subterranean Magma","F”ldalatti magma"
"the Underworld","az Alvil g"
"the magma sea","a magmatenger"
"the depths of the world","a vil g m‚lyeinek"
" to "," a "
"somebody","valaki"
"The ","A "
" by ","  ltal "
"Writing","Ör s"
"death","hal l"
"a poem","egy vers"
"music","zene"
"dance","t nc"
"We must go back.","Vissza kell mennnk."
"spinning ","forog "
"flying ","repl "
" from behind"," h tulrol"
" from the side"," oldalrol"
"the part","a r‚sz"
" collapses!"," ”sszed‹l!"
"tearing","t‚p"
"tearing apart","sz‚t t‚p"
"shattering","sz‚tt”r"
"fracturing","elt”r"
"bruising","z£z"
" apart"," sz‚t"
" and"," ‚s"
" tearing apart"," sz‚t t‚p"
" tearing"," elszak¡t"
" bruising"," z£z"
" through a hole in the "," a lyukon keresztl "
"main part","f‹ r‚sz"
" part"," r‚sz"
"through the ","keresztl a "
"out of the wound","ki a sebb‹l"
" most of"," legt”bb"
" half of"," fele"
" a piece of"," egy r‚sze"
" the rest of"," a marad‚ka"
" through the "," keresztl "
"your","tied"
"decomposing","leboml¢"
"rotten","rohadt"
"filthy","mocskos"
"stinking","bzl‹"
"an artery","egy art‚ria"
" has been opened by the attack"," sz‚tny¡lt a t mad st¢l"
"many nerves","sok ideget"
"a motor nerve","egy motor ideg"
"a sensory nerve","egy szenzoros ideg"
"have","van"
"torn","t‚pve"
"bruised","z£zva"
"a tendon","egy ¡n"
" become enraged!"," feldh”d”tt!"
" latch on firmly"," szorosan r fog"
" latches on firmly"," szorosan r fogott"
" latch on firmly!"," szorosan r fog!"
" latches on firmly!"," szorosan r fogott!"
" been knocked unconscious!"," eszm‚letlenre lett tve!"
" been stunned again!"," £jra elk bult!"
" been stunned!"," elk bult!"
" having more trouble breathing!"," probl‚m sabb sz m ra a l‚gz‚s!"
" having trouble breathing!"," probl‚m s a l‚gz‚s!"
" feel"," ‚rez"
" looks"," n‚z"
" even more sick!"," m‚g betegebb!"
" sick!"," beteg!"
"hunting.","vad szat."
"fighting!","vereked‚s!"
"Create","L‚trehoz"
"Skills","Szak‚rtelmek"
"Dragonfire","S rk nytûz"
"item","t rgy"
" is visiting."," l togat."
"Winter","T‚l"
"Autumn","Šsz"
"Summer","Ny r"
"Spring","Tavasz"
"torturing ","k¡noz "
"burning ","‚g "
"greeting ","dv”z”l "
"refusing ","elutas¡t "
"speaking with ","besz‚l vele "
"hiding ","rejteget "
"praying to ","im dkozik "
"cooking ","f‹z "
"impaled on ","felny rsal¢dott "
"hanging from ","l¢g a "
"praying","im dkozik"
"screaming","sik¡t"
"being tortured","k¡nozz k"
"in a fetal position","magzat p¢zba"
"falling","esik"
"dead","halott"
"laughing","nevet"
"being shot","megl”vik"
"melting","olvad"
"burning","‚g"
" terrified"," r‚mlt"
" offended"," s‚rt‹d”tt"
" confused"," zavarodott"
"suffering","szenved"
"traveling","utaz s"
"cooking","f‹z‚s"
"rotting ","rohad¢ "
"ghostly ","szellemes "
"female ","n‹ "
"male ","f‚rfi "
"Overview","µttekint‚s"
"Health","Eg‚szs‚g"
"Rooms","Szob k"
"Relations","Kapcsolatok"
"Thoughts","Gondolatok"
"Personality","Szem‚lyis‚g"
" Year"," v:"
" Old"," ™reg"
"Spouse: ","H zast rs: "
" lovers"," szeret‹k"
"Lover: ","Szeret‹: "
" children"," gyerek"
"High stamina","Magas  ll¢k‚pess‚g"
"Weak","Gyenge"
"Clumsy","šgyetlen"
"Frail","Esend‹"
"Low stamina","Alacsony  ll¢k‚pess‚g"
"High willpower","Er‹s akarater‹"
"High social awareness","Er‹s t rsadalmi tudatoss g"
"Low willpower","Gyenge akarater‹"
"Impatient","Trelmetlen"
"Poor social awareness","Gyenge t rsadalmi tudatoss g"
"Disdains advice","Megveti a tan csokat"
"Temperate","M‚rs‚kelt"
"Rude","Goromba"
"Low self esteem","Alacsony ”nbecsl‚s"
"Values stoicism","rt‚keli a higgadts got"
"Disdains law","Megveti a t”rv‚nyeket"
"Disdains loyalty","Megveti a hûs‚get"
"Disdains family","Megveti a csal dot"
"Disdains friendship","Megveti a bar ts got"
"Disdains power","Megveti a hatalmat"
"Disdains truth","Megveti az igazs got"
"Disdains cunning","Megveti a ravaszs got"
"Disdains eloquence","Megveti az ‚kessz¢l st"
"Disdains fairness","Megveti a m‚lt nyoss got"
"Disdains decorum","Megveti az illemszab lyokat"
"Disdains tradition","Megveti a hagyom nyt"
"Disdains artwork","Megveti a mûalkot sokat"
"Disdains cooperation","Megveti az egyttmûk”d‚st"
"Disdains independence","Megveti a fggetlens‚get"
"Disdains stoicism","Megveti a higgadts got"
"Disdains introspection","Megveti az ”nelemz‚st"
"Disdains self-control","Megveti az ”nuralmat"
"Disdains tranquility","Megveti a nyugalmat"
"Disdains harmony","Megveti a harm¢ni t"
"Disdains merriment","Megveti a j¢kedvet"
"Disdains craftwork","Megveti a k‚zmûvess‚get"
"Disdains martial prowess","Megveti a harciass got"
"Disdains skill","Megveti a szak‚rtelmet"
"Disdains hard work","Megveti a kem‚ny munk t"
"Disdains sacrifice","Megveti az  ldozatv llal st"
"Disdains competition","Megveti a verseng‚st"
"Disdains perseverance","Megveti a kitart st"
"Disdains leisure time","Megveti a szabadid‹s tev‚kenys‚get"
"Disdains commerce","Megveti a kereskedelmet"
"Disdains romance","Megveti a romantik t"
"Disdains nature","Megveti a term‚szetet"
"Disdains peace","Megveti a b‚k‚t"
"Disdains knowledge","Megveti a tud st"
"Thirsty","Szomjas"
"Exhausted","Kimerlt"
"Tired","F radt"
"Drowning","Fulladozik"
"Pain","F jdalom"
"Numb","Zsibbadt"
"Fever","L z"
"Bleeding","V‚rzik"
"Healthy","Eg‚szs‚ges"
"Needs ","Szks‚gletek "
"No official position","Nincs hivatalos  ll spont"
"Focused!","F¢kusz lt!"
"Focused","F¢kusz lt"
"Recent thoughts","Legut¢bbi gondolatok"
"Traits","Jellemvon sok"
"Preferences","Kedvencek"
"Needs","Szks‚gletek"
" needs"," szks‚gletek"
"stone... rock","k‹... szikla"
"Unnamed bedroom","N‚v n‚lkli h l¢szoba"
"Unnamed dining hall","N‚v n‚lkli ‚tkez‹"
"Building","plet"
"Population: ~600","N‚pess‚g: ~600"
"Population: <10","N‚pess‚g: <10"
"Civilization: ","Civiliz ci¢: "
" civilization"," civiliz ci¢"
"Vengeance","Bossz£"
"Civilizations","Civiliz ci¢k"
"Ramps and channels","R mp k ‚s csatorn k"
"Quit","Kil‚p‚s"
" of 20)"," a 20-b¢l)"
"Click the help button","Kattints a s£g¢ gombra"
"Don't show again","Ne mutasd £jra"
"Next","K”vetkez‹"
"Non-interactive help will be available whatever you decide.","A nem interakt¡v seg¡ts‚g el‚rhet‹ lesz, b rhogy is d”ntesz."
"On your own!","Magadra maradt l!"
"If this is your first time playing, please heed the embark warnings about aquifers, saltwater, and other hazards. ","Ha ez az els‹ j t‚kod, k‚rjk, vedd figyelembe a v¡ztartal‚kokkal, s¢s v¡zzel ‚s egy‚b vesz‚lyekkel kapcsolatos figyelmeztet‚seket. "
"Some locations are challenging even for experienced players, and it will be a very short game indeed if you don't know how to deal with them!","N‚h ny helysz¡n m‚g a tapasztalt j t‚kosok sz m ra is kih¡v st jelent, ‚s val¢ban nagyon r”vid lesz a j t‚k, ha nem tudod, hogyan kell megbirk¢zni velk!"
"After you embark, help is available by pressing the help button in the top right corner, including all of the tutorials.","Miut n elindult l, a jobb fels‹ sarokban tal lhat¢ s£g¢ gomb megnyom s val rendelkez‚sre  ll a seg¡ts‚g, bele‚rtve az ”sszes oktat¢programot is."
" (1 of 8)"," (1 a 8-b¢l)"
"Your view is focused on one elevation at a time.  To move the camera around, press ","A l t¢sz”ged egyszerre csak egy magass gra ”sszpontosul. A kamera mozgat s hoz nyomd meg: "
"] or hold the middle mouse button and drag the view.","] vagy tartsd lenyomva a k”z‚ps‹ eg‚rgombot, ‚s h£zd a n‚zetet."
"To change the camera's elevation, press ","A kamera emelked‚si szintj‚nek m¢dos¡t s hoz nyomd meg: "
"] and ","] ‚s "
"] or [C:2:0:1]roll the mouse wheel[C:7:0:0].  Hold shift to move faster.","] vagy [C:2:0:1]g”rgesd az eg‚rg”rg‹t[C:7:0:0]. A gyorsabb mozg shoz tartsd lenyomva a Shift billentyût."
"When your view is in the air above other tiles, you can see them below, but you can only interact with objects in your current elevation.","Amikor a n‚z‹pontod a leveg‹ben van m s mez‹k felett, l thatod ‹ket odalent, de csak az aktu lis magass godban l‚v‹ objektumokkal tudsz interakci¢ba l‚pni."
"The view will be dark underground until you begin mining.  You can move the camera to the surface with the surface button (highlighted.)  The ","A f”ld alatti l tk‚p s”t‚t lesz, am¡g el nem kezded a b ny szatot. A kamer t a felsz¡nre mozgathatod a felsz¡n gomb seg¡ts‚g‚vel (kiemelt.) A "
"] hotkey will recenter on your wagon.","] gyorsbillentyûvel a szek‚rhez ugorhatsz."
" (2 of 8)"," (2 a 8-b¢l)"
"It's time to get to work!  Let's start by digging a stairwell into the ground.  ","Ideje munk hoz l tni! Kezdd azzal, hogy  sol a f”ldbe egy l‚pcs‹sort. "
"order also works.","parancs szint‚n mûk”dik."
"Now we'll unpause the game and let the miner finish the task.  Press ","Most pedig ind¡tsd el a j t‚kot, ‚s hagyd, hogy a b ny sz befejezze a feladatot. Nyomd meg: "
"to unpause or use the highlighted controls at the top of the screen.  You should pause regularly starting out.","a sznet felold s hoz, vagy haszn ld a k‚perny‹ tetej‚n tal lhat¢ kiemelt vez‚rl‹elemeket. Kezdetben ‚rdemes rendszeresen sznetet tartanod."
"Consider that most [C:6:0:0]Workshops[C:7:0:0] are 3x3 squares.  Mining through the stone layers further down may take longer, ","Vedd figyelembe, hogy a legt”bb [C:6:0:0]Mûhely[C:7:0:0] 3x3 n‚gyzetnyi . A m‚lyebben fekv‹ k‹r‚tegeken val¢ b ny szat hosszabb id‹t vehet ig‚nybe, "
"Feel free to pause and check out the information.","Nyugodtan tarts sznetet ‚s n‚zd meg az inform ci¢kat."
"Right click to dismiss the information sheet.","Kattints a jobb eg‚rgombbal az inform ci¢s fl elutas¡t s hoz "
" (7 of 8)"," (7 a 8-b¢l)"
"This is an example urgent alert!  These are very important.  Ignore them at your peril.","Ez egy p‚lda a srg‹ss‚gi riaszt s! Ezek nagyon fontosak. Vesz‚lyes figyelmen k¡vl hagyni ‹ket."
"Important and sometimes urgent information is given as alerts on the left side of the screen. ","A fontos ‚s n‚ha srg‹sen figyelmet ig‚nyl‹ inform ci¢k figyelmeztet‚sek form j ban jelennek meg a k‚perny‹ bal oldal n.  "
"Hover over an alert icon to see the information. ","Az inform ci¢k megtekint‚s‚hez vidd az eg‚rmutat¢t a figyelmeztet‹ ikon f”l‚. "
"Left click on an alert for recentering options, and right click to dismiss an alert.","Kattints bal eg‚rgombbal egy riaszt sra az £jrarendez‚si lehet‹s‚gekhez, kattints jobb eg‚r gombbal a riaszt s elutas¡t s hoz."
"You may need supplies before the coming of winter. ","rdemes lehet k‚szleteket felhalmoznod m‚g a t‚l be llta el‹tt. "
"You need something of value to trade. ","A keresked‚shez valami ‚rt‚kes dologra van szks‚ged. "
"Miner","B ny sz"
"Woodcutter","Fav g¢"
"[C:7:0:0], and [C:2:0:0]","[C:7:0:0], ‚s [C:2:0:0]"
"Fisherdwarf","Hal szt”rpe"
"There are two ways to make drinks for your residents.","K‚tf‚lek‚ppen k‚sz¡thetsz italokat a lak¢knak."
"The main way is by brewing alcohol. ","A legf‹bb megold s az alkoholf‹z‚s. "
"The highest mountain elevations do not have soil. ","A fels‹bb hegyvid‚ki magass gokban nincs talaj. "
"Make sure to leave the ceiling above intact so the underground soil doesn't receive any sunlight.","šgyelj arra, hogy a mennyezetet ‚rintetlenl maradjon ‚s a f”ld alatti talaj ne kapjon napf‚nyt."
"This isn't rich soil, but will suffice for now.  Dig deeper to find better soil. ","Ez nem ‚ppen term‚keny talaj, de egyel‹re megteszi. µss m‚lyebbre, hogy jobb talajt tal lj. "
"You need to select the crops to be grown each season. ","Minden ‚vszakra ki kell v lasztaniod a termesztend‹ n”v‚nyeket. "
"[C:6:0:1]Fertilizer[C:7:0:0] and skilled [C:2:0:0]Planters[C:7:0:0] have a direct impact on crop yield. ","A [C:6:0:1]Mûtr gya[C:7:0:0] ‚s a k‚pzett [C:2:0:0]šltet‹k[C:7:0:0] k”zvetlen hat ssal vannak a term‚shozamra. "
"These effects are more pronounced deep underground where you can locate the cavern biome and its rich soil.","Ezek a hat sok m‚g er‹teljesebbek a f”ld m‚ly‚n, ahol a barlangi bioszf‚ra ‚s annak term‚keny talaja tal lhat¢."
"Zones","Z¢n k"
"Nobles and administrators","Nemesek ‚s tisztvisel‹k"
"Nobles and certain administrators require rooms, and some may also make demands.","A nemesek ‚s bizonyos tisztvisel‹k kl”n szob kat ig‚nyelnek, ‚s egyesek ak r ig‚nyeket is megfogalmazhatnak."
"Justice","Igazs gszolg ltat s"
"Squads","Csapatok"
"If you have found magma you can build a [C:6:0:0]Magma Smelter[C:7:0:0] directly over it, otherwise you need [C:6:0:1]Fuel[C:7:0:0]. ","Ha magm t tal lt l, akkor k”zvetlenl f”l‚ ‚p¡thetsz egy [C:6:0:0]Magmaolvaszt¢t[C:7:0:0] , kl”nben [C:6:0:1]Fût‹anyagra[C:7:0:0]lesz szks‚g. "
"One way is to simply re-designate the damp stone for mining in order to build a 3x3 room around the stairs. ","Az egyik lehet‹s‚g, hogy a l‚pcs‹ k”r‚ egy 3x3-as szob t ‚p¡tsnk az, hogy a nedves k”vet egyszerûen £jra b ny szatra jel”ljk ki. "
"The regular mining command digs a tunnel into the side of a mountain or deep underground. ","A k”z”ns‚ges b ny szat parancs egy j rat ki s s t rendeli el egy hegy oldal ba vagy m‚lyen a f”ld al . "
"Digging a ramp into a wall on the same level will create a connection to the higher level and remove the ceiling. ","Ha egy r mpa kerl ki s sra az ugyanazon a szinten l‚v‹ falban, azzal kapcsolat l‚tesl a magasabb szinthez, ‚s a mennyezet elt vol¡t sra kerl. "
"Once a ramp is present, you can start using the regular mining command on the higher level.","Ha m r rendelkez‚sre  ll egy r mpa, akkor elkezdheted haszn lni a k”z”ns‚ges b ny szparancsot a magasabb szinten."
"Digging a channel will mine out a floor or wall at the current level and dig out a ramp at the level ","Csatorna  s sakor egy padl¢ vagy fal kib ny sz sra kerl az aktu lis szinten, ‚s egy r mpa pedig ki s sra kerl k”vetkez‹ szinten: "
"Plant","šltet"
"religion","vall s"
"bone","csont"
"tooth","fog"
"Text entry","Sz”veg bevitel"
"Macros","Makr¢k"
"Delayed repeat","K‚sleltetett ism‚tl‚s"
"Don't repeat","Ne ism‚teld"
"Audio has been manually disabled.","A hang manu lisan kikapcsol sra kerlt."
"Master Volume: ","µltal nos hanger‹: "
"Audio","Hang"
"Pause","Sznet"
"Other","Egy‚b"
"Mouse: ","Eg‚r: "
"Autosave frequency","Automatikus ment‚s gyakoris ga"
"Yearly","ves"
"Autosave the game after embark","Automatikus ment‚s a j t‚kba l‚p‚s ut n"
"Pause after every autosave","Sznet minden automatikus ment‚s ut n"
"Pause after loading","Sznet bet”lt‚s ut n"
"Loading object files...","Objektumf jlok bet”lt‚se..."
"Adventurer","Kalandor"
"All active/manual/autosaves there will be deleted!","Minden akt¡v/manu lis/automatikus ment‚s t”rl‚sre kerl!"
"Autosave","Automatikus ment‚s"
"Start new game in existing world","éj j t‚k ind¡t sa egy megl‚v‹ vil gban"
"About DF","A DF-r‹l"
"Loading...","Bet”lt‚s..."
"Needs: ","Szks‚gletek: "
"The rules of the form are applied by composers to produce individual pieces of music which can be performed.  ","A formula szab lyait a zeneszerz‹k alkalmazz k, hogy egyedi, el‹adhat¢ zenemûveket hozzanak l‚tre. "
"lord","£r"
"Dead/Missing","Halott/Eltûnt"
"Stone","K‹"
"Stone/clay","K‹/agyag"
"Blocks: stone/clay","T”mb”k: k‹/agyag"
"Other stone","Egy‚b k‹"
"Cut stone","V gott k‹"
"ballista parts","balliszta alkatr‚szek"
"My apologies, but we're still unloading.","Eln‚z‚sedet k‚rjk, de m‚g mindig rakodunk."
"Creatures","L‚nyek"
"Meeting area","Tal lkoz¢helyis‚g"
"Bedroom","H l¢szoba"
"Dining hall","tkez‹"
"Only organized religions can have recognized priesthoods.","Csak szervezett vall soknak lehet elismert paps ga."
"Magma forge","Magmakoh¢"
"Magma glass furnace","Magma-vegkemence"
"Magma kiln","Magmakemence"
"Magma smelter","Magmaolvaszt¢"
"Table","Asztal"
"Statue","Szobor"
"Wall","Fal"
"Floor","Padl¢"
"Ramp","R mpa"
"Bridge","H¡d"
"Well","K£t"
"Millstone","Malomk‹"
"Stone-fall","K‹oml s"
"Needs open space","Ny¡lt t‚r szks‚ges"
"Regular mining blueprint","K”z”ns‚ges b ny szati tervrajz"
"Regular mining","K”z”ns‚ges b ny szat"
"Removing stairs/ramp/constructions","L‚pcs‹k/r mp k/‚p¡tm‚nyek elt vol¡t sa"
"Stair mining blueprint","L‚pcs‹sor ki s s nak alaprajza"
"Stair mining","L‚pcs‹sor ki s sa"
"Ramp mining blueprint","R mpa ki s s nak alaprajza"
"Ramp mining","R mpa ki s sa"
"Channel mining blueprint","Csatorna s s alaprajza"
"Channel mining","Csatorna s s"
"Converting mining blueprint to regular","Tervrajz  talak¡t sa k”z”ns‚ges b ny szatt "
"Water","V¡z"
"Click an icon to set stockpile type.","A k‚szlet t¡pus nak be ll¡t s hoz kattints egy ikonra."
"Meeting Area","Tal lkoz¢hely"
"Dining Hall","tkez‹"
"Select a type below to add a zone.","Egy z¢na l‚trehoz s hoz v lassz ki egy t¡pust az al bbiak k”zl."
"Click an icon to add a new zone.","éj z¢na hozz ad s hoz kattints egy ikonra."
"dining halls.","‚tkez‹k."
"bedroom","h l¢szoba"
"dining hall","‚tkez‹"
"Cold","Hideg"
"Drink","Iszik"
"Early ","Kora "
"Mid-","K”z‚p-"
"Late ","K‚s‹ "
"Dig a regular hallway or room.  Assign a miner to the work detail if necessary.  The miner requires a pick.","µss egy k”z”ns‚ges folyos¢t vagy szob t. Ha szks‚ges, rendelj ki egy b ny szt a munk hoz. A b ny sznak cs k nyra van szks‚ge."
"Designate constructed walls, floors, and other constructed tiles to be removed by miners.  This also designates all stairwells and ramps.","Jel”ld ki a b ny szok  ltal elt vol¡tand¢ ‚p¡tett falakat, padl¢kat ‚s egy‚b ‚p¡tett padl¢lapokat. Ez kijel”li az ”sszes l‚pcs‹sort ‚s r mp t is."
"Dig a stairwell on this level, going up or down.  Your selection must span multiple elevations.  Click on a tile, change elevations, and click again.","µss egy felfel‚ vagy lefel‚ ir nyul¢ l‚pcs‹sort ezen a szinten. A parancsnak t”bb emeletre kell kiterjednie. Kattints egy mez‹re, v ltoztasd meg a magass got, majd kattints £jra."
"Dig a ramp on this level, going up.","µss egy r mp t ezen a szinten, felfel‚ haladva."
"Dig a channel, making a ramp on the level below.","µss egy csatorn t, ‚s alak¡ts ki egy r mp t az alatta l‚v‹ szinten."
"Hold left button to draw.","Tartsd nyomva a bal eg‚rgombot a rajzol shoz."
"Left click to choose corners of a rectangle.","Bal kattint ssal v laszthatod ki a t‚glalap sarkait."
"Dig every tile selected.","Minden kiv lasztott mez‹ ki s sa."
"Dig only ore and gems selected, and automine any ore and gems of the same type which are uncovered.","Csak a kiv lasztott ‚rcek ‚s dr gak”vek kerlnek kitermel‚sre, a felt rt azonos t¡pus£ ‚rcek ‚s dr gak”vek automatikusan kerlnek kitermel‚se."
"Dig only ore and gems selected.","Csak a kiv lasztott ‚rcek ‚s dr gak”vek kitermel‚se."
"Dig only gems selected.","Csak a kiv lasztott dr gak”vek kitermel‚se."
"Selected tiles are very high priority.","A kiv lasztott mez‹k nagyon magas priorit s£ak."
"Selected tiles are high priority.","A kiv lasztott mez‹k magas priorit s£ak."
"Selected tiles are high-medium priority.","A kiv lasztott mez‹k magas-k”zepes priorit s£ak."
"Selected tiles are medium priority. [DEFAULT]","A kiv lasztott mez‹k k”zepes priorit s£ak. [DEFAULT]"
"Selected tiles are medium-low priority.","A kiv lasztott mez‹k alacsony-k”zepes priorit s£ak."
"Selected tiles are low priority.","A kiv lasztott mez‹k alacsony priorit s£ak."
"Selected tiles are very low priority.","A kiv lasztott mez‹k nagyon alacsony priorit s£ak."
"Change to blueprint-only mode.","V lt s kiz r¢lagosan alaprajz zemm¢dra."
"Show advanced options.","B‹v¡tett be ll¡t sok megjelen¡t‚se."
"Hide advanced options.","B‹v¡tett be ll¡t sok elrejt‚se."
"Carve a track in a stone floor.  Tracks are used by minecarts with routes set in the hauling menu.","V‚ss egy nyomvonalat a k‹padl¢ba. A nyomvonalakat a b nyakocsik haszn lj k, amelyek £tvonal t a vontat si menben lehet be ll¡tani."
"Place zones to establish meeting areas, pastures, and more.","Helyezz el z¢n kat, hogy tal lkoz¢helyeket, legel‹ket ‚s egyebeket alak¡thass ki."
"Assign a new or existing location to this zone.  Locations are groups of zones and rooms with a larger purpose, like a tavern, a temple, a library, or a craft guildhall.","éj vagy megl‚v‹ helysz¡n hozz rendel‚se ehhez a z¢n hoz. A helysz¡nek z¢n k ‚s helyis‚gek csoportjai, amelyek nagyobb c‚lt szolg lnak, mint p‚ld ul egy kocsma, egy templom, egy k”nyvt r vagy egy k‚zmûves c‚h csarnoka."
"Items designated for dumping will be tossed into open air spaces included in this zone.  If no open air tiles are included, they will dump the items on the floor.","A lerak sra kijel”lt t rgyakat az ebbe a z¢n ba tartoz¢ szabadt‚ri terletekre kell helyezni. Ha nincsenek benne szabad mez‹k, akkor a t rgyakat a padl¢ra kerlnek."
"This important zone is where your citizens will gather to socialize.  Crucially, the meeting area is where locations such as taverns, temples, hospitals, and the like are established.","Ez a fontos z¢na az a hely, ahol a lakosok ”sszegyûlnek, hogy szocializ l¢djanak. Kiemelten fontos, hogy a tal lkoz¢hely az a terlet, ahol olyan helyeket lehet l‚trehozni, mint a kocsm k, templomok, k¢rh zak ‚s hasonl¢k."
"Your citizens will sleep in bedrooms.  It should include a bed!  Try to enclose it with walls and/or doors.  Do not overlap with other rooms.","A lakosok h l¢szob kban alszanak majd. Ennek tartalmaznia kell egy  gyat! Pr¢b ld meg falakkal ‚s/vagy ajt¢kkal k”rlz rni. Ne legyen  tfed‚sben m s helyis‚gekkel."
"Your citizens will eat at this zone.  When not assigned to a particular citizen, citizens without their own dining hall will eat here.  Tables and adjacent chairs should be included.","A lakoss g ebben a z¢n ban fog ‚tkezni. Ha nincs hozz rendelve egy adott lakoshoz, a saj t ‚tkez‹vel nem rendelkez‹ lakosok itt fognak ‚tkezni. Asztalokat ‚s velk szomsz‚dos sz‚keket is tartalmaznia kell."
"Sort by distance from the depot.","Rendez‚s a lerakatt¢l val¢ t vols g szerint."
"Sort by value.","Rendez‚s ‚rt‚k szerint."
"Display water and magma depth numerically (1 to 7.)","A v¡z ‚s a magma m‚lys‚g‚nek sz mbeli megjelen¡t‚se (1-t‹l 7-ig)."
"Show up and down arrows over ramps at the current elevation.","Felfel‚ ‚s lefel‚ mutat¢ nyilak megjelen¡t‚se a r mp k felett az aktu lis magass gban."
"Furnaces are used for smelting, glassmaking, pottery, ashmaking, or to make fuel from wood or raw coal.  Furnaces require fuel to function, or they can be set above magma.","A kemenc‚ket olvaszt sra, veggy rt sra, fazekass gra, hamugy rt sra, illetve f b¢l vagy nyers sz‚nb‹l sz rmaz¢ tzel‹anyag el‹ ll¡t s ra haszn lj k. A kemenc‚k mûk”d‚s‚hez tzel‹anyagra van szks‚g, de ak r magma f”l‚ is helyezhet‹k."
"Most terrain-altering constructions can be found here, from walls and floors to bridges, ramps, stairs, and more.","Itt tal lod a legt”bb terepm¢dos¡t¢ ‚p¡tm‚nyt, a falakat ‚s a padl¢t, a hidakat, a r mp kat, a l‚pcs‹ket ‚s egyebeket."
"This crucial building is where all trading will be done.  Pack animals from distant civilizations will need to access this building from the edge of the map.  Later, wagons will need a clear 3-wide path to the depot.","Ez a kulcsfontoss g£ ‚plet az a hely, ahol minden keresked‚s zajlik. A t voli civiliz ci¢kb¢l ‚rkez‹ teherhord¢  llatoknak a t‚rk‚p sz‚l‚r‹l kell megk”zel¡tenik ezt az ‚pletet. K‚s‹bb a szekereknek egy 3 mez‹ sz‚less‚gû, akad lymentes £tra lesz szks‚gk."
"Forge weapons and armor here, as well as most other metal objects from furniture to trap components.  Magma below the forge will power tasks.  You are responsible for placing the forge above the magma, but no other fuel is required.","Fegyvereket, p nc‚lokat, valamint a rengeteg m s f‚mt rgyat is kov csolhatsz itt, a b£torokt¢l a csapdaelemekig. A kov csmûhely alatti magma biztos¡tja az energi t a mûk”d‚shez. A kov csmûhelyt magma f”l‚ kell helyezni, de nincs szks‚g egy‚b tzel‹anyagra."
"Make stone furniture here, as well as blocks which are used in constructions.","Itt k‚sz¡thetsz k‹b£torokat, valamint az ‚p¡tkez‚sekhez haszn latos t”mb”ket."
"Make sugar, flour, and various useful slurries here.  Tasks are completed very slowly compared to the powered millstone.","Itt k‚sz¡thetsz cukrot, lisztet ‚s m s hasznos z£zal‚kokat. A feladatokat a meghajt ssal rendelkez‹ malomk‹h”z k‚pest nagyon lassan v‚gzi el."
"You can make a variety of objects using three different types of glass.  You can also collect sand in bags from a task originating here, if you have a sand collection zone.  Magma below the furnace will power tasks.  You are responsible for placing the furnace above the magma, but no other fuel is required.","H romf‚le vegt¡pusb¢l k‚sz¡thetsz kl”nf‚le t rgyakat. Az itt zajl¢ mûveletekkel homokot gyûjthetsz zs kokba, ha van homokgyûjt‹ terleted. A kemence alatti magma biztos¡tja az energi t a mûk”d‚shez. Magma f”l‚ kell helyezni, de nincs szks‚g egy‚b tzel‹anyagra."
"Bake clay objects here, as well as a few other useful materials.  Clay can also be collected here if you have a clay collection zone.  Magma below the kiln will power tasks.  You are responsible for placing the kiln above the magma, but no other fuel is required.","gess ki agyagt rgyakat, valamint n‚h ny m s hasznos anyagot. Agyagot is lehet itt gyûjteni, ha van agyaggyûjt‹ z¢n d. A kemence alatti magma biztos¡tja az energi t a mûk”d‚shez. Magma f”l‚ kell helyezni, de nincs szks‚g egy‚b tzel‹anyagra."
"Make metal bars from ore here.  Can also refine coal into usable fuel or make alloys.  Magma below the smelter will power tasks.  You are responsible for placing the smelter above the magma, but no other fuel is required.","Ezen a helyen ‚rcb‹l f‚mrudakat lehet el‹ ll¡tani. A szenet tzel‹anyagg  lehet alak¡tani, vagy ”tv”zeteket lehet el‹ ll¡tani. A koh¢ alatti magma biztos¡tja az energi t a mûk”d‚shez. Magma f”l‚ kell helyezni, de nincs szks‚g egy‚b tzel‹anyagra."
"Chests and coffers are used in personal bedrooms for storing non-clothing objects.  They are also used in some zone-based locations like taverns, hospitals, and libraries for storing useful materials.  A box object must be made before it can be placed.","A szem‚lyi h l¢szob kban l‚v‹ l d k ‚s kom¢dok nem ruh zati t rgyak t rol s ra szolg lnak. N‚h ny z¢na-alap£ helyen, p‚ld ul kocsm kban, k¢rh zakban ‚s k”nyvt rakban is haszn lhat¢k hasznos anyagok t rol s ra. A l da t rgyat el‹bb el kell k‚sz¡teni, miel‹tt elhelyezhet‹ lenne."
"Cabinets are used in personal bedrooms for storing clothing objects.  A cabinet object must be made before it can be placed.","A szem‚lyi h l¢szob kban l‚v‹ szekr‚nyeket ruh zati t rgyak t rol s ra haszn lj k. A szekr‚nyt el kell k‚sz¡teni, miel‹tt elhelyezhet‹ lenne."
"Citizens that cannot be buried properly can still be memorialized on slabs.  Slabs are created and engraved at the stoneworker's shop.","Azoknak a polg roknak, akiket nem lehet megfelel‹en eltemetni, tov bbra is s¡reml‚ket lehet  ll¡tani. Ezeket a t bl kat a k‹mûves mûhelyben k‚sz¡tik el ‚s v‚sik ki."
"Hatches can be placed at the tops of stairwells or above ramps to control movement in the fort when they are forbidden or attached to levers.","A l‚pcs‹sorok tetej‚n vagy a r mp k f”l”tt elhelyezett zsilipek az er‹dben val¢ mozg s szab lyoz sa ‚rdek‚ben megtilthat¢k vagy emel‹karokhoz csatlakoztathat¢k."
"Bridges can be used to span open spaces or placed above water or magma.  Bridges can be connected to levers and raised to block access.","A hidak haszn lhat¢k ny¡lt terek  thidal s ra, vagy v¡z vagy magma f”l‚ helyezhet‹k. A hidakat emelkarokhoz lehet csatlakoztatni ‚s fel lehet emelni, hogy megakad lyozz k az  thalad st."
"Blocks creatures but allows the passage of fluids and items.  Can be built over empty spaces, stairs, ramps, or above liquids.  Grates unlike bars have a quality and enhance the value of rooms.  Grates can be connected to levers.","Blokkolja a l‚nyeket, de lehet‹v‚ teszi a folyad‚kok ‚s t rgyak  tjut s t. šres terek, l‚pcs‹k, r mp k vagy folyad‚kok f”l‚ ‚p¡thet‹. A csap¢r csok a rost‚lyokkal ellent‚tben rendelkeznek min‹s‚ggel, ‚s n”velik a helyis‚gek ‚rt‚k‚t. A csap¢r csok emel‹karokhoz csatlakoztathat¢k."
"Blocks creatures but allows the passage of fluids and items.  Can be built over empty spaces, stairs, ramps, or above liquids.  Bars unlike grates do not have a quality and so do not enhance the value of rooms significantly.  Bars can be connected to levers.","Blokkolja a l‚nyeket, de lehet‹v‚ teszi a folyad‚kok ‚s t rgyak  tjut s t. šres terek, l‚pcs‹k, r mp k vagy folyad‚kok f”l‚ ‚p¡thet‹. A rost‚lyok a csap¢r csokkal ellent‚tben nem rendelkeznek min‹s‚ggel ‚s nem n”velik t£ls gosan a helyis‚gek ‚rt‚k‚t. A csap¢r csok nem csatlakoztathat¢k emel‹karokhoz."
"You can build a ramp next to a wall to provide access to the floor above.  The space above the ramp must also be empty.  Requires boulder, block, or wood.","p¡thetsz egy r mp t a fal mell‚, hogy lehets‚ges legyen a fels‹ szintre val¢ feljut s. A r mpa feletti t‚rnek szint‚n resnek kell lennie. Szikla, t”mb vagy fa szks‚ges hozz ."
"Place the well in an open space above water to provide a relatively safe area for your citizens to draw water.  Requires mechanisms, blocks, a chain or rope, and a bucket.","Helyezd a kutat egy v¡z feletti ny¡lt t‚rre, hogy viszonylag biztons gos terletet biztos¡ts a lakosok sz m ra a v¡zv‚telez‚shez. Szks‚g lesz mechanizmusokra, blokkokra, l ncra vagy k”t‚lre ‚s egy v”d”rre."
"Place the water wheel above flowing water to generate power for machines, such as the millstone or screw pump.","Helyezd a v¡zkereket az  raml¢ v¡z f”l‚, hogy energi t termeljen a g‚pek, p‚ld ul a malomk‹ vagy a csigaszivatty£ sz m ra."
"Place the windmill aboveground to generate power for machines, such as the millstone or screw pump.  Not all areas have strong winds.","Helyezd a sz‚lmalmot a f”ld f”l‚, hogy energi t termeljen a g‚pek, p‚ld ul a malomk‹ vagy a csigaszivatty£ sz m ra. Nem minden terletre jellemz‹ az er‹s sz‚l."
"Storytelling","T”rt‚netmond s"
" leftward bend"," balra d‹l"
"Lava Mist","L vak”d"
"Magma Mist","Magmak”d"
"Lava [","L va ["
"west","nyugat"
"east","kelet"
"south","d‚l"
"north","‚szak"
"Stone type","K‹fajta"
"You know of no appropriate stones.","Nem ismersz megfelel‹ k”veket."
"the color ","a sz¡n "
" had some"," volt valamennyi"
" and really wants a drink"," ‚s nyagyon szeretne egy italt"
" likes working outdoors and grumbles only mildly at inclement weather.  "," szeret kint dolgozni ‚s csak akkor morog ha kicsit kellemetlen az id‹j r s. "
" does not mind being outdoors, at least for a time.  "," nem b nja ha kint kell lennie, legal bbis egy ideig. "
" doesn't really care about anything anymore.  "," m r nem igaz n ‚rdekli ak rmi is. "
"less temperate","kev‚sb‚ m‚rs‚kelt"
"more temperate","m‚rs‚keltebb"
"loyalty","lojalit s"
"family","csal d"
"friendship","bar ts g"
"power","er‹"
"truth","igazs g"
"fairness","m‚lt nyoss g"
"tradition","trad¡ci¢"
"artwork","mûalkot s"
"cooperation","kooper ci¢"
"independence","fggetlens‚g"
"stoicism","higgadts g"
"harmony","harm¢nia"
"teeth","fogak"
"The enemy!","Az ellens‚g!"
"Murderer!","Gyilkoss g!"
"The dead!","A halott!"
"Get away from me!","Menj t vol t‹lem!"
"a stone furniture shop","egy k‹b£tor-zlet"
"A few separate groups were organized.  ","N‚h ny kl”n ll¢ csoport szervez‹d”tt. "
"This is ","Ez itt "
"I'd rather not say.","Ink bb nem mondan m."
"mother","anya"
"father","apa"
"parent","szl‹"
"daughter","le ny"
"child","gyerek"
"grandmother","nagymama"
"grandfather","nagyapa"
"grandparent","nagyszl‹"
"grandchild","unoka"
"sibling","testv‚r"
"northwest","‚szaknyugat"
"northeast","‚szakkelet"
"southwest","d‚lnyugat"
"southeast","d‚lkelet"
"there","ott"
"my friend","bar tom"
"What?","Micsoda?"
"Wait, what?","V rj, mivan?"
"What did you just say?","Mit mondt l?"
"Forgive me, but","Eln‚z‚st, de"
"You must be joking.","Te viccelsz."
"I've heard it all now!","Most hallotam az eg‚szet!"
"Oh, no,","Oh, nem,"
"That's absurd!","Ez absz£rd!"
"that is the stupidest statement I have ever heard.","ez a leghly‚bb  ll¡t s amit valaha hallottam."
"Unbelievable.","Hihetetlen."
"Really.","Val¢ban."
"First, ","Els‹, "
"Finally, ","V‚gre, "
"Then ","Akkor "
"There","Ott"
" should be"," lennie kell"
" a series of "," sor "
" graceful"," b jos"
" serene"," derûs"
" calm"," nyugodt"
" grotesque"," groteszk"
" expressive"," kifejez‹"
" strong"," er‹s"
" large"," nagy"
" weightless"," s£lytalan"
" fluid"," folyad‚k"
" soft"," puha"
" jerking"," veri"
" sharp-edged"," ‚les-sz‚lû"
" straight-lined"," ny¡l-egyenes"
" high"," magas"
" low"," alacsony"
" energetic"," energikus"
" proud"," bszke"
" intense"," intenz¡v"
" aggressive"," agressz¡v"
" powerful"," er‹s"
" relaxed"," nyugodt"
" passive"," passz¡v"
" sensual"," ‚rz‚ki"
" repeated"," ism‚telt"
" counterclockwise"," ¢raj r s val szemben"
" clockwise"," ¢raj r s val"
" eighth"," nyolcadik"
" quarter"," negyed"
" half"," f‚l"
" facial expression"," arc kifejez‚s"
" hand gesture"," k‚z jel"
" straight walk"," egyenes s‚ta"
" curved walk"," ¡ves s‚ta"
" run"," fut s"
" leap"," ugr s"
" kick"," rug s"
" left kick"," bal rug s"
" right kick"," jobb rug s"
" leg lift"," l b emel‚s"
" left leg lift"," bal l b emel‚s"
" right leg lift"," jobb l b emel‚s"
" body level"," test szint"
" body level change"," test szint v lt s"
" spin"," p”rg‚s"
" independent body movement"," fggetlen test mozg s"
" forward bend"," el‹re d‹l"
" backward bend"," h tra d‹l"
" rightward bend"," jobbra d‹l"
" footwork"," l bmunka"
" shadowed","  rny‚kolt"
" mirrored"," tkr”z”tt"
"a few years ago","n‚h ny ‚vvel ezel‹tt"
"Digging designation cancelled: warm stone located.","µs si kijel”l‚s visszavonva: meleg k‹ ‚szlelve."
"Digging designation cancelled: damp stone located.","µs si kijel”l‚s visszavonva: nedves k‹ ‚szlelve."
"Magma Forge","Magmakoh¢"
"Magma Smelter","Magmaolvaszt¢"
"Magma Glass Furnace","Magma-vegkemence"
"Magma Kiln","Magmakemence"
"Container","T rol¢"
"Dirt Road","F”ld ét"
"Glass Window","švegablak"
"Gem Window","Dr gak‹ablak"
"Stockpile","Rakt r"
"Stone ","K‹ "
"Stoneworking Pit","K‹mûves g”d”r"
"Stoneworking Workshop","K‹mûves mûhely"
"master","mester"
"High","Magas"
"Willpower","Akarater‹"
"willpower","akarater‹"
"grab","fog"
"grabs","megfog"
" has moved out of range!"," t£l t vol mozgott!"
"push","tol"
"pushes","tolja"
"attacks","meg tmad"
" catch"," elkap"
" catches"," elkapja"
" attack "," t mad s "
" attacks "," t mad "
" but "," de "
" strike at "," r csap s "
" strikes at "," lecsap r  "
" but the shot is blocked!"," de a l”v‚s blokkolva!"
" roll"," gurul"
" rolls"," gurul"
" jump"," od‚bb"
" jumps"," od‚bb"
" away"," ugrik"
" but the shot is "," de a l”v‚s "
"just barely ","‚ppencsak "
"easily ","k”nnyed‚n "
"black","fekete"
"silently ","halkan "
"speaking","besz‚l"
"flood"," rv¡z"
"traitor"," rul¢"
"  Beware!  It it said that only ","  Vigy zz!  Ez azt mondta, hogy csak "
"  It is said that ","  Azt mondj k, hogy "
" harms the creature.","  rt a l‚nynek."
"the dining hall","az ‚zkez‹"
"right around here","pontosan itt valahol"
"history","t”rt‚nelem"
"dancing","t ncol s"
"It is my misfortune that ","Ez egy szerencs‚tlens‚g, hogy "
" a murderer."," egy gyilkoss g."
" an enemy."," egy ellens‚g."
" a friend."," egy bar t."
" unstable."," instabil."
" not of the living."," nem az ‚l‹k k”zl."
" the same as me."," ugyan az mint ‚n."
" an animal."," egy  llat."
" a safe creature."," egy biztons gos l‚ny."
" a dangerous animal."," egy vesz‚lyes  llat."
" my prisoner."," az ‚n rabom."
" my master."," az ‚n mesterem."
" my apprentice."," az ‚n tan¡tv nyom."
" my former master."," az ‚n volt mesterem."
" my former apprentice."," az ‚n volt tan¡tv nyom."
" my traveling companion."," az ‚n utaz¢ t rsam."
" my lover."," az ‚n szeret‹m."
"I hate ","n ut lom "
" my enemy."," az ‚n ellens‚gem."
" a monster."," egy sz”rny."
" a close friend"," egy k”zeli bar t"
", but that bond seems so thin now.",", de az a k”tel‚k oly v‚konynak tûnik most."
" also"," ‚s m‚g"
"a legendary hero","egy legend s h‹s"
"a great hero","egy nagy h‹s"
"a hero","egy h‹s"
"so very brave","oly nagyon b tor"
"brave","b tor"
", but those acts bring no forgiveness.",", de azon cselekedetek nem hoznak megbocs t st."
"you.","te."
" my partner"," az ‚n partnerem"
", but it means nothing now.",", de ez semmit nem jelent m r."
"a legendary brawler","egy legend s birk¢z¢"
"feast","lakoma"
"feasts","lakom zik"
"How incredibly satisfying!","Hihetetlenl kiel‚g¡t‹!"
"That's incredibly suspicious!","Ez hihetetlenl gyan£s!"
"I'm so incredibly confused...","Hihetetlenl ”ssze vagyok zavarodva..."
"How incredibly interesting!","Hihetetlenl ‚rdekes!"
"I'm not feeling very grateful.","Nem ‚rzem magam t£l h l snak."
"That doesn't make me grumpy.","Ett‹l m‚g nem leszek mogorva."
"I don't feel guilty about it.","Nem ‚rzem magam bûn”snek emiatt."
"I am not happy.","Nem vagyok boldog."
"I feel no hatred.","Nem ‚rzek gyûl”letet."
"I am not hopeful.","Nem vagyok bizakod¢."
"I will not lose hope.","Nem fogom elvesz¡teni a rem‚nyt."
"No, this isn't humiliating.","Nem, ez nem megal z¢."
"That doesn't insult me.","Ez nem s‚rt‹."
"No, I'm not interested.","Nem, nem ‚rdekel."
"This isn't irritating.","Ez nem zavar¢."
"I don't feel isolated.","Nem ‚rzem magam elszigetelve."
"I'm not jolly.","Nem vagyok j¢kedvû."
"This doesn't put me in a jovial mood.","Ett‹l nem leszek vid m hangulatban."
"This isn't the time for jubilation.","Ez nem az nnepl‚s ideje."
"was shot and killed","lel‹tt‚k ‚s belehalt"
"bled to death","elv‚rzett"
"drowned","v¡zbe f£lt"
"suffocated","megfulladt"
"was scuttled","elsllyedt"
"died in the cold","meghalt a hidegben"
"I started a fist fight.","Buny¢t kezdem‚nyeztem."
"I beat somebody as a punishment.","Megvertem valakit bntet‚sb”l."
"I was beaten as a punishment.","Bntet‚sb”l voltam megverve."
"I was beat somebody with the hammer.","Megvertem valakit a kalap ccsal."
"I was beaten with the hammer.","Megvertek a kalap ccsal."
"I could not find the hammer.","Nem tudtam megtal lni a kalap csot."
"I have been eating the same old food.","Ugyan azt a szok sos ‚telt ettem."
"I ate rotten food.","Romlott ‚telt ettem."
" item."," t rgy."
"I ate a meal.","Egy fog st ettem."
"I had a drink.","Ittam egy italt."
"The body of ","A teste a "
"my pet","kis llatom"
"my lover","szeret‹m"
"my sibling","testv‚rem"
"my mother","any m"
"my father","ap m"
"my child","gyerekem"
"my animal training partner"," llatk‚pz‹ partnerem"
"I visited with my pet.","Megl togattam a kis llatom."
"I talked to my spouse.","Besz‚ltem a h zast rsammal."
"I talked to my lover.","Besz‚ltem a szeret‹mmel."
"I talked to my sibling.","Besz‚ltem a testv‚remmel."
"I talked to my mother.","Besz‚ltem az any mmal."
"I talked to my father.","Besz‚ltem az ap mmal."
"I talked to my child.","Besz‚ltem a gyerekemmel."
"I visited with my animal training partner.","Megl togattam az  llatk‚pz‹ partnerem."
"I talked to my friend.","Besz‚ltem a bar tommal."
"I talked to somebody.","Besz‚ltem valakivel."
"in the future","a j”v‹ben"
"just now","csak most"
"a few minutes ago","p r percel ezel‹tt"
"not a quarter hour ago","egy negyed ¢r ja se"
"not a half hour ago","egy f‚l ¢r ja se"
"not one hour ago","egy ¢r ja se"
"a few hours ago","n‚h ny ¢r ja"
"not one day ago","egy napja se"
"a few days ago","n‚h ny napja"
"several days ago","j¢p r nappal ezel‹tt"
"a week ago","egy hete"
"a few weeks ago","n‚h ny h‚ttel ezel‹tt"
"a month ago","egy h¢napja"
"a few months ago","n‚h ny h¢napja"
"months ago","h¢napokkal ezel‹tt"
"a year ago","egy ‚ve"
"several years ago","j¢p r ‚vvel ezel‹tt"
"many years ago","sok ‚vvel ezel‹tt"
"long ago","r‚gen"
"long, long ago","r‚ges, r‚gen"
" was slain"," lelett v gva"
"by a ","a k”vetkez‹  ltal "
"by the forces of ","a k”vetkez‹ erej‚nek k”sz”nhet‹en "
"creatures","l‚nyek"
"a creature","egy l‚ny"
"a member","egy tag"
"the forces","az er‹k"
" died"," meghalt"
"many died","sokan meghaltak"
"many foes","sok ellens‚g"
"It is freezing cold!","Dermeszt‹ hideg van!"
"night","este"
"dawn","hajnal"
"sunset","napkelte"
" out there."," odakint."
"I wonder what the weather is like outside.","Azon gondolkozom vajon milyen az id‹ odakint."
"What is this?  ","Mi ez? "
"It is raining.","Esik."
"It is snowing.","Havazik."
"Curse this fog!  I cannot see a thing.","µtkozott k”d! Nem l tok semmit."
"I hope this fog lifts soon.","Rem‚lem ez a k”d hamarosan elm£lik."
"The weather looks to be fine today.","Az id‹j r s ma sz‚pnek ig‚rkezik."
"The weather does not look too bad today.","Az id‹j r s ma nem n‚z ki t£l rosszul."
"Look at those clouds!","N‚zd azokat a felh‹ket!"
"The stars are bold tonight.","A csillagok f‚nyesek ma ‚jjel."
"It is a starless night.","Az csillagok alig l tszanak ma ‚jjel."
"It is hot.","Forr¢s g van."
"It is cold.","Hideg van."
"What a wind!","Micsoda sz‚l!"
"  And what a wind!"," s micsoda sz‚l!"
"It is a nice temperature today.","Ma kellemes az id‹."
"is gigantic but incredibly skinny with virtually no muscles to speak of","gigantikus, de hihetetlenl sov ny, ‚s gyakorlatilag nincsenek eml¡t‚sre m‚lt¢ izmai"
"is gigantic yet incredibly weak","gigantikus, m‚gis hihetetlenl gyenge"
"is incredibly skinny yet gigantic overall","hihetetlenl sov ny, de eg‚sz‚ben n‚zve m‚gis gigantikus"
"is very large yet also very weak and incredibly skinny","nagyon nagy, ugyanakkor nagyon gyenge ‚s hihetetlenl sov ny."
"is incredibly muscular and very large","hihetetlenl izmos ‚s nagyon nagy"
"is very large and just incredibly fat","nagyon nagy ‚s hihetetlenl k”v‚r"
"has a very large frame but is incredibly skinny","nagyon nagy testalkat£, de hihetetlenl sov ny"
"is incredibly muscular and fat, with a large build overall","hihetetlenl izmos ‚s k”v‚r, ‚s ”sszess‚g‚ben nagy testfel‚p¡t‚sû"
"has a large body but is incredibly skinny","nagy testalkat£, de hihetetlenl sov ny"
"has an incredibly broad body with some muscle and fat on it","hihetetlenl sz‚les testtel rendelkezik, n‚mi izommal ‚s zs¡rral"
"has an incredibly broad body that is somewhat weak with only a little fat on it","hihetetlenl sz‚les testtel rendelkezik, amely kiss‚ gyenge, ‚s csak kev‚s zs¡r van rajta"
"is incredibly muscular and broad-bodied","hihetetlenl izmos ‚s sz‚les testalkat£"
"has an incredibly broad body but is very frail","hihetetlenl sz‚les testalkat£, de nagyon s‚rl‚keny"
"is incredibly tall and fat","hihetetlenl magas ‚s k”v‚r"
"is incredibly tall and skinny","hihetetlenl magas ‚s sov ny"
"Ambush","Rajtat‚s"
"Conversation","Besz‚lget‚s"
"Stone Blocks","K‹t”mb”k"
"just","csak"
"suicide","”ngyilkoss g"
"trees","f k"
"Desert","Sivatag"
"Forest","Erd‹"
"blob","paca"
"quadruped","n‚gyl b£"
"silverfish","Ezst”s pikkelyke"
"mayfly","k‚r‚sz"
"dragonfly","szitak”t‹"
"damselfly","egyenl‹ sz rny£ szitak”t‹"
"stonefly"," lk‚r‚sz"
"earwig","flbem sz¢"
"grasshopper","sz”cske"
"cricket","tcs”k"
"stick insect","bots ska"
"cockroach","cs¢t ny"
"termite","termesz"
"mantis","s ska"
"louse","tetû"
"thrips","tripszek"
"aphid","lev‚ltetû"
"cicada","kab¢ca"
"assassin bug","rabl¢poloska"
"wasp","dar zs"
"hornet","l¢dar zs"
"tiger beetle","homokfutrinka"
"ladybug","katicabog r"
"weevil","orm nyosbog r"
"darkling beetle","gy szbog r"
"click beetle","pattan¢bog r"
"firefly","szentj nosbog r"
"scarab beetle","szkarabeusz"
"stag beetle","szarvasbog r"
"dung beetle","tr gyabog r"
"rhinoceros beetle","orrszarv£bog r"
"rove beetle","holyva"
"snakefly","tevenyak£ f tyolka"
"lacewing","rec‚ssz rny£ f tyolka"
"antlion larva","hangyales‹ l rva"
"mosquito","sz£nyog"
"flea","bolha"
"scorpionfly","skorpi¢f tyolka"
"caddisfly","tegzes"
"butterfly","pillang¢"
"moth","moly"
"caterpillar","herny¢"
"maggot","kukac"
"spider","p¢k"
"scorpion","skorpi¢"
"tick","kullancs"
"mite","atka"
"shrimp","garn‚lar k"
"lobster","hom r"
"crab","r k"
"nematode","fon lf‚reg"
"snail","csiga"
"slug","meztelencsiga"
"earthworm","f”ldigiliszta"
"leech","pi¢ca"
"bristleworm","s”rtef‚reg"
"ribbon worm","zsin¢rf‚reg"
"flat worm","laposf‚reg"
"toad","varangy"
"frog","b‚ka"
"salamander","szalamandra"
"newt","bord sg‹te"
"alligator","alig tor"
"crocodile","krokodil"
"lizard","gy¡k"
"chameleon","kam‚leon"
"iguana","igu na"
"gecko","gekk¢"
"skink","vakondgy¡k"
"gila monster","viperagy¡k"
"monitor","var nusz"
"serpent","k¡gy¢"
"viper","vipera"
"rattlesnake","cs”rg‹k¡gy¢"
"cobra","kobra"
"python","piton"
"anaconda","anakonda"
"turtle","tekn‹s"
"tortoise","sz razf”ldi tekn‹s"
"pterosaur","pteroszaurusz"
"sauropod","szauropoda"
"theropod","theropoda"
"iguanodont","Iguanodon"
"hadrosaurid","hadrosaurida"
"stegosaurid","sztegoszaurida"
"ceratopsid","keratoszaurida"
"ankylosaurid","ankiloszaurida"
"duck","kacsa"
"goose","l£d"
"swan","hatty£"
"turkey","pulyka"
"grouse","fajd"
"chicken","csirke"
"quail","frj"
"pheasant","f c n"
"gull","sir ly"
"loon","gavia"
"grebe","v”cs”k"
"albatross","albatrosz"
"petrel","viharmad r"
"penguin","pingvin"
"pelican","pelik n"
"stork","g¢lya"
"vulture","keselyû"
"flamingo","flaming¢"
"falcon","v ndors¢lyom"
"kestrel","v”r”s v‚rcse"
"condor","kondorkeselyû"
"osprey","hal szsas"
"buzzard","eger‚sz”lyv"
"eagle","sas"
"harrier","r‚tih‚ja"
"kite","barna k nya"
"crane","daru"
"dove","gerle"
"pigeon","galamb"
"parrot","papag ly"
"cockatoo","kakadu"
"cuckoo","kakukk"
"nightjar","lappanty£"
"swift","sarl¢fecske"
"hummingbird","kolibri"
"kingfisher","j‚gmad r"
"hornbill","szarvascs‹rûmad r"
"quetzal","kv‚z l"
"toucan","tuk n"
"woodpecker","hark ly"
"lyrebird","lantfark£mad r"
"thornbill","acanthiza"
"honeyeater","m‚zev‹"
"oriole","trupi l"
"fantail","legyez‹fark£"
"shrike","g‚bics"
"crow","varj£"
"raven","holl¢"
"magpie","szarka"
"kinglet","kir lyka"
"lark","pacsirta"
"swallow","fsti fecske"
"martin","moln rfecske"
"bushtit","boz¢tcinege"
"warbler","posz ta"
"thrush","rig¢"
"oxpecker","”k”rkop ncs"
"starling","sereg‚ly"
"mockingbird","‚nekes gezerig¢"
"wren","”k”rszem"
"nuthatch","csuszka"
"sparrow","ver‚b"
"tanager","tangara"
"cardinal","kardin lispinty"
"bunting","s rm ny"
"finch","pinty"
"titmouse","cinke"
"chickadee","cinege"
"waxwing","viaszsz rny£"
"flycatcher","l‚gykap¢"
"opossum","oposszum"
"kangaroo","kenguru"
"sloth","lajh r"
"anteater","hangy sz"
"armadillo","armadill¢"
"squirrel","m¢kus"
"marmot","mormota"
"beaver","h¢d"
"gopher","tasakospatk ny"
"mouse","eg‚r"
"porcupine","sl"
"chinchilla","csincsilla"
"cavy","tengerimalac"
"capybara","v¡zidiszn¢"
"rabbit","ny£l"
"hare","mezei ny£l"
"lemur","maki"
"loris","l¢ri"
"monkey","majom"
"hedgehog","sndiszn¢"
"shrew","cick ny"
"mole","vakond"
"fruit bat","gym”lcsdenev‚r"
"wolf","farkas"
"coyote","pr‚rifarkas"
"jackal","sak l"
"raccoon","mos¢medve"
"coati","ny‚rc"
"weasel","meny‚t"
"otter","vidra"
"badger","borz"
"skunk","bûz”sborz"
"bear","medve"
"panther","p rduc"
"mongoose","mong£z"
"hyena","hi‚na"
"civet","cibetmacska"
"walrus","rozm r"
"pangolin","tobzoska"
"elephant","elef nt"
"mammoth","mamut"
"horse","l¢"
"donkey","szam r"
"tapir","tap¡r"
"rhinoceros","orrszarv£"
"warthog","varacskosdiszn¢"
"hippopotamus","v¡zil¢"
"camel","teve"
"llama","l ma"
"giraffe","zsir f"
"deer","szarvas"
"moose","j vorszarvas"
"antelope","antilop"
"sheep","birka"
"goat","kecske"
"bison","b”l‚ny"
"buffalo","bivaly"
"bull","bika"
"Granite","Gr nit"
"Slate","Pala"
"Felsite","Felzit"
"Hematite","Hematit"
"Malachite","Malachit"
"Galena","Gal‚na"
"Limestone","M‚szk‹"
"Sandstone","Homokk‹"
"Timber","Fûr‚sz ru"
"Moonstone","Holdk‹"
"Opal","Op l"
"Novice","éjonc"
"Adequate","Alkalmas"
"Competent","Hozz ‚rt‹"
"Skilled","K‚pzett"
"Proficient","Szak‚rt‹"
"Talented","Tehets‚ges"
"Professional","Hivat sos"
"Accomplished","Teljes¡tve"
"High Master","F‹mester"
"Grand Master","Nagymester"
"Legendary","Legend s"
"Carpentry","µcsmesters‚g"
"Bowmaking","Öjk‚sz¡t‚s"
"Stone Carving","K‹v‚s‚s"
"Stonecutting","K‹metsz‚s"
"Engraving","V‚s‚s"
"Masonry","K‹mûvesmunka"
"Animal Caretaking","µllatgondoz s"
"Fish Dissection","Halbont s"
"Animal Dissection","µllatbont s"
"Fish Cleaning","Haltiszt¡t s"
"Butchery","M‚sz rsz‚k"
"Trapping","Csapd z s"
"Growing","N”vekv‹"
"Herbalism","Gy¢gyn”v‚nytan"
"Swimming","ész s"
"Riding","Lovagl s"
"Persuasion","Meggy‹z‚s"
"Negotiation","T rgyal s"
"Judging Intent","B¡r skod s"
"Appraisal","rt‚kel‚s"
"Organization","Szervezet"
"Record Keeping","Nyilv ntart s"
"Lying","Hazugs g"
"Intimidation","Megf‚leml¡t‚s"
"Comedy","Kom‚dia"
"Flattery","H¡zelg‚s"
"Strand Extraction","Sz lkivon s"
"Soap Making","Szappank‚sz¡t‚s"
"Potash Making","K liumgy rt s"
"Lye Making","L£g-gy rt s"
"Wood Burning","Fa‚get‚s"
"Weaponsmithing","Fegyverk‚sz¡t‚s"
"Armorsmithing","P nc‚lmûvess‚g"
"Metalsmithing","F‚mfeldolgoz s"
"Gem Cutting","Dr gak‹csiszol s"
"Gem Setting","Dr gak‹-be gyaz s"
"Woodcrafting","Fafeldolgoz s"
"Papermaking","Pap¡rgy rt s"
"Bookbinding","K”nyvk”t‚s"
"Pottery","Fazekass g"
"Wax Working","Viasz-megmunk l s"
"Stone Crafting","K‹mûvess‚g"
"Metal Crafting","F‚mmûvess‚g"
"Glassmaking","šveggy rt s"
"Studying","Tanul s"
"Concentration","™sszpontos¡t s"
"Discipline","Fegyelmez‚s"
"Observation","Megfigyel‚s"
"Prose","Pr¢za"
"Poetry","K”lt‚szet"
"Reading","Olvas s"
"Speaking","Besz‚d"
"Dance","T nc"
"Music","Zene"
"Singing","nekl‚s"
"Keyboard Instrument","Billentyûs hangszer"
"Stringed Instrument","Von¢s hangszer"
"Wind Instrument","F£v¢s hangszer"
"Percussion Instrument","št‹s hangszer"
"Critical Thinking","Kritikus gondolkod s"
"Logic","Logika"
"Optics Engineer","Optikai m‚rn”k"
"Fluid Engineer","Folyad‚km‚rn”k"
"Coordination","Koordin ci¢"
"Balance","Egyens£ly"
"Leadership","Vezet‹k‚szs‚g"
"Military Tactics","Katonai taktik k"
"Teaching","Tan¡t s"
"Fighting","Harc"
"Archery","Öj szat"
"Wrestling","Birk¢z s"
"Biting","Harap s"
"Striking","Csap s"
"Kicking","R£g s"
"Dodging","Kit‚r‚s"
"Sword","Kard"
"Mace","Buzog ny"
"Hammer","P”r”ly"
"Spear","L ndzsa"
"Crossbow","Sz mszer¡j"
"Pike","Pika"
"Siege Engineering","Ostromm‚rn”ks‚g"
"Siege Operation","Ostrom-mûvelet"
"Climbing","M sz s"
"Stone Carver","K‹v‚s‹"
"Stonecutter","K‹metsz‹"
"Engraver","V‚sn”k"
"Mason","K‹mûves"
"Animal Trainer","µllatoktat¢"
"Animal Caretaker","µllatgondoz¢"
"Fish Cleaner","Halpucol¢"
"Trapper","Csapd sz"
"Planter","šltet‹"
"Herbalist","Gy¢gyn”v‚nyszak‚rt‹"
"Ambusher","Rajtat‹"
"Swimmer","ész¢"
"Rider","Lovas"
"Persuader","Meggy‹z‹"
"Negotiator","T rgyal¢"
"Appraiser","rt‚kbecsl‹"
"Organizer","Rendszerez‹"
"Record Keeper","Nyilv ntart¢"
"Liar","Hazug"
"Intimidator","Megf‚leml¡t‹"
"Conversationalist","Besz‚lget‹partner"
"Comedian","Kom‚di s"
"Consoler","Vigasztal¢"
"Stone Crafter","K‹farag¢"
"killer","gyilkos"
"murderer","gyilkos"
"** Loading Fortress **","** Er‹d bet”lt‚se **"
"Loading world to start new game","Vil g bet”lt‚se £j j t‚k ind¡t s hoz"
"Loading object files...  ","Objektumf jlok bet”lt‚se... "
"Loading items...","T rgyak bet”lt‚se..."
"Loading buildings...","pletek bet”lt‚se..."
"Loading entities...","Entit sok bet”lt‚se..."
"Loading coin information...","rmeinform ci¢ bet”lt‚se..."
"Loading map data...","T‚rk‚padatok bet”lt‚se..."
"Loading civilized populations...","Civiliz lt n‚pess‚g bet”lt‚se..."
"Loading history...","T”rt‚nelem bet”lt‚se..."
"Loading parameters...","Param‚terek bet”lt‚se..."
"Loading artifacts...","Erekly‚k bet”lt‚se..."
"Loading active historical figures...","Akt¡v t”rt‚nelmi szem‚lyek bet”lt‚se..."
"Loading squads...","Csapatok bet”lt‚se..."
"Loading formations...","Form ci¢k bet”lt‚se..."
"Loading activities...","Tev‚kenys‚gek bet”lt‚se..."
"Loading interactions...","Interakci¢k bet”lt‚se..."
"Loading written content...","Örott tartalom bet”lt‚se..."
"Loading identities...","Szem‚lyazonoss gok bet”lt‚se..."
"Loading incidents...","Balesetek bet”lt‚se..."
"Loading crimes...","Bûncselekm‚nyek bet”lt‚se..."
"Loading vehicles...","J rmûvek bet”lt‚se..."
"Loading armies...","Hadseregek bet”lt‚se..."
"Loading army controllers...","Hadseregvez‚rl‹k bet”lt‚se..."
"Loading tracking information...","Nyomk”vet‚si inform ci¢k bet”lt‚se..."
"Loading cultural identities...","Kultur lis identit sok bet”lt‚se..."
"Loading agreements...","Meg llapod sok bet”lt‚se..."
"Loading art forms...","Mûv‚szeti form k bet”lt‚se..."
"Loading occupations...","Foglalkoz sok bet”lt‚se..."
"Loading belief systems...","Hitrendszerek bet”lt‚se..."
"Loading image sets...","K‚pk‚szletek bet”lt‚se..."
"Loading divination sets...","J¢sl sk‚szletek bet”lt‚se..."
"Loading world and continuing active game","Vil g bet”lt‚se ‚s akt¡v j t‚k folytat sa"
"Loading units...","Egys‚gek bet”lt‚se..."
"Loading jobs...","Munkahelyek bet”lt‚se..."
"Loading schedules...","štemtervek bet”lt‚se..."
"Loading projectiles...","L”ved‚kek bet”lt‚se..."
"Loading machines...","G‚pezetek bet”lt‚se..."
"Loading flow guides...","µraml si £tmutat¢k bet”lt‚se..."
"Loading effects...","Hat sok bet”lt‚se..."
"Loading local animal populations...","Helyi  llatpopul ci¢k bet”lt‚se..."
"Loading events...","Esem‚nyek bet”lt‚se..."
"Loading mandates...","Megb¡z sok bet”lt‚se..."
"Loading work quotas...","Munkakv¢t k bet”lt‚se..."
"Loading world events...","Vil g esem‚nyeinek bet”lt‚se..."
"Loading announcements...","Bejelent‚sek bet”lt‚se..."
"Loading fortress information...","Er‹dinform ci¢k bet”lt‚se..."
"Loading world information...","Vil ginform ci¢ bet”lt‚se..."
"Loading adventure...","Kaland bet”lt‚se..."
"Loading general information...","µltal nos inform ci¢k bet”lt‚se..."
"Temperate Conifer Forest","M‚rs‚kelt tûlevelû erd‹"
"Tropical Dry Brdlf Forest","Tr¢pusi lomblevelû sz raz erd‹"
"Tropical Moist Brdlf Forst","Tr¢pusi lomblevelû nedves erd‹"
"Sparse","Ritk s"
"Guildhall","C‚hcsarnok"
"Stone shape not found: ","K‹forma nem tal lhat¢: "
"Leather armor","B‹rp nc‚l"
"Metal armor","F‚mp nc‚l"
"perfect ","t”k‚letes "
"stone ","k‹ "
"calcite/limestone/chalk/marble ","kalcit/m‚szk‹/kr‚ta/m rv ny "
"We checked that stone for heat!  What devilry is this?!","Ellen‹riztk, hogy a k‹ nem melegszik-e! Mif‚le ”rd”gi dolog ez?!"
"*** STARTING NEW GAME ***","*** éJ JµTK INDÖTµSA ***"
"[C:VAR:MEETING:ACTOR][VAR:NATIVENAME:MEETING:ACTOR]:  You have disrespected the trees in this area, but this is what we have come to expect from your stunted kind.  Further abuse cannot be tolerated.  Let this be a warning to you.","[C:VAR:MEETING:ACTOR][VAR:NATIVENAME:MEETING:ACTOR]: Tiszteletlenl viselkedt‚l e terleten ‚l‹ f kkal szemben, de h t nem is sz m¡tottunk m sra a t”mzsi fajt dt¢l. Azonban nem tûrnk el tov bbi er‹szakot. Vegy‚tek ezt figyelmeztet‚snek."
"stones","k”vek"
"rotten ","rohadt "
"filthy ","mocskos "
"sticky ","ragacsos "
"vomitous ","h nyingerkelt‹ "
"slimy ","ny lk s "
"dirty ","piszkos "
"gooey ","trutyis "
"bloody ","v‚res "
"powder","por"
"cheese","sajt"
"catapult parts","katapult r‚szek"
"mechanisms","mehanizmus"
"tube","cs‹"
"pipe section","cs‹ r‚sz"
"trap component","csapda komponens"
"siege ammo","ostrom l‹szer"
"ammunition","l‹szer"
"crown","korona"
"coin","‚rme"
"green glass ","z”ld veg "
"clear glass ","tiszta veg "
"crystal glass ","krist ly veg "
" gem"," dr gak‹"
"ring","gyûrû"
"earring","flbeval¢"
"bracelet","kark”t‹"
"millstone","malomk‹"
"statue","szobor"
"memorial","eml‚khely"
"stone furniture shop sign","k‹b£tor-zlet felirata"
"corpse","holttest"
"Rotten ","Rohadt "
"seeds","magok"
"raw ","nyers "
"live ","‚l‹ "
"small live animal","kis ‚l‹  llat"
"tame ","szel¡d "
"small tame animal","kis szel¡d  llat"
"meat","h£s"
"weapon","fegyver"
"armor","p nc‚l"
"chain ","l nc "
"shield","pajzs"
"footwear","l bbeli"
"headwear","k‚zbeli"
"legwear","l bra val¢"
"Capital","F‹v ros"
"Metropolis","Metropolisz"
"City","V ros"
"Town","V roska/Kisv ros"
"Village","Falu"
"Hamlet","Falucska"
"Outpost","El‹‹rs"
"Royal Mausoleum","Kir lyi mauz¢leum"
"Grand Mausoleum","Grandi¢zus mauz¢leum"
"Mausoleum","Mauz¢leum"
"Burial Chamber","Temetkez‚si kamra"
"Grave","S¡rhely"
"Royal Dining Room","Kir lyi ‚tkez‹"
"Grand Dining Room","Grandi¢zus ‚tkez‹"
"Great Dining Room","Nagyszerû ‚tkez‹"
"Fine Dining Room","Remek ‚tkez‹"
"Decent Dining Room","Tisztess‚ges ‚tkez‹"
"Modest Dining Room","Szer‚ny ‚tkez‹"
"Meager Dining Room","Szeg‚nyes ‚tkez‹"
"No Dining Room","Nincs ‚tkez‹"
"Royal Bedroom","Kir lyi h l¢szoba"
"Grand Bedroom","Grandi¢zus h l¢szoba"
"Great Bedroom","Nagyszerû h l¢szoba"
"Fine Quarters","Remek sz ll shely"
"Decent Quarters","Tisztess‚ges sz ll shely"
"Quarters","Sz ll shely"
"Modest Quarters","Szer‚ny sz ll shely"
"Meager Quarters","Szeg‚nyes sz ll shely"
"No Quarters","Nincs sz ll shely"
"Royal Throne Room","Kir lyi tr¢nterem"
"Opulent Throne Room","Pazar tr¢nterem"
"Throne Room","Tr¢nterem"
"Splendid Study","Pomp s dolgoz¢szoba"
"Decent Study","Tisztess‚ges dolgoz¢szoba"
"Study","Dolgoz¢szoba"
"Modest Study","Szer‚ny dolgoz¢szoba"
"Meager Study","Szeg‚nyes dolgoz¢szoba"
"No Study","Nincs dolgoz¢szoba"
"Stone Hauling","K‹sz ll¡t s"
"Stone Engraving","K‹v‚s‚s"
"Plant Processing","N”v‚nyfeldolgoz s"
"Farming (Fields)","F”ldmûvel‚s (mez‹k)"
"Blacksmithing","Kov csol s"
"Metalcrafting","F‚mmûvess‚g"
"Stonecrafting","K‹farag s"
"Wall/Floor Construction","Fal/Padl¢‚p¡t‚s"
"Woodworking","Fafeldolgoz s"
"Stoneworking","K‹mûvess‚g"
"Hunting/Related","Vad szat/Kapcsol¢d¢"
"Healthcare","Eg‚szs‚ggy"
"Farming/Related","F”ldmûvel‚s/Kapcsol¢d¢"
"Fishing/Related","Hal szat/Kapcsol¢d¢"
"Jewelry","kszerk‚sz¡t‚s"
"Other Jobs","Egy‚b munk k"
"filth","mocsok"
"vomit","h ny s"
"eating without table","asztal n‚lkl evett"
"eating without chair","sz‚k n‚lkl evett"
"slept in room","szob ban aludt"
"slept on smooth floor","sima padl¢n aludt"
"slept in mud","s rban aludt"
"slept on grass","fûben aludt"
"slept on rough stone","durva k”v”n aludt"
"philosophy","filoz¢fia"
"mathematics","matematika"
"astronomy","csillag szat"
"natural history","term‚szettudom ny"
"Some","N‚h ny"
"years","‚v"
" footwear"," l bbeli"
" headwear"," fejfed‹"
" ammunition"," l‹szer"
" weapons"," fegyverek"
" ranged weapons"," t vols gi fegyverek"
"interrogator","vallat¢"
"an unidentified creature","egy ismeretlen l‚ny"
"an unknown site","egy ismeretlen hely"
"a wall","egy fal"
"a bridge","egy h¡d"
"a tunnel","egy alag£t"
"a road","egy £t"
"an unknown construction","egy ismeretlen szerkezet"
"an unknown building","egy ismeretlen ‚plet"
"a castle tower","egy v r tornya"
"a castle courtyard","egy kast‚ly udvara"
"a shop","egy zlet"
"a shrine","egy szent‚ly"
"a dining hall","egy ‚tkez‹"
"an unknown artifact","egy ismeretlen ereklye"
"a tribute agreement","egy tiszteletad sr¢l sz¢l¢ meg llapod s"
"a demand of unconditional surrender","a felt‚tel n‚lkli megad s ig‚nye"
"a vague agreement","egy k”d”s meg llapod s"
"Its nature is still an intriguing puzzle to the learned.  ","Term‚szete m ig ‚rdekfesz¡t‹ tal ny a tud¢sok sz m ra. "
"It is still shrouded in mystery.  ","M‚g mindig hom ly fedi. "
"Many facts are still unclear to historians.  ","Sz mos t‚ny m‚g mindig hom lyos a t”rt‚n‚szek sz m ra. "
"A few issues still trouble scholars, but the picture is fairly clear.  ","N‚h ny k‚rd‚s m‚g mindig nyugtalan¡tja a tud¢sokat, de a helyzet meglehet‹sen vil gos. "
"Two ","Kett‹ "
"Age of One Power","Az Egyetlen Hatalom kora"
" Age"," Korszak"
"Age of Myth","A M¡toszok kora"
"Age of Legends","A Legend k kora"
"Twilight Age","Az Alkony kora"
"Age of Fairy Tales","A Mes‚k kora"
"Age of Heroes","A H‹s”k kora"
"Golden Age","Aranykor"
"Age of Death","A Hal l kora"
"Age of Civilization","A Civiliz ci¢ kora"
"Age of Emptiness","Az šress‚g kora"
"Unknown Age","Ismeretlen kor"
" Notable Kill"," Nevezetes gyilkoss g"
"Conquest","H¢d¡t s"
"Surrender","Megad s"
"Destruction","Pusztul s"
"Poetry Recital","K”lt‚szeti el‹ad s"
"Musical Performance","Zen‚s el‹ad s"
"Dance Performance","T ncel‹ad s"
"Dance Competition","T ncverseny"
"Musical Competition","Zenei vet‚lked‹"
"Poetry Competition","K”lt‚szeti verseny"
"angry ghost","m‚rges szellem"
"moaning spirit","ny”gd”s‹ l‚lek"
"howling spirit","vony¡t¢ l‚lek"
"secretive poltergeist","titokzatos szellem"
"energetic poltergeist","energikus szellem"
"troublesome poltergeist","bajkever‹ szellem"
"old age","”regkor"
"hunger","‚hs‚g"
"thirst","szomj£s g"
"drown","fulladt"
"lava","l va"
"lava mist","l va k”d"
"dragonfire","s rk nytûz"
"steam","g‹z"
"crushed bridge","”sszet”rt h¡d"
"chasm","kazamata"
"murdered","meggyilkolt"
"trap","csapda"
"vehicle","j rmû"
"flying object","repl‹ t rgy"
"heat","forr¢s g"
"cold","hideg"
"cooling lava","kihûl‹ l va"
"cooling magma","kihûl‹ magma"
"boil","forr"
"melt","olvadt"
"solid","szil rd"
"infection","fert‹z‚s"
"squad","csapat"
"resident","lakos"
"active","akt¡v"
"refugee","meneklt"
"a force","egy er‹"
"There is writing on this item, but you cannot read.","A t rgyon ¡r s tal lhat¢, de nem lehet elolvasni."
"There is writing in the book, but you cannot read.","A k”nyvben van ¡r s, de nem tudod elolvasni."
"You have not read this book.","Nem olvastad ezt a k”nyvet."
"There is writing on the slab, but you cannot read.","A t bl n ¡r s van, de nem tudod elolvasni."
"This object is in tatters.  ","Ez a t rgy foszladozik. "
"This object is threadbare.  ","Ez a t rgy kopottas. "
"This object is mangled.  ","Ez a t rgy sz‚troncsol¢dott. "
"This object is heavily worn.  ","Ez a t rgy er‹sen kopott. "
"This object is showing some wear.  ","Ez a t rgy kiss‚ kopottas. "
"Seed","Mag"
"Cheese","Sajt"
"Spice","Fûszer"
"Mill","Malom"
" Barrel"," Hord¢"
"Coin","rme"
"The work has no particular subject.  ","A mûnek nincs konkr‚t t‚m ja. "
"Overall, the splendid source of information","™sszess‚g‚ben, a kiv l¢ inform ci¢forr s"
"Polish stones","K‹csiszol s"
"polished stones","csiszolt k”vek"
" throne"," tr¢n"
"Forge ","Koh¢ "
" terrarium"," terr rium"
" chain"," l nc"
" tube"," cs‹"
" window"," ablak"
" millstone"," malomk‹"
"Sleep","Alv s"
"Increase FPS limit","FPS limit emel‚se"
"Decrease FPS limit","FPS Limit cs”kkent‚se"
"Initialization complete...","Inicializ l s befejezve..."
"Historical events ","T”rt‚nelmi esem‚nyek "
"Historical figures ","T”rt‚nelmi szem‚lyek "
"Historical figures","T”rt‚nelmi szem‚lyek"
"Civilizations and other entities","Civiliz ci¢k ‚s m s entit sok"
"Historical maps","T”rt‚nelmi t‚rk‚pek"
"Dark tower","S”t‚t torony"
"Underworld spire","F”ldalatti torony"
"Market","Piac"
"Sewers","Csatorn k"
"Open Space","Ny¡lt t‚r"
"boiling magma","forr sban l‚v‹ magma"
"amber","borosty n"
"ground amber","f”ldi borosty n"
"amber paste","borosty npaszta"
"pressed amber","pr‚selt borosty n"
"coral","koral"
"ground coral","f”ldi koral"
"coral paste","korallpaszta"
"pressed coral","pr‚selt korall"
"green glass","z”ld veg"
"molten green glass","olvadt z”ld veg"
"boiling green glass","forr sban l‚v‹ z”ld veg"
"clear glass"," tl tsz¢ veg"
"molten clear glass","olvadt  tl tsz¢ veg"
"boiling clear glass","forr sban l‚v‹  tl tsz¢ veg"
"crystal glass","krist lyveg"
"crystal glass paste","krist lyveg-paszta"
"pressed crystal glass","t”m”r¡tett krist lyveg"
"molten crystal glass","olvadt krist lyveg"
"boiling crystal glass","forr sban l‚v‹ krist lyveg"
"snow","h¢"
"slush","latyak"
"coal","sz‚n"
"coal powder","sz‚n por"
"coal slush","sz‚npermet"
"pressed coal","pr‚selt sz‚n"
"frozen lye","fagyott l£g"
"frozen lye powder","fagyott l£gpor"
"lye slush","l£gos latyak"
"boiling lye","forr sban l‚v‹ l£g"
"dirt","f”ld"
"pressed dirt","nyomott f”ld"
"pressed vomit","nyomott h ny s"
"molten salt","olvadt s¢"
"boiling salt","forr sban l‚v‹ s¢"
"pressed filth","nyomott mocsok"
"frozen filth","fagyott mocsok"
"frozen filth powder","fagyott mocsok por"
"boiling filth","forr sban l‚v‹ mocsok"
" skipped: identifier cannot start with 'vanilla'."," kihagyva: az azonos¡t¢ nem kezd‹dhet 'vanilla' sz¢val."
" skipped: identifier cannot start with 'classic'."," kihagyva: az azonos¡t¢ nem kezd‹dhet 'classic' sz¢val."
"Mod identifier ","M¢d azonos¡t¢ja "
"Two installed mods have the same id and numeric version: ","K‚t telep¡tett modnak ugyanaz az azonos¡t¢ja ‚s numerikus verzi¢ja: "
"Two uninstalled mods have the same id and numeric version: ","K‚t elt vol¡tott modnak ugyanaz az azonos¡t¢ja ‚s numerikus verzi¢ja: "
"Failed to find vanilla environment header.","Nem sikerlt megtal lni a vanilla k”rnyezeti fejl‚cet."
"Failed to find vanilla world map header.","Nem sikerlt megtal lni a van¡lia vil gt‚rk‚p fejl‚c‚t."
"The form guides musicians during improvised performances.  ","A formula ir ny¡tja a zen‚szeket az improvizat¡v el‹ad sok sor n. "
"The music is broadly layered with chords spanning the range.  ","A zene sz‚lesk”rûen r‚tegzett, akkordokkal  tsz‹tt. "
"Pitches are densely packed in clusters as music moves from chord to chord.  ","A hangmagass gok sûrûn csoportosulnak, ahogy a zene akkordr¢l akkordra halad. "
"Chords, seldom-used, are sparse -- intervals and single pitches are favored.  ","A ritk n haszn lt akkordok sz¢rv nyosak - az id‹k”z”ket ‚s az egyes hangmagass gokat r‚szes¡tik el‹nyben. "
"Never more than an interval sounds at once.  ","Soha nem sz¢l egyszerre t”bb mint egy tem. "
"The music repeats for as long as necessary.  ","A zene addig ism‚tl‹dik, ameddig szks‚ges. "
"sometimes","n‚ha"
"often","gyakran"
"always","mindig"
"This passage is richly layered with full chords making use of the available range.  ","Ez a szakasz gazdagon r‚tegzett, teljes akkordokkal, amelyek kihaszn lj k a rendelkez‚sre  ll¢ tartom nyt. "
"Chords are packed close together in dense clusters in this passage.  ","Az akkordok ebben a szakaszban sûrûn t”m”rlnek egym s mell‚. "
"This passage typically has some sparse chords.  ","Ez a szakasz jellemz‹en n‚h ny ritka akkordot tartalmaz. "
"This passage features only melodic tones and intervals.  ","Ez a szakasz csak dallamhangokat ‚s intervallumokat tartalmaz. "
"Only one pitch is ever played at a time in this passage.  ","Egyszerre mindig csak egy hangmagass g sz¢lal meg ebben a szakaszban. "
"The tonic note is a fixed tone passed from teacher to student.  ","A t¢nus egy r”gz¡tett hang, amely a tan rr¢l a tanul¢ra sz ll. "
"After a scale is constructed, the root note of chords are named.  ","A sk la fel‚p¡t‚se ut n az akkordok alaphangj t nevezzk meg. "
"After a scale is constructed, notes are named according to degree.  ","A sk la fel‚p¡t‚se ut n a hangjegyeket fokozatok szerint nevezik el. "
"A single note in the fundamental scale is named.  ","Az alaphangsk la egyetlen hangj t nevezzk meg. "
"Preferred notes in the fundamental scale are named.  ","Az alapsk la el‹nyben r‚szes¡tett hangjegyeit nevezzk meg. "
"Every note is named.  ","Minden hangjegy meg van nevezve. "
"End Year","v v‚ge"
"Population Cap After Civ Creation","Civiliz ci¢ l‚trehoz sa ut ni n‚pess‚gkorl t"
"No Cap","Nincs korl t"
"Site Cap After Civ Creation","Civiliz ci¢ l‚trehoz sa ut ni helysz¡n-korl t"
"Elevation","Emelked‚s"
"Rainfall","Csapad‚k"
"Temperature","H‹m‚rs‚klet"
"Drainage","Lefoly s"
"Volcanism","Vulkanizmus"
"Savagery","Barb rs g"
" X-Variance"," X-Elt‚r‚s"
" Y-Variance"," Y-Elt‚r‚s"
"Elevation Mesh Size","Emelked‚s h l¢m‚rete"
" Elevation Weighted Range ("," Emelked‚s s£lyozott tartom nya ("
"Rain Mesh Size","Es‹ h l¢m‚rete"
" Rain Weighted Range ("," Es‹ s£lyozott tartom nya ("
"Drainage Mesh Size","Lefoly s h l¢m‚rete"
"North or South","szak vagy D‚l"
"North and/or South","szak ‚s/vagy D‚l"
"North and South","szak ‚s D‚l"
"Minimum Mountain Peak Number","Minim lis hegycs£cssz m"
"Titan Number","Tit nok sz ma"
"Number of Demon Types","D‚mont¡pusok sz ma"
"Number of Werebeast Curse Types","V‚rbestia- tokt¡pusok sz ma"
"Werebeast Attack Population Rating","V‚rbestia t mad¢n‚pess‚g ‚rt‚ke vagy V‚rbestia-t mad s n‚pess‚g‚rt‚ke"
"Allow Necromancer Experiments","Nekromanta k¡s‚rletek enged‚lyez‚se"
"Allow Necromancer Lieutenants","Nekromanta vez‚rek enged‚lyez‚se"
"Allow Necromancer Ghouls","Nekromanta g£lok enged‚lyez‚se"
"Allow Necromancer Summons","Nekromanta id‚z‚sek enged‚lyez‚se"
"Erosion Cycle Count","Er¢zi¢s ciklusok sz ma"
"Magma Layer","Magmar‚teg"
"Minimum Natural Cave Size","Minim lis term‚szetes barlangm‚ret"
"Maximum Natural Cave Size","Maxim lis term‚szetes barlangm‚ret"
"Number of Mountain Caves","Hegyvid‚ki barlangok sz ma"
"Number of Non-Mountain Caves","Nem hegyvid‚ki barlangok sz ma"
"MEDIUM ISLAND","K™ZEPES SZIGET"
"MEDIUM REGION","K™ZEPES RGIà"
"SMALL ISLAND","KIS SZIGET"
"SMALL REGION","KIS RGIà"
"SMALLER ISLAND","KISEBB SZIGET"
"SMALLER REGION","KISEBB RGIà"
"POCKET ISLAND","APRà SZIGET"
"POCKET REGION","APRà RGIà"
"The world generator is having trouble placing enough mountain peaks.  ","A vil ggener tor nehezen tud elegend‹ hegycs£csot elhelyezni. "
"You must have at least as many of these highest elevation points as you are requiring peaks.  ","Legal bb annyi ilyen legmagasabb pontnak kell lennie, ah ny cs£csot szeretn‚l. "
"You might want to check your preset elevations for the elevation 400.  ","rdemes ellen‹rizned az el‹re be ll¡tott magass gokat a 400-as magass ghoz. "
"Can the elevation 400 be placed enough times to provide space for your peaks?  ","A 400-as magass g el‚gszer elhelyezhet‹ ahhoz, hogy helyet biztos¡tson a cs£csok sz m ra? "
"You might want to check your maximum elevation value and other elevation parameters.  ","rdemes lenne ellen‹rizned a maxim lis magass gi ‚rt‚ket ‚s m s magass gi param‚tereket. "
"Alternatively, you can reduce the number of peaks required by the parameters.","Alternat¡vak‚nt cs”kkentheted a param‚terek  ltal megk”vetelt cs£csok sz m t."
"The world generator is having trouble placing enough mid-level elevations.  ","A vil ggener tornak gondjai vannak a k”z‚pszintû magass gok elhelyez‚s‚vel. "
"Can your parameters achieve elevations between 100 and 299?  ","A param‚tereid k‚pesek el‚rni a 100 ‚s 299 k”z”tti magass got? "
"You might want to adjust the parameters governing elevation frequencies.  ","rdemes lenne be ll¡tanod a magass gi frekvenci kat szab lyoz¢ param‚tereket. "
"Alternatively, you can reduce the number of mid-level elevation squares required.","Alternat¡vak‚nt cs”kkentheted a szks‚ges k”z‚pszintû magass gi n‚gyzetek sz m t."
"The world generator is having trouble placing enough low elevations.  ","A vil ggener tornak gondjai vannak az alacsony magass gok elhelyez‚s‚vel. "
"Can your parameters achieve elevations between 0 and 99?  ","A param‚tereid k‚pesek el‚rni a 0 ‚s 99 k”z”tti magass got? "
"The world generator is having trouble placing enough high elevations.  ","A vil ggener tornak gondjai vannak a magaslatok elhelyez‚s‚vel. "
"Can your parameters achieve elevations between 300 and 400?  ","A param‚tereid k‚pesek el‚rni a 300 ‚s 400 k”z”tti magass got? "
"The world generator is having trouble placing enough ocean squares along the edges.  ","A vil ggener tornak gondjai vannak a megfelel‹ sz m£ ¢ce ni n‚gyzet elhelyez‚s‚vel a sz‚leken. "
"Can your parameters achieve elevations between 0 and 99 frequently?  ","A param‚tereid gyakran el‚rik a 0 ‚s 99 k”z”tti magass got? "
"You might want to adjust the parameters governing elevation.  ","Lehet, hogy m¢dos¡tanod kell a magass got szab lyoz¢ param‚tereket. "
"Alternatively, you can reduce the number of edge oceans required.","Alternat¡vak‚nt cs”kkentheted a szks‚ges perem¢ce nok sz m t."
"The world generator is having trouble placing rainfall in the manner specified by the parameters.  ","A vil ggener tornak gondjai vannak az es‹z‚sek elhelyez‚s‚vel a param‚terek  ltal meghat rozott m¢don. "
"You might want to adjust the parameters governing rainfall.  ","rdemes lenne be ll¡tanod a csapad‚kot szab lyoz¢ param‚tereket. "
"Alternatively, you can reduce the number of high, medium or low rainfall squares required.","Alternat¡vak‚nt cs”kkentheted a szks‚ges magas, k”zepes vagy alacsony csapad‚kmennyis‚gû n‚gyzetek sz m t."
"The world generator is having trouble setting drainage in the manner specified by the parameters.  ","A vil ggener tornak gondjai vannak a v¡zelvezet‚s param‚terek  ltal meghat rozott m¢don t”rt‚n‹ be ll¡t s val. "
"You might want to adjust the parameters governing drainage.  ","Lehet, hogy m¢dos¡tanod kell a v¡zelvezet‚st szab lyoz¢ param‚tereket. "
"Alternatively, you can reduce the number of high, medium or low drainage squares required.","Alternat¡vak‚nt cs”kkentheted a szks‚ges magas, k”zepes vagy alacsony v¡zelvezet‚sû n‚gyzetek sz m t."
"The world generator is having trouble placing savagery in the manner specified by the parameters.  ","A vil ggener tornak gondjai vannak a vads gnak a param‚terek  ltal meghat rozott m¢don t”rt‚n‹ elhelyez‚s‚vel. "
"You might want to adjust the parameters governing savagery.  ","Tal n m¢dos¡tanod kellene a vads got szab lyoz¢ param‚tereket. "
"Alternatively, you can reduce the number of high, medium or low savagery squares required.","Alternat¡vak‚nt cs”kkentheted a szks‚ges magas, k”zepes vagy alacsony vads g£ n‚gyzetek sz m t."
"The world generator is having trouble setting volcanism in the manner specified by the parameters.  ","A vil ggener tornak gondjai vannak a vulkanizmus be ll¡t s val a param‚terek  ltal meghat rozott m¢don. "
"You might want to adjust the parameters governing volcanism.  ","Tal n m¢dos¡tanod kellene a vulkanizmust szab lyoz¢ param‚tereket. "
"Alternatively, you can reduce the number of high, medium or low volcanism squares required.","Alternat¡vak‚nt cs”kkentheted a szks‚ges magas, k”zepes vagy alacsony vulkanizmus£ n‚gyzetek sz m t."
"The world generator is having trouble placing enough volcanos.  ","A vil ggener tornak gondjai vannak a vulk nok elhelyez‚s‚vel. "
"You must have at least as many of these highest volcanism points as you are requiring volcanos.  ","Legal bb annyi legmagasabb vulkanikus ponttal kell rendelkeznie, ah ny vulk nt megk”vetel. "
"You might want to check your preset volcanism for the value 100.  ","rdemes lenne ellen‹rizned az el‹re be ll¡tott vulkanizmus 100-as ‚rt‚k‚t. "
"Can volcanism be placed at the value 100 enough times to provide space for each of your volcanos?  ","A vulkanizmus a 100-as ‚rt‚kre el‚gszer elhelyezhet‹ ahhoz, hogy minden egyes vulk nodnak helyet biztos¡tson? "
"You might want to check your maximum volcanism value.  ","rdemes ellen‹rizni a maxim lis vulkanizmus ‚rt‚k‚t. "
"Alternatively, you can reduce the number of volcanos required by the parameters.","Alternat¡vak‚nt cs”kkentheted a param‚terek  ltal megk”vetelt vulk nok sz m t."
"The world generator is having trouble placing swamps and marshes.  ","A vil ggener tornak gondjai vannak a mocsarak ‚s l pok elhelyez‚s‚vel. "
"Make sure your parameters and presets can support mid-elevation, mid-to-high rainfall, low drainage, non-freezing areas.  ","Gy‹z‹dj meg r¢la, hogy a param‚terek ‚s az alapbe ll¡t sok t mogatj k a k”zepes magass g£, k”zepes ‚s magas csapad‚kmennyis‚gû, alacsony v¡zelvezet‚sû, nem fagyos terleteket. "
"Alternatively, you can reduce the number of swamp squares and regions required by the parameters.","Alternat¡vak‚nt cs”kkentheted a param‚terek  ltal megk”vetelt mocs rn‚gyzetek ‚s r‚gi¢k sz m t."
"The world generator is having trouble placing deserts and badlands.  ","A vil ggener tornak gondjai vannak a sivatagok ‚s a siv rs gok elhelyez‚s‚vel. "
"Make sure your parameters and presets can support mid-elevation, very low rainfall, non-freezing areas.  ","Gy‹z‹dj meg r¢la, hogy a param‚terek ‚s az alapbe ll¡t sok t mogatj k a k”zepes magass g£, alacsony csapad‚kmennyis‚gû, nagy v¡zelvezet‚sû, nem fagyos terleteket. "
"Alternatively, you can reduce the number of desert squares and regions required by the parameters.","Alternat¡vak‚nt cs”kkentheted a param‚terek  ltal el‹¡rt sivatagn‚gyzetek ‚s r‚gi¢k sz m t."
"The world generator is having trouble placing forests.  ","A vil ggener tornak gondjai vannak az erd‹k elhelyez‚s‚vel. "
"Make sure your parameters and presets can support mid-elevation, high rainfall, high drainage, non-freezing areas.  ","Gy‹z‹dj meg r¢la, hogy a param‚terek ‚s az alapbe ll¡t sok t mogatj k a k”zepes magass g£, nagy csapad‚kmennyis‚gû, nagy v¡zelvezet‚sû, nem fagyos terleteket. "
"Alternatively, you can reduce the number of forest squares and regions required by the parameters.","Alternat¡vak‚nt cs”kkentheted a param‚terek  ltal el‹¡rt erd‹n‚gyzetek ‚s r‚gi¢k sz m t."
"The world generator is having trouble placing mountains.  ","A vil ggener tornak gondjai vannak a hegyek elhelyez‚s‚vel. "
"Make sure your parameters and presets can support high elevation areas.  ","Gy‹z‹dj meg r¢la, hogy a param‚terek ‚s az alapbe ll¡t sok t mogatj k a magasan fekv‹ terleteket. "
"Alternatively, you can reduce the number of mountain squares and regions required by the parameters.","Alternat¡vak‚nt cs”kkentheted a param‚terek  ltal el‹¡rt hegyn‚gyzetek ‚s r‚gi¢k sz m t."
"The world generator is having trouble placing oceans.  ","A vil ggener tornak gondjai vannak az ¢ce nok elhelyez‚s‚vel. "
"Make sure your parameters and presets can support low elevation areas.  ","Gy‹z‹dj meg r¢la, hogy a param‚terek ‚s az alapbe ll¡t sok t mogatj k az alacsonyan fekv‹ terleteket. "
"Alternatively, you can reduce the number of ocean squares and regions required by the parameters.","Alternat¡vak‚nt cs”kkentheted a param‚terek  ltal el‹¡rt ¢ce nn‚gyzetek ‚s r‚gi¢k sz m t."
"The world generator is having trouble placing glaciers.  ","A vil ggener tornak gondjai vannak a gleccserek elhelyez‚s‚vel. "
"Make sure your parameters and presets can support mid-elevation, very high drainage, freezing areas.  ","Gy‹z‹dj meg r¢la, hogy a param‚terek ‚s az alapbe ll¡t sok t mogatj k a k”zepes magass g£, nagy v¡zelvezet‚sû, fagyos terleteket. "
"Alternatively, you can reduce the number of glacial squares and regions required by the parameters.","Alternat¡vak‚nt cs”kkentheted a param‚terek  ltal el‹¡rt gleccsern‚gyzetek ‚s r‚gi¢k sz m t."
"The world generator is having trouble placing tundra regions.  ","A vil ggener tornak gondjai vannak a tundr k elhelyez‚s‚vel. "
"Make sure your parameters and presets can support mid-elevation, low-to-mid drainage, freezing areas.  ","Gy‹z‹dj meg r¢la, hogy a param‚terek ‚s az alapbe ll¡t sok t mogatj k a k”zepes magass g£, alacsony ‚s k”zepes v¡zelvezet‚sû, fagyos terleteket. "
"The world generator is having trouble placing hills.  ","A vil ggener tornak gondjai vannak a dombok elhelyez‚s‚vel. "
"Make sure your parameters and presets can support mid-elevation, low-to-mid rainfall, high drainage, non-freezing areas.  ","Gy‹z‹dj meg r¢la, hogy a param‚terek ‚s az alapbe ll¡t sok t mogatj k a k”zepes magass g£, alacsony ‚s k”zepes csapad‚kmennyis‚gû, nagy v¡zelvezet‚sû, nem fagyos terleteket. "
"The world generator is having trouble placing rivers.  ","A vil ggener tornak gondjai vannak a foly¢k elhelyez‚s‚vel. "
"Make sure your parameters and presets allow as many mountain squares as you are requiring river start points.  ","Gy‹z‹dj meg r¢la, hogy a param‚terek ‚s az alapbe ll¡t sok annyi hegyi n‚gyzetet engednek meg, ah ny folyami kiindul¢pontot szeretn‚l. "
"Make sure your parameters and presets allow as many mid-elevation squares as you are requiring low-lying caves.  ","Gy‹z‹dj meg r¢la, hogy a param‚terei ‚s az alapbe ll¡t sok annyi k”z‚pmagass g£ n‚gyzetet tesznek lehet‹v‚, ah ny alacsonyan fekv‹ barlangot szeretn‚l. "
"Alternatively, you can reduce the number of non-mountain caves required by the parameters.","Alternat¡vak‚nt cs”kkentheted a param‚terek  ltal megk”vetelt nem hegyvid‚ki barlangok sz m t."
"The world generator is having trouble placing enough civilizations.  ","A vil ggener tor nehezen tud elegend‹ civiliz ci¢t elhelyezni. "
"Make sure your parameters and presets offer enough low-to-mid savagery, evil/good appropriate, biome appropriate squares to establish sites.  ","Gy‹z‹dj meg r¢la, hogy a param‚terek ‚s az alapbe ll¡t sok elegend‹ alacsony-k”zepes vads ggal, valamint gonoszs gnak/j¢s gnak ‚s biomnak megfelel‹ n‚gyzetet k¡n lnak a helysz¡nek l‚trehoz s hoz. "
"If you have very few biome types and are placing good or evil regions, they'll often crowd out the civilizations as well.  ","Ha nagyon kev‚s biomt¡pusod van, ‚s j¢ vagy gonosz terleteket helyezel el, akkor azok gyakran kiszor¡tj k a civiliz ci¢kat is. "
"Alternatively, you can reduce the number of civilizations required by the parameters.","Alternat¡vak‚nt a param‚terekkel cs”kkentheted a k”telez‹ civiliz ci¢k sz m t."
"The world generator couldn't find any civilization definitions.  ","A vil ggener tor nem tal lt civiliz ci¢s defin¡ci¢kat. "
"This problem cannot be resolved by continuing, so you should either abort or skip all rejects for a legends-only game.  ","Ez a probl‚ma nem oldhat¢ meg a folytat ssal, ez‚rt vagy meg kell szak¡tanod, vagy ki kell hagynod minden visszadob st a csak legend kb¢l  ll¢ j t‚khoz. "
"The world generator is having trouble placing a controllable civilization.  ","A vil ggener tornak gondot okoz egy ir ny¡that¢ civiliz ci¢ elhelyez‚se. "
"Dwarves, for example, require non-evil, non-good, unsavage mountain squares that aren't surrounded by the ocean.  ","A t”rp‚knek p‚ld ul nem gonosz, nem j¢, nem vad hegyvid‚ki terekre van szks‚gk, amelyeket nem vesz k”rl az ¢ce n. "
"Make sure your parameters and presets have adequate squares of this kind.  ","Gy‹z‹dj meg r¢la, hogy a param‚terek ‚s az alapbe ll¡t sok megfelel‹ n‚gyzetekkel rendelkeznek. "
"Alternatively, you can remove the requirement of a controllable civilization from the parameters, which will restrict you to adventurers (assuming an appropriate civilization is placed).","Alternat¡vak‚nt elt vol¡thatod az ir ny¡that¢ civiliz ci¢ k”vetelm‚ny‚t a param‚terek k”zl, ami a kalandoz¢kra korl toz¢dik (felt‚ve, hogy megfelel‹ civiliz ci¢ van elhelyezve)."
"The world generator is having trouble placing farming civilizations.  ","A vil ggener tornak gondjai vannak a f”ldmûvel‹ civiliz ci¢k elhelyez‚s‚vel. "
"Civilizations use available plants in their surroundings as their initial crops.  ","A civiliz ci¢k a k”rnyezetkben rendelkez‚sre  ll¢ n”v‚nyeket haszn lj k fel kezdeti term‚nyk‚nt. "
"Make sure your parameters and raw objects have adequate vegetation.  ","Gy‹z‹dj meg r¢la, hogy a param‚terek ‚s a nyers objektumok megfelel‹ veget ci¢val rendelkeznek. "
" not found -- using default."," nem tal lhat¢ -- alap‚rtelmezett haszn lata."
"CREATE WORLD NOW = ","VILµG LTREHOZµSA AZONNAL = "
"Loading data needed to create new world","éj vil g l‚trehoz s hoz szks‚ges adatok bet”lt‚se"
"Finalizing...","V‚gleges¡t‚s..."
"Back to main menu","Vissza a f‹menbe"
"Creating ","L‚trehoz s: "
"Creating the world","A vil g megalkot sa"
" rejected)"," visszautas¡tva)"
"Preparing elevation...","Emelked‚s el‹k‚sz¡t‚se..."
"Setting temperature...","H‹m‚rs‚klet meghat roz sa..."
"Running rivers...","Foly¢k folyat sa..."
"Forming lakes","Tavak kialak¡t sa"
" and minerals..."," ‚s  sv nyok..."
"Growing vegetation...","N”v‚nyzet n”veked‚se..."
"Verifying terrain...","Terepviszonyok ellen‹rz‚se..."
"Importing wildlife...","Vad llatok behozatala..."
"Recounting legends...","Legend k elmes‚l‚se..."
"Finished prehistory...","Befejezett ‹st”rt‚net..."
"Placing civilizations... (","Civiliz ci¢k elhelyez‚se... ("
"Making cave civilizations...","Barlangi civiliz ci¢k l‚trehoz sa..."
"Making cave pops...","Barlangi popul ci¢k l‚trehoz sa..."
"Placing other beasts...","Egy‚b besti k elhelyez‚se..."
"Placing megabeasts...","Megabesti k elhelyez‚se..."
"Placing good/evil...","J¢/gonosz elhelyez‚se..."
"Placing caves... (","Barlangok elhelyez‚se... ("
"Prehistory init...","Šst”rt‚net kezdete..."
"Finalizing civ mats... (","Civiliz ci¢s alapanyag v‚gleges¡t‚se... ("
"Finalizing art... (","Mûv‚szet v‚gleges¡t‚se... ("
"Finalizing uniforms... (","Egyenruh k v‚gleges¡t‚se... ("
"Finalizing sites... (","Helysz¡nek v‚gleges¡t‚se... ("
", year ",", ‚v: "
"Historical figures: ","T”rt‚nelmi szem‚lyek: "
"An abridged chronicle (","Egy r”vid¡tett kr¢nika ("
" events total):"," esem‚ny ”sszesen):"
"   Events: "," Esem‚nyek: "
"LACK OF PEAKS","HEGYCSéCSOK HIµNYA"
"MEDIUM ELEVATION REJECTION","K™ZEPES MAGASSµGé VISSZAUTASÖTµS"
"LOW ELEVATION REJECTION","ALACSONY MAGASSµG VISSZAUTASÖTµSA"
"HIGH ELEVATION REJECTION","MAGAS MAGASSµG VISSZAUTASÖTµSA"
"LACK OF EDGE OCEANS","PEREMàCEµNOK HIµNYA"
"RAINFALL REJECTION","CSAPADK VISSZAUTASÖTµSA"
"DRAINAGE REJECTION","VÖZELVEZETS VISSZAUTASÖTµSA"
"SAVAGERY REJECTION","VADSµG VISSZAUTASÖTµSA"
"VOLCANISM REJECTION","VULKANIZMUS VISSZAUTASÖTµSA"
"LACK OF VOLCANOS","VULKµNOK HIµNYA"
"FARMING CIVILIZATION PLACED WITHOUT CROPS","F™LDMëVELŠ CIVILIZµCIà N™VNYTERMESZTS NLKšL"
"CONTINUE until you give me another warning.","FOLYTATµS addig, am¡g £jabb figyelmeztet‚s nem ‚rkezik."
"ABORT NOW and I'll look over my parameters.","MEGSZAKÖTµS MOST, ‚s  tn‚zem a param‚tereket."
"ALLOW THIS REJECTION TYPE and continue reporting others.","ENNEK A VISSZAUTASÖTµSI TÖPUSNAK AZ ENGEDLYEZSE, a t”bbi jelent‚s‚nek folytat sa."
"ALLOW ALL REJECTS, even if I end up with a legends-only world!","MINDEN VISSZAUTASÖTµS ENGEDLYEZSE, m‚g akkor is, ha a v‚g‚n egy csak legend kb¢l  ll¢ vil g j”n l‚tre!"
"Play now","J t‚k most"
"Keep world and return to main menu","Vil g megtart sa ‚s visszat‚r‚s a f‹menbe"
"Use world now","Vil g haszn lata most"
"Continue generating","Gener l s folytat sa:"
"Basic options","Alapvet‹ lehet‹s‚gek"
"Detailed mode","R‚szletes zemm¢d"
"Create world","Vil g l‚trehoz sa"
"World map size","Vil gt‚rk‚p m‚rete"
"History length","T”rt‚nelem hossza"
"This may take several minutes!","Ez t”bb percet is ig‚nybe vehet!"
"This may take a long while!","Ez eltarthat egy ideig!"
"Number of civilizations","Civiliz ci¢k sz ma"
"Maximum number of sites","Helysz¡nek maxim lis sz ma"
"Number of beasts","A fenevadak sz ma"
"Natural savagery","Term‚szetes vads g"
"Mineral occurrence","µsv nyok el‹fordul sa"
"Medium","K”zepes"
"Small","Kis"
"Smaller","Kisebb"
"Pocket","Apr¢"
"500 years","500 ‚v"
"250 years","250 ‚v"
"100 years","100 ‚v"
"50 years","50 ‚v"
"5 years","5 ‚v"
"Very high","Nagyon magas"
"Very low","Nagyon alacsony"
"Everywhere","Mindenhol"
"Frequent","Gyakori"
"Rare","Ritka"
"Very rare","Nagyon ritka"
"Large","Nagy"
"Parameters saved!","Param‚terek elmentve!"
"Parameters loaded!","Param‚terek bet”ltve!"
"Choose or create a parameter set to make a custom world.","Egy‚ni vil g l‚trehoz s hoz v lassz vagy hozz l‚tre egy param‚terk‚szletet."
"New parameter set","éj param‚terk‚szlet"
"Load","Bet”lt‚s"
"Width","Sz‚less‚g"
"Height","Magass g"
"Random seed","V‚letlenszerû magok"
"Various seeds","Kl”nb”z‹ magok"
"Really delete this parameter set?","Biztosan t”rl”d ezt a param‚terk‚szletet?"
"Really change the dimensions?","Biztosan megv ltoztatod a m‚reteket?"
"This parameter set will be reset.","Ez a param‚terk‚szlet alaphelyzetbe  ll."
"Change","M¢dos¡t s"
"Are you sure you want to abort?","Biztosan meg szeretn‚d szak¡tani?"
"You haven't saved your changes.","Nem mentetted el a m¢dos¡t sokat."
"Are you sure you want to go on?","Biztosan tov bb akarsz l‚pni?"
"has a low sense of self-esteem","alacsony ”nbecsl‚ssel rendelkezik"
" own dead "," saj t halott "
" a light"," egy f‚ny"
"to express grief over","gy sz t fejezze ki"
"to praise","dics‚rje"
"The poem ","A vers "
"Magma Flow","Magmafolyam"
" is stumbling around obliviously!"," ”nfeledten botork l!"
"drum","dob"
"bowl-shaped","t l-alak£"
"hourglass","homok¢ra"
"bowls","t lak"
"bowl","t l"
"triangles","h romsz”gek"
"triangle","h romsz”g"
"bells","cseng‹k"
"bell","cseng‹"
"rings","gyûrûk"
" heads"," fejek"
" head"," fej"
" heads are"," fejek vannak"
" head is"," fej van"
" together"," egytt"
"shade"," rny‚k"
"brown","barna"
"green","z”ld"
"disgusting appearance","undor¡t¢ megjelen‚s"
"white","feh‚r"
"waste","szem‚t"
"blizzard","h¢vihar"
"tear","k”nny"
" of tears"," k”nnyek"
"boiling","forr¢"
"flame","l ng"
"flash","villan s"
"flaming","l ngol¢"
"armored ","p nc‚lozott "
"Doom","V‚gzet"
"bane","csap s"
"Ruination","Roml s"
"Removing Stones","K”vek elt vol¡t sa"
"Loss","Vesztes‚g"
"Ruin","Roml s"
"Wooden Furniture","Fab£torok"
"Stone Furniture","K‹b£torok"
"Metal Furniture","F‚mb£torok"
"trenches"," rkok"
"fortress entrance","er‹dbej rat"
"Select a game type to begin!","V laszd ki a j t‚k t¡pus t a kezd‚shez!"
"You have selected the largest possible area.","A lehet‹ legnagyobb terletet v lasztottad ki."
"You have selected a very large area.","Nagyon agy terletet v lasztott l ki."
"You have selected a large area.","Nagy terletet v lasztott l ki."
"You have selected a narrow area.","Egy szûk terletet v lasztott l ki."
"dining hall (75,50,75)","‚tkez‹ (75,50,75)"
" is excited"," izgatott"
" surprised"," meglepett"
" is annoyed"," bossz£s"
" is bored"," unatkozik"
"When ","Mikor "
"stoneworker","k‹mûves"
"stonecutter","k‹v g¢"
"stone carver","k‹v‚s‹"
"stonecrafter","k‹farag¢"
"Stonecrafter","K‹farag¢"
"magma sea","magmatenger"
"a lot of willpower","rengeteg akarater‹"
"absolutely no willpower","abszol£t semmi akarater‹"
"next to no willpower","szinte semmi akarater‹"
"a large deficit of willpower","nagyfok£ akarater‹hi ny"
"little willpower","kev‚s akarater‹"
"Hidden","Rejtett"
"very near","nagyon k”zel"
"aboveground","felsz¡n"
"in the depths","a m‚lyben"
" have married.  Congratulations!"," megh zasodott. Gratul lunk!"
" has slipped into depression..."," depresszi¢ba zuhant..."
" is brawling under the influence!"," befoly solts g alatt dulakodik!"
