"body","тіло"
"bodies","тіла"
"upper body","верхня частина тіла"
"upper bodies","верхні частини тіла"
"lower body","нижня частина тіла"
"lower bodies","нижні частини тіла"
"right upper arm","праве плече"
"right upper arms","праві плечі"
"праве плечеs","праві плечі"
"left upper arm","ліве плече"
"left upper arms","ліві плечі"
"ліве плечеs","ліві плечі"
"right lower arm","праве передпліччя"
"right lower arms","праві передпліччя"
"праве передпліччяs","праві передпліччя"
"left lower arm","ліве передпліччя"
"left lower arms","ліві передпліччя"
"ліве передпліччяs","ліві передпліччя"
"right hand","правий кулак"
"right hands","праві кулаки"
"правий кулакs","праві кулаки"
"left hand","лівий кулак"
"left hands","ліві кулаки"
"лівий кулакs","ліві кулаки"
"right upper leg","праве стегно"
"right upper legs","праві стегна"
"праве стегноs","праві стегна"
"left upper leg","ліве стегно"
"left upper legs","ліві стегна"
"ліве стегноs","ліві стегна"
"right lower leg","права гомілка"
"right lower legs","праві гомілки"
"права гомілкаs","праві гомілки"
"left lower leg","ліва гомілка"
"left lower legs","ліві гомілки"
"ліва гомілкаs","ліві гомілки"
"right foot","права стопа"
"right feet","праві стопи"
"left foot","ліва стопа"
"left feet","ліві стопи"
"right front leg","права передня нога"
"right front legs","праві передні ноги"
"права передня ногаs","праві передні ноги"
"left front leg","ліва передня нога"
"left front legs","ліві передні ноги"
"ліва передня ногаs","ліві передні ноги"
"right front foot","права передня нога"
"right front feet","праві передні ноги"
"left front foot","ліва передня нога"
"left front feet","ліві передні ноги"
"right rear leg","права задня нога"
"right rear legs","праві задні ноги"
"права задня ногаs","праві задні ноги"
"left rear leg","ліва задня нога"
"left rear legs","ліві задні ноги"
"ліва задня ногаs","ліві задні ноги"
"right rear foot","права задня нога"
"right rear feet","праві задні ноги"
"left rear foot","ліва задня нога"
"left rear feet","ліві задні ноги"
"first neck","перша шия"
"first necks","перші шиї"
"перша шияs","перші шиї"
"second neck","друга шия"
"second necks","другі шиї"
"друга шияs","другі шиї"
"third neck","третя шия"
"third necks","треті шиї"
"третя шияs","треті шиї"
"fourth neck","четверта шия"
"fourth necks","четверті шиї"
"четверта шияs","четверті шиї"
"fifth neck","п'ята шия"
"fifth necks","п'яті шиї"
"п'ята шияs","п'яті шиї"
"sixth neck","шоста шия"
"sixth necks","шості шиї"
"шоста шияs","шості шиї"
"seventh neck","сьома шия"
"seventh necks","сьомі шиї"
"сьома шияs","сьомі шиї"
"first head","перша голова"
"first heads","перші голови"
"перша головаs","перші голови"
"second head","друга голова"
"second heads","другі голови"
"друга головаs","другі голови"
"third head","третя голова"
"third heads","треті голови"
"третя головаs","треті голови"
"fourth head","четверта голова"
"fourth heads","четверті голови"
"четверта головаs","четверті голови"
"fifth head","п'ята голова"
"fifth heads","п'яті голови"
"п'ята головаs","п'яті голови"
"sixth head","шоста голова"
"sixth heads","шості голови"
"шоста головаs","шості голови"
"seventh head","сьома голова"
"seventh heads","сьомі голови"
"сьома головаs","сьомі голови"
"head","голова"
"heads","голови"
"головаs","голови"
"neck","шия"
"necks","шиї"
"шияs","шиї"
"right hoof","праве копито"
"right hooves","праві копита"
"left hoof","ліве копито"
"left hooves","ліві копита"
"right wing","праве крило"
"right wings","праві крила"
"праве крилоs","праві крила"
"left wing","ліве крило"
"left wings","ліві крила"
"ліве крилоs","ліві крила"
"first right upper arm","перше праве плече"
"first right upper arms","перші праві плечі"
"перше праве плечеs","перші праві плечі"
"first left upper arm","перше ліве плече"
"first left upper arms","перші ліві плечі"
"перше ліве плечеs","перші ліві плечі"
"first right lower arm","перше праве передпліччя"
"first right lower arms","перші праві передпліччя"
"перше праве передпліччяs","перші праві передпліччя"
"first left lower arm","перше ліве передпліччя"
"first left lower arms","перші ліві передпліччя"
"перше ліве передпліччяs","перші ліві передпліччя"
"first right hand","перший правий кулак"
"first right hands","перші праві кулаки"
"перший правий кулакs","перші праві кулаки"
"first left hand","перший лівий кулак"
"first left hands","перші ліві кулаки"
"перший лівий кулакs","перші ліві кулаки"
"second right upper arm","друге праве плече"
"second right upper arms","другі праві плечі"
"друге праве плечеs","другі праві плечі"
"second left upper arm","друге ліве плече"
"second left upper arms","другі ліві плечі"
"друге ліве плечеs","другі ліві плечі"
"second right lower arm","друге праве передпліччя"
"second right lower arms","другі праві передпліччя"
"друге праве передпліччяs","другі праві передпліччя"
"second left lower arm","друге ліве передпліччя"
"second left lower arms","другі ліві передпліччя"
"друге ліве передпліччяs","другі ліві передпліччя"
"second right hand","другий правий кулак"
"second right hands","другі праві кулаки"
"другий правий кулакs","другі праві кулаки"
"second left hand","другий лівий кулак"
"second left hands","другі ліві кулаки"
"другий лівий кулакs","другі ліві кулаки"
"third right upper arm","третє праве плече"
"third right upper arms","треті праві плечі"
"третє праве плечеs","треті праві плечі"
"third left upper arm","третє ліве плече"
"third left upper arms","треті ліві плечі"
"третє ліве плечеs","треті ліві плечі"
"third right lower arm","третє праве передпліччя"
"third right lower arms","треті праві передпліччя"
"третє праве передпліччяs","треті праві передпліччя"
"third left lower arm","третє ліве передпліччя"
"third left lower arms","треті ліві передпліччя"
"третє ліве передпліччяs","треті ліві передпліччя"
"third right hand","третій правий кулак"
"third right hands","треті праві кулаки"
"третій правий кулакs","треті праві кулаки"
"third left hand","третій лівий кулак"
"third left hands","треті ліві кулаки"
"третій лівий кулакs","треті ліві кулаки"
"right head","права голова"
"right heads","праві голови"
"права головаs","праві голови"
"left head","ліва голова"
"left heads","ліві голови"
"ліва головаs","ліві голови"
"right neck","права шия"
"right necks","праві шиї"
"права шияs","праві шиї"
"left neck","ліва шия"
"left necks","ліві шиї"
"ліва шияs","ліві шиї"
"right arm","права рука"
"right arms","праві руки"
"права рукаs","праві руки"
"left arm","ліва рука"
"left arms","ліві руки"
"ліва рукаs","ліві руки"
"right leg","права нога"
"right legs","праві ноги"
"права ногаs","праві ноги"
"left leg","ліва нога"
"left legs","ліві ноги"
"ліва ногаs","ліві ноги"
"right front hoof","праве переднє копито"
"right front hooves","праві передні копита"
"left front hoof","ліве переднє копито"
"left front hooves","ліві передні копита"
"right rear hoof","праве заднє копито"
"right rear hooves","праві задні копита"
"left rear hoof","ліве заднє копито"
"left rear hooves","ліві задні копита"
"thorax","грудна клітка"
"thoraxes","грудні клітки"
"abdomen","черево"
"abdomens","черева"
"черевоs","черева"
"right first leg","права перша нога"
"right first legs","праві перші ноги"
"права перша ногаs","праві перші ноги"
"left first leg","ліва перша нога"
"left first legs","ліві перші ноги"
"ліва перша ногаs","ліві перші ноги"
"right first foot","права перша ступня"
"right first feet","праві перші ступні"
"left first foot","ліва перша ступня"
"left first feet","ліві перші ступні"
"right second leg","права друга нога"
"right second legs","праві другі ноги"
"права друга ногаs","праві другі ноги"
"left second leg","ліва друга нога"
"left second legs","ліві другі ноги"
"ліва друга ногаs","ліві другі ноги"
"right second foot","права друга ступня"
"right second feet","праві другі ступні"
"left second foot","ліва друга ступня"
"left second feet","ліві другі ступні"
"right third leg","права третя нога"
"right third legs","праві треті ноги"
"права третя ногаs","праві треті ноги"
"left third leg","ліва третя нога"
"left third legs","ліві треті ноги"
"ліва третя ногаs","ліві треті ноги"
"right third foot","права третя ступня"
"right third feet","праві треті ступні"
"left third foot","ліва третя ступня"
"left third feet","ліві треті ступні"
"right upper foreleg","стегно правої передньої кінцівки"
"right upper forelegs","стегна правих передніх кінцівок"
"стегно правої передньої кінцівкиs","стегна правих передніх кінцівок"
"left upper foreleg","стегно лівої передньої кінцівки"
"left upper forelegs","стегна лівих передніх кінцівок"
"стегно лівої передньої кінцівкиs","стегна лівих передніх кінцівок"
"right lower foreleg","гомілка правої передньої кінцівки"
"right lower forelegs","гомілки правих передніх кінцівок"
"гомілка правої передньої кінцівкиs","гомілки правих передніх кінцівок"
"left lower foreleg","гомілка лівої передньої кінцівки"
"left lower forelegs","гомілки лівих передніх кінцівок"
"гомілка лівої передньої кінцівкиs","гомілки лівих передніх кінцівок"
"right forefoot","ступня правої передньої кінцівки"
"right forefeet","ступні правих передніх кінцівок"
"left forefoot","ступня лівої передньої кінцівки"
"left forefeet","ступни левых передних конечностей"
"cephalothorax","головогруди"
"cephalothoraxes","головогруди"
"right fourth leg","четверта права нога"
"right fourth legs","четверті праві ноги"
"четверта права ногаs","четверті праві ноги"
"left fourth leg","четверта ліва нога"
"left fourth legs","четверті ліві ноги"
"четверта ліва ногаs","четверті ліві ноги"
"right fourth foot","четверта права стопа"
"right fourth feet","четверті праві стопи"
"left fourth foot","четверта ліва стопа"
"left fourth feet","четверті ліві стопи"
"right tentacle","праве щупальце"
"right tentacles","праві щупальці"
"праве щупальцеs","праві щупальці"
"left tentacle","ліве щупальце"
"left tentacles","ліві щупальці"
"ліве щупальцеs","ліві щупальці"
"mouth","рот"
"mouths","роти"
"ротs","роти"
"tooth","зубний"
"teeth","зуби"
"first arm","перша кінцівка"
"first arms","перші кінцівки"
"перша кінцівкаs","перші кінцівки"
"second arm","друга кінцівка"
"second arms","другі кінцівки"
"друга кінцівкаs","другі кінцівки"
"third arm","третя кінцівка"
"third arms","треті кінцівки"
"третя кінцівкаs","треті кінцівки"
"fourth arm","четверта кінцівка"
"fourth arms","четверті кінцівки"
"четверта кінцівкаs","четверті кінцівки"
"fifth arm","п'ята кінцівка"
"fifth arms","п'яті кінцівки"
"п'ята кінцівкаs","п'яті кінцівки"
"sixth arm","шоста кінцівка"
"sixth arms","шості кінцівки"
"шоста кінцівкаs","шості кінцівки"
"seventh arm","сьома кінцівка"
"seventh arms","сьомі кінцівки"
"сьома кінцівкаs","сьомі кінцівки"
"eighth arm","восьма кінцівка"
"eighth arms","восьмі кінцівки"
"восьма кінцівкаs","восьмі кінцівки"
"right tentacle club","булава правого щупальця"
"right tentacle clubs","булави правих щупалець"
"булава правого щупальцяs","булави правих щупалець"
"left tentacle club","булава лівого щупальця"
"left tentacle clubs","булави лівих щупалець"
"булава лівого щупальцяs","булави лівих щупалець"
"right upper tentacle","верхнє праве щупальце"
"right upper tentacles","верхні праві щупальці"
"верхнє праве щупальцеs","верхні праві щупальці"
"left upper tentacle","верхнє ліве щупальце"
"left upper tentacles","верхні ліві щупальці"
"верхнє ліве щупальцеs","верхні ліві щупальці"
"right upper claw","верхній правий пазур"
"right upper claws","верхні праві пазурі"
"верхній правий пазурs","верхні праві пазурі"
"left upper claw","верхній лівий пазур"
"left upper claws","верхні ліві пазурі"
"верхній лівий пазурs","верхні ліві пазурі"
"right lower tentacle","нижнє праве щупальце"
"right lower tentacles","нижні праві щупальці"
"нижнє праве щупальцеs","нижні праві щупальці"
"left lower tentacle","нижнє ліве щупальце"
"left lower tentacles","нижні ліві щупальці"
"нижнє ліве щупальцеs","нижні ліві щупальці"
"right lower claw","нижній правий пазур"
"right lower claws","нижні праві пазурі"
"нижній правий пазурs","нижні праві пазурі"
"left lower claw","нижній лівий пазур"
"left lower claws","нижні ліві пазурі"
"нижній лівий пазурs","нижні ліві пазурі"
"right middle tentacle","середнє праве щупальце"
"right middle tentacles","середні праві щупальці"
"середнє праве щупальцеs","середні праві щупальці"
"left middle tentacle","середнє ліве щупальце"
"left middle tentacles","середні ліві щупальці"
"середнє ліве щупальцеs","середні ліві щупальці"
"right middle claw","середній правий пазур"
"right middle claws","середні праві пазурі"
"середній правий пазурs","середні праві пазурі"
"left middle claw","середній лівий пазур"
"left middle claws","середні ліві пазурі"
"середній лівий пазурs","середні ліві пазурі"
"front","перед"
"fronts","переди"
"передs","переди"
"back","спина"
"backs","спини"
"спинаs","спини"
"right front wheel","переднє праве колесо"
"right front wheels","передні праві колеса"
"переднє праве колесоs","передні праві колеса"
"left front wheel","переднє ліве колесо"
"left front wheels","передні ліві колеса"
"переднє ліве колесоs","передні ліві колеса"
"right rear wheel","заднє праве колесо"
"right rear wheels","задні праві колеса"
"заднє праве колесоs","задні праві колеса"
"left rear wheel","заднє ліве колесо"
"left rear wheels","задні ліві колеса"
"заднє ліве колесоs","задні ліві колеса"
"tail","хвіст"
"tails","хвости"
"хвістs","хвости"
"shell","з панцира"
"shells","панцирі"
"панцирs","панцирі"
"stinger","жало"
"stingers","жала"
"жалоs","жала"
"right pincer","права клешня"
"right pincers","праві клешні"
"права клешняs","праві клешні"
"left pincer","ліва клешня"
"left pincers","ліві клешні"
"ліва клешняs","ліві клешні"
"right eye","праве око"
"right eyes","праві очі"
"праве окоs","праві очі"
"left eye","ліве око"
"left eyes","ліві очі"
"ліве окоs","ліві очі"
"center eye","середнє око"
"center eyes","середні очі"
"середнє окоs","середні очі"
"first eye","перше око"
"first eyes","перші очі"
"перше окоs","перші очі"
"second eye","друге око"
"second eyes","другі очі"
"друге окоs","другі очі"
"third eye","третє око"
"third eyes","треті очі"
"третє окоs","треті очі"
"fourth eye","четверте око"
"fourth eyes","четверті очі"
"четверте окоs","четверті очі"
"right eyestalk","Правий очний стебіль"
"right eyestalks","праві очні стеблі"
"Правий очний стебільs","праві очні стеблі"
"left eyestalk","Лівий очний стебіль"
"left eyestalks","ліві очні стеблі"
"Лівий очний стебільs","ліві очні стеблі"
"right tusk","правий бивень"
"right tusks","праві бивні"
"правий бивеньs","праві бивні"
"left tusk","лівий бивень"
"left tusks","ліві бивні"
"лівий бивеньs","ліві бивні"
"nose","ніс"
"noses","носи"
"нісs","носи"
"snout","рило"
"snouts","рила"
"рилоs","рила"
"trunk","хобот"
"trunks","хоботи"
"хоботs","хоботи"
"right ear","праве вухо"
"right ears","праві вуха"
"праве вухоs","праві вуха"
"left ear","ліве вухо"
"left ears","ліві вуха"
"ліве вухоs","ліві вуха"
"right lung","права легеня"
"right lungs","праві легені"
"права легеняs","праві легені"
"left lung","ліва легеня"
"left lungs","ліві легені"
"ліва легеняs","ліві легені"
"proboscis","хобот"
"proboscises","хоботи"
"beak","дзьоб"
"beaks","дзьоби"
"дзьобs","дзьоби"
"heart","серце"
"hearts","серця"
"серцеs","серця"
"guts","кишки"
"gizzard","тельбухи"
"gizzards","тельбухи"
"тельбухиs","тельбухи"
"liver","печінка"
"livers","печінки"
"печінкаs","печінки"
"stomach","шлунок"
"stomachs","шлунки"
"шлунокs","шлунки"
"pancreas","підшлункова залоза"
"pancreases","підшлункові залози"
"spleen","селезінка"
"spleens","селезінки"
"селезінкаs","селезінки"
"right kidney","права нирка"
"right kidneys","праві нирки"
"права ниркаs","праві нирки"
"left kidney","ліва нирка"
"left kidneys","ліві нирки"
"ліва ниркаs","ліві нирки"
"right shoulder","праве плече"
"right shoulders","праві плечі"
"left shoulder","ліве плече"
"left shoulders","ліві плечі"
"right elbow","правий лікоть"
"right elbows","праві лікті"
"правий лікотьs","праві лікті"
"left elbow","лівий лікоть"
"left elbows","ліві лікті"
"лівий лікотьs","ліві лікті"
"right wrist","праве зап'ястя"
"right wrists","праві зап'ястя"
"праве зап'ястяs","праві зап'ястя"
"left wrist","ліве зап'ястя"
"left wrists","ліві зап'ястя"
"ліве зап'ястяs","ліві зап'ястя"
"right hip","праве стегно"
"right hips","праві стегна"
"left hip","ліве стегно"
"left hips","ліві стегна"
"right knee","праве коліно"
"right knees","праві коліна"
"праве коліноs","праві коліна"
"left knee","ліве коліно"
"left knees","ліві коліна"
"ліве коліноs","ліві коліна"
"right ankle","права щиколотка"
"right ankles","праві щиколотки"
"права щиколоткаs","праві щиколотки"
"left ankle","ліва щиколотка"
"left ankles","ліві щиколотки"
"ліва щиколоткаs","ліві щиколотки"
"throat","горло"
"throats","горла"
"горлоs","горла"
"upper spine","шийний відділ хребта"
"upper spines","шийні відділи хребта"
"шийний відділ хребтаs","шийні відділи хребта"
"middle spine","грудний відділ хребта"
"middle spines","грудні відділи хребта"
"грудний відділ хребтаs","грудні відділи хребта"
"lower spine","поперековий відділ хребта"
"lower spines","поперекові відділи хребта"
"поперековий відділ хребтаs","поперекові відділи хребта"
"brain","мозковий"
"brains","мізки"
"мозокs","мізки"
"skull","череп"
"skulls","черепи"
"черепs","черепи"
"casque","шолом"
"casques","шоломи"
"шоломs","шоломи"
"horn","з рогу"
"horns","бивні"
"рігs","роги"
"right horn","правий ріг"
"right horns","праві роги"
"правий рігs","праві роги"
"left horn","лівий ріг"
"left horns","ліві роги"
"лівий рігs","ліві роги"
"first horn","перший ріг"
"first horns","перші роги"
"перший рігs","перші роги"
"second horn","другий ріг"
"second horns","другі роги"
"другий рігs","другі роги"
"right antler","правий гіллястий ріг"
"right antlers","праві гіллясті роги"
"правий гіллястий рігs","праві гіллясті роги"
"left antler","лівий гіллястий ріг"
"left antlers","ліві гіллясті роги"
"лівий гіллястий рігs","ліві гіллясті роги"
"eye","око"
"eyes","очі"
"окоs","очі"
"eyelid","повіка"
"eyelids","повіки"
"повікаs","повіки"
"thumb","великий палець"
"thumbs","великі пальці"
"великий палецьs","великі пальці"
"first finger","перший палець"
"first fingers","перші пальці"
"вказівний палецьs","вказівні пальці"
"second finger","другий палець"
"second fingers","другі пальці"
"середній палецьs","середні пальці"
"third finger","третій палець"
"third fingers","треті пальці"
"безіменний палецьs","безіменні пальці"
"fourth finger","четвертий палець"
"fourth fingers","четверті пальці"
"мізинецьs","мізинці"
"перший палецьs","перші пальці"
"другий палецьs","другі пальці"
"first toe","перший палець ноги"
"first toes","перші пальці ніг"
"перший палець ногиs","перші пальці ніг"
"second toe","другий палець ноги"
"second toes","другі пальці ніг"
"другий палець ногиs","другі пальці ніг"
"third toe","третій палець ноги"
"third toes","треті пальці ніг"
"третій палець ногиs","треті пальці ніг"
"fourth toe","четвертий палець ноги"
"fourth toes","четверті пальці ніг"
"четвертий палець ногиs","четверті пальці ніг"
"fifth toe","п'ятий палець ноги"
"fifth toes","п'яті пальці ніг"
"п'ятий палець ногиs","п'яті пальці ніг"
"first right front toe","перший палець правої передньої ноги"
"first right front toes","перші пальці правих передніх ніг"
"перший палець правої передньої ногиs","перші пальці правих передніх ніг"
"second right front toe","другий палець правої передньої ноги"
"second right front toes","другі пальці правих передніх ніг"
"другий палець правої передньої ногиs","другі пальці правих передніх ніг"
"third right front toe","третій палець правої передньої ноги"
"third right front toes","треті пальці правих передніх ніг"
"третій палець правої передньої ногиs","треті пальці правих передніх ніг"
"fourth right front toe","четвертий палець правої передньої ноги"
"fourth right front toes","четверті пальці правих передніх ніг"
"четвертий палець правої передньої ногиs","четверті пальці правих передніх ніг"
"fifth right front toe","п'ятий палець правої передньої ноги"
"fifth right front toes","п'яті пальці правих передніх ніг"
"п'ятий палець правої передньої ногиs","п'яті пальці правих передніх ніг"
"first left front toe","перший палець лівої передньої ноги"
"first left front toes","перші пальці лівих передніх ніг"
"перший палець лівої передньої ногиs","перші пальці лівих передніх ніг"
"second left front toe","другий палець лівої передньої ноги"
"second left front toes","другі пальці лівих передніх ніг"
"другий палець лівої передньої ногиs","другі пальці лівих передніх ніг"
"third left front toe","третій палець лівої передньої ноги"
"third left front toes","треті пальці лівих передніх ніг"
"третій палець лівої передньої ногиs","треті пальці лівих передніх ніг"
"fourth left front toe","четвертий палець лівої передньої ноги"
"fourth left front toes","четверті пальці лівих передніх ніг"
"четвертий палець лівої передньої ногиs","четверті пальці лівих передніх ніг"
"fifth left front toe","п'ятий палець лівої передньої ноги"
"fifth left front toes","п'яті пальці лівих передніх ніг"
"п'ятий палець лівої передньої ногиs","п'яті пальці лівих передніх ніг"
"first right rear toe","перший палець правої задньої ноги"
"first right rear toes","перші пальці правих задніх ніг"
"перший палець правої задньої ногиs","перші пальці правих задніх ніг"
"second right rear toe","другий палець правої задньої ноги"
"second right rear toes","другі пальці правих задніх ніг"
"другий палець правої задньої ногиs","другі пальці правих задніх ніг"
"third right rear toe","третій палець правої задньої ноги"
"third right rear toes","треті пальці правих задніх ніг"
"третій палець правої задньої ногиs","треті пальці правих задніх ніг"
"fourth right rear toe","четвертий палець правої задньої ноги"
"fourth right rear toes","четверті пальці правих задніх ніг"
"четвертий палець правої задньої ногиs","четверті пальці правих задніх ніг"
"fifth right rear toe","п'ятий палець правої задньої ноги"
"fifth right rear toes","п'яті пальці правих задніх ніг"
"п'ятий палець правої задньої ногиs","п'яті пальці правих задніх ніг"
"first left rear toe","перший палець лівої задньої ноги"
"first left rear toes","перші пальці лівих задніх ніг"
"перший палець лівої задньої ногиs","перші пальці лівих задніх ніг"
"second left rear toe","другий палець лівої задньої ноги"
"second left rear toes","другі пальці лівих задніх ніг"
"другий палець лівої задньої ногиs","другі пальці лівих задніх ніг"
"third left rear toe","третій палець лівої задньої ноги"
"third left rear toes","треті пальці лівих задніх ніг"
"третій палець лівої задньої ногиs","треті пальці лівих задніх ніг"
"fourth left rear toe","четвертий палець лівої задньої ноги"
"fourth left rear toes","четверті пальці лівих задніх ніг"
"четвертий палець лівої задньої ногиs","четверті пальці лівих задніх ніг"
"fifth left rear toe","п'ятий палець лівої задньої ноги"
"fifth left rear toes","п'яті пальці лівих задніх ніг"
"п'ятий палець лівої задньої ногиs","п'яті пальці лівих задніх ніг"
"first right toe","перший палець правої ноги"
"first right toes","перші пальці правих ніг"
"перший палець правої ногиs","перші пальці правих ніг"
"second right toe","другий палець правої ноги"
"second right toes","другі пальці правих ніг"
"другий палець правої ногиs","другі пальці правих ніг"
"third right toe","третій палець правої ноги"
"third right toes","треті пальці правих ніг"
"третій палець правої ногиs","треті пальці правих ніг"
"fourth right toe","четвертий палець правої ноги"
"fourth right toes","четверті пальці правих ніг"
"четвертий палець правої ногиs","четверті пальці правих ніг"
"fifth right toe","п'ятий палець правої ноги"
"fifth right toes","п'яті пальці правих ніг"
"п'ятий палець правої ногиs","п'яті пальці правих ніг"
"first left toe","перший палець лівої ноги"
"first left toes","перші пальці лівих ніг"
"перший палець лівої ногиs","перші пальці лівих ніг"
"second left toe","другий палець лівої ноги"
"second left toes","другі пальці лівих ніг"
"другий палець лівої ногиs","другі пальці лівих ніг"
"third left toe","третій палець лівої ноги"
"third left toes","треті пальці лівих ніг"
"третій палець лівої ногиs","треті пальці лівих ніг"
"fourth left toe","четвертий палець лівої ноги"
"fourth left toes","четверті пальці лівих ніг"
"четвертий палець лівої ногиs","четверті пальці лівих ніг"
"fifth left toe","п'ятий палець лівої ноги"
"fifth left toes","п'яті пальці лівих ніг"
"п'ятий палець лівої ногиs","п'яті пальці лівих ніг"
"first right finger","перший палець правої руки"
"first right fingers","перші пальці правих рук"
"перший палець правої рукиs","перші пальці правих рук"
"second right finger","другий палець правої руки"
"second right fingers","другі пальці правих рук"
"другий палець правої рукиs","другі пальці правих рук"
"third right finger","третій палець правої руки"
"third right fingers","треті пальці правих рук"
"третій палець правої рукиs","треті пальці правих рук"
"fourth right finger","четвертий палець правої руки"
"fourth right fingers","четверті пальці правих рук"
"четвертий палець правої рукиs","четверті пальці правих рук"
"fifth right finger","п'ятий палець правої руки"
"fifth right fingers","п'яті пальці правих рук"
"п'ятий палець правої рукиs","п'яті пальці правих рук"
"first left finger","перший палець лівої руки"
"first left fingers","перші пальці лівих рук"
"перший палець лівої рукиs","перші пальці лівих рук"
"second left finger","другий палець лівої руки"
"second left fingers","другі пальці лівих рук"
"другий палець лівої рукиs","другі пальці лівих рук"
"third left finger","третій палець лівої руки"
"third left fingers","треті пальці лівих рук"
"третій палець лівої рукиs","треті пальці лівих рук"
"fourth left finger","четвертий палець лівої руки"
"fourth left fingers","четверті пальці лівих рук"
"четвертий палець лівої рукиs","четверті пальці лівих рук"
"fifth left finger","п'ятий палець лівої руки"
"fifth left fingers","п'яті пальці лівих рук"
"п'ятий палець лівої рукиs","п'яті пальці лівих рук"
"right fin","правий плавець"
"right fins","праві плавці"
"правий плавецьs","праві плавці"
"left fin","лівий плавець"
"left fins","ліві плавці"
"лівий плавецьs","ліві плавці"
"dorsal fin","спинний плавець"
"dorsal fins","спинні плавці"
"спинний плавецьs","спинні плавці"
"right flipper","правий плавець"
"right flippers","праві плавці"
"left flipper","лівий плавець"
"left flippers","ліві плавці"
"right front flipper","правий передній плавець"
"right front flippers","праві передні плавці"
"правий передній плавецьs","праві передні плавці"
"left front flipper","лівий передній плавець"
"left front flippers","ліві передні плавці"
"лівий передній плавецьs","ліві передні плавці"
"right rear flipper","правий задній плавець"
"right rear flippers","праві задні плавці"
"правий задній плавецьs","праві задні плавці"
"left rear flipper","лівий задній плавець"
"left rear flippers","ліві задні плавці"
"лівий задній плавецьs","ліві задні плавці"
"hump","горб"
"humps","горби"
"горбs","горби"
"front hump","передній горб"
"front humps","передні горби"
"передній горбs","передні горби"
"rear hump","задній горб"
"rear humps","задні горби"
"задній горбs","задні горби"
"left cheek","ліва щока"
"left cheeks","ліві щоки"
"ліва щокаs","ліві щоки"
"right cheek","права щока"
"right cheeks","праві щоки"
"права щокаs","праві щоки"
"left eyelid","ліва повіка"
"left eyelids","ліві повіки"
"ліва повікаs","ліві повіки"
"right eyelid","права повіка"
"right eyelids","праві повіки"
"права повікаs","праві повіки"
"tongue","язик"
"tongues","язики"
"язикs","язики"
"forked tongue","роздвоєний язик"
"forked tongues","роздвоєні язик"
"роздвоєний язикs","роздвоєні язик"
"lower lip","нижня губа"
"lower lips","нижні губи"
"нижня губаs","нижні губи"
"upper lip","верхня губа"
"upper lips","верхні губи"
"верхня губаs","верхні губи"
"left true rib","ліве справжнє ребро"
"left true ribs","ліві справжні ребра"
"ліве справжнє реброs","ліві справжні ребра"
"right true rib","праве справжнє ребро"
"right true ribs","праві справжні ребра"
"праве справжнє реброs","праві справжні ребра"
"left false rib","ліве несправжнє ребро"
"left false ribs","ліві несправжні ребра"
"ліве несправжнє реброs","ліві несправжні ребра"
"right false rib","праве несправжнє ребро"
"right false ribs","праві несправжні ребра"
"праве несправжнє реброs","праві несправжні ребра"
"left floating rib","ліве вільне ребро"
"left floating ribs","ліві вільні ребра"
"ліве вільне реброs","ліві вільні ребра"
"right floating rib","праве вільне ребро"
"right floating ribs","праві вільні ребра"
"праве вільне реброs","праві вільні ребра"
"right eye tooth","верхнє праве ікло"
"right eye teeth","верхні праві ікла"
"left eye tooth","верхнє ліве ікло"
"left eye teeth","верхні ліві ікла"
"right fang","праве ікло"
"right fangs","праві ікла"
"left fang","ліве ікло"
"left fangs","ліві ікла"
"right upper incisor","верхній правий різець"
"right upper incisors","верхні праві різці"
"верхній правий різецьs","верхні праві різці"
"left upper incisor","верхній лівий різець"
"left upper incisors","верхні ліві різці"
"верхній лівий різецьs","верхні ліві різці"
"right lower incisor","нижній правий різець"
"right lower incisors","нижні праві різці"
"нижній правий різецьs","нижні праві різці"
"left lower incisor","нижній лівий різець"
"left lower incisors","нижні ліві різці"
"нижній лівий різецьs","нижні ліві різці"
"upper front tooth","верхній передній зуб"
"upper front teeth","верхні передні зуби"
"first upper right incisor","верхній правий перший різець"
"first upper right incisors","верхні праві перші різці"
"верхній правий перший різецьs","верхні праві перші різці"
"first upper left incisor","верхній лівий перший різець"
"first upper left incisors","верхні ліві перші різці"
"верхній лівий перший різецьs","верхні ліві перші різці"
"second upper right incisor","верхній правий другий різець"
"second upper right incisors","верхні праві другі різці"
"верхній правий другий різецьs","верхні праві другі різці"
"second upper left incisor","верхній лівий другий різець"
"second upper left incisors","верхні ліві другі різці"
"верхній лівий другий різецьs","верхні ліві другі різці"
"lower front tooth","нижній передній зуб"
"lower front teeth","нижні передні зуби"
"first lower right incisor","нижній правий перший різець"
"first lower right incisors","нижні праві перші різці"
"нижній правий перший різецьs","нижні праві перші різці"
"first lower left incisor","нижній лівий перший різець"
"first lower left incisors","нижні ліві перші різці"
"нижній лівий перший різецьs","нижні ліві перші різці"
"second lower right incisor","нижній правий другий різець"
"second lower right incisors","нижні праві другі різці"
"нижній правий другий різецьs","нижні праві другі різці"
"second lower left incisor","нижній лівий другий різець"
"second lower left incisors","нижні ліві другі різці"
"нижній лівий другий різецьs","нижні ліві другі різці"
"lower right canine","нижнє праве ікло"
"lower right canines","нижні праві ікла"
"нижнє праве іклоs","нижні праві ікла"
"lower left canine","нижнє ліве ікло"
"lower left canines","нижні ліві ікла"
"нижнє ліве іклоs","нижні ліві ікла"
"upper right back tooth","верхній правий задній зуб"
"upper right back teeth","верхні праві задні зуби"
"first upper right premolar","верхній правий перший премоляр"
"first upper right premolars","верхні праві перші премоляри"
"верхній правий перший премолярs","верхні праві перші премоляри"
"second upper right premolar","верхній правий другий премоляр"
"second upper right premolars","верхні праві другі премоляри"
"верхній правий другий премолярs","верхні праві другі премоляри"
"first upper right molar","верхній правий перший моляр"
"first upper right molars","верхні праві перші моляри"
"верхній правий перший молярs","верхні праві перші моляри"
"second upper right molar","верхній правий другий моляр"
"second upper right molars","верхні праві другі моляри"
"верхній правий другий молярs","верхні праві другі моляри"
"lower right back tooth","нижній правий задній зуб"
"lower right back teeth","нижні праві задні зуби"
"first lower right premolar","нижній правий перший премоляр"
"first lower right premolars","нижні праві перші премоляри"
"нижній правий перший премолярs","нижні праві перші премоляри"
"second lower right premolar","нижній правий другий премоляр"
"second lower right premolars","нижні праві другі премоляри"
"нижній правий другий премолярs","нижні праві другі премоляри"
"first lower right molar","нижній правий перший моляр"
"first lower right molars","нижні праві перші моляри"
"нижній правий перший молярs","нижні праві перші моляри"
"second lower right molar","нижній правий другий моляр"
"second lower right molars","нижние правые вторые моляры"
"нижній правий другий молярs","нижние правые вторые моляры"
"upper left back tooth","верхній лівий корінний зуб"
"upper left back teeth","верхні ліві корінні зуби"
"first upper left premolar","верхній лівий перший премоляр"
"first upper left premolars","верхні ліві перші премоляри"
"верхній лівий перший премолярs","верхні ліві перші премоляри"
"second upper left premolar","верхній лівий другий премоляр"
"second upper left premolars","верхні ліві другі премоляри"
"верхній лівий другий премолярs","верхні ліві другі премоляри"
"first upper left molar","верхній лівий перший моляр"
"first upper left molars","верхні ліві перші моляри"
"верхній лівий перший молярs","верхні ліві перші моляри"
"second upper left molar","верхній лівий другий моляр"
"second upper left molars","верхні ліві другі моляри"
"верхній лівий другий молярs","верхні ліві другі моляри"
"lower left back tooth","нижній лівий задній зуб"
"lower left back teeth","нижні ліві задні зуби"
"first lower left premolar","нижній лівий перший премоляр"
"first lower left premolars","нижні ліві перші премоляри"
"нижній лівий перший премолярs","нижні ліві перші премоляри"
"second lower left premolar","нижній лівий другий премоляр"
"second lower left premolars","нижні ліві другі премоляри"
"нижній лівий другий премолярs","нижні ліві другі премоляри"
"first lower left molar","нижній лівий перший моляр"
"first lower left molars","нижні ліві перші моляри"
"нижній лівий перший молярs","нижні ліві перші моляри"
"second lower left molar","нижній лівий другий премоляр"
"second lower left molars","нижні ліві другі премоляри"
"right mandible","права нижня щелепа"
"right mandibles","праві нижні щелепи"
"права нижня щелепаs","праві нижні щелепи"
"left mandible","ліва нижня щелепа"
"left mandibles","ліві нижні щелепи"
"ліва нижня щелепаs","ліві нижні щелепи"
"bill","дзьоб"
"bills","дзьоби"
"tusk","бивень"
"tusks","бивні"
"бивеньs","бивні"
"right claw","правий пазур"
"right claws","праві пазурі"
"правий пазурs","праві пазурі"
"left claw","лівий пазур"
"left claws","ліві пазурі"
"лівий пазурs","ліві пазурі"
"right fifth leg","п'ята права нога"
"right fifth legs","п'яті праві ноги"
"п'ята права ногаs","п'яті праві ноги"
"left fifth leg","п'ята ліва нога"
"left fifth legs","п'яті ліві ноги"
"п'ята ліва ногаs","п'яті ліві ноги"
"right fifth foot","п'ята права стопа"
"right fifth feet","праві п'яті стопи"
"left fifth foot","п'ята ліва стопа"
"left fifth feet","ліві п'яті стопи"
"left tail","лівий хвіст"
"left tails","ліві хвости"
"лівий хвістs","ліві хвости"
"right tail","правий хвіст"
"right tails","праві хвости"
"правий хвістs","праві хвости"
"center tail","правий хвіст"
"center tails","праві хвости"
"right antenna","права антена"
"right antennas","праві антени"
"права антенаs","праві антени"
"left antenna","ліва антена"
"left antennas","ліві антени"
"ліва антенаs","ліві антени"
"third horn","третій ріг"
"third horns","треті роги"
"третій рігs","треті роги"
"fourth horn","четвертий ріг"
"fourth horns","четверті роги"
"четвертий рігs","четверті роги"
"третій палецьs","треті пальці"
"четвертий палецьs","четверті пальці"
"fifth finger","п'ятий палець"
"fifth fingers","п'яті пальці"
"п'ятий палецьs","п'яті пальці"
"center eyelid","середня повіка"
"center eyelids","середні повіки"
"середня повікаs","середні повіки"
"foot","стопа"
"hoof","з копит"
"feet","стопи"
"hooves","копита"
"paw","лапа"
"paws","лап"
"skin","із шкіри"
"fat","жир"
"muscle","м'язовий"
"muscles","м'язи"
"bone","кість"
"cartilage","хрящ"
"hair","з волосся"
"cheek whisker","вібрис на щоках"
"cheek whiskers","вібриси на щоках"
"вібрис на щокахs","вібриси на щоках"
"chin whisker","вібрис на підборідді"
"chin whiskers","вібриси на підборідді"
"вібрис на підборіддіs","вібриси на підборідді"
"moustache","вуса"
"sideburns","бакенбарди"
"eyebrow","брова"
"eyelash","вія"
"eyelashes","вії"
"feather","пір'яний"
"feathers","пір'я"
"пероs","пір'я"
"scale","лускатий"
"scales","луска"
"лускаs","луска"
"nail","з нігтів"
"claw","дерете"
"talon","великий пазур"
"ivory","бивні"
"eye tissue","тканина ока"
"nervous tissue","нервова тканина"
"brain tissue","мозкова тканина"
"lung tissue","легенева тканина"
"heart tissue","серцева тканина"
"liver tissue","тканина печінки"
"gut","з кишок"
"stomach tissue","шлункова тканина"
"gizzard tissue","тканини горла"
"pancreatic tissue","тканини підшлункової залози"
"spleen tissue","тканини селезінки"
"kidney tissue","ниркова тканина"
"flames","з полум'я"
"chitin","з хітину"
"spine","шип"
"sponge","губка"
"Soap Maker's Workshop","Майстерня миловара"
"Use tallow (rendered fat) or oil here with lye to make soap.","Використовуйте сало (витоплений жир) або олію з лугом, щоб зробити мило."
"Screw Press","Гвинтовий прес"
"A useful workshop for pressing liquids from various sources. Some plants might need to be milled first before they can be used.  Empty jugs are required to store the liquid products.","Корисна майстерня для пресування рідин з різних джерел. Деякі рослини, можливо, доведеться спочатку подрібнити, перш ніж їх можна буде використовувати. Порожні глечики потрібні для зберігання рідких продуктів."
"Pet animal","Домашня тварина"
"pet","улюбленець"
"pets","улюбленці"
"punch","б'єте"
"punches","б'є"
"kick","Удар ногою"
"kicks","Удари ногою"
"slap","лупцюєте"
"slaps","лупцює"
"scratch","дряпаєте"
"scratches","дряпає"
"bite","кусаєте"
"bites","кусає"
"sting","жалите"
"stings","жалить"
"snatch at","хапати"
"snatches at","хапає"
"stab","протинаєте"
"stabs","протинає"
"snatch","хапаєте"
"snatches","хапає"
"Sprint","Спринт"
"Run","Біг"
"Jog","Біг підтюпцем"
"Walk","Крокувати"
"Stroll","Повільні кроки"
"Creep","Повзти"
"Gallop","Галоп"
"Canter","Легкий галоп"
"Trot","Клусом"
"Fastest Walk","Чимдуж швидко крокувати"
"Faster Walk","Дуже швидко крокувати"
"Fast Walk","Швидко крокувати"
"Slow Walk","Повільно крокувати"
"Slowest Walk","Дуже повільно крокувати"
"Scramble","Повзти"
"Faster Climb","Дуже швидко підніматися"
"Fast Climb","Швидко підніматися"
"Climb","Підйом"
"Slow Climb","Повільно підніматися"
"Maximum Swim Speed","Чимдуж пливти"
"Faster Swim","Дуже швидко пливти"
"Fast Swim","Швидко пливти"
"Swim","Плавання"
"Slow Swim","Повільно пливти"
"Creeping Swim","Пливти крадькома"
"Faster Crawl","Дуже швидко повзти"
"Fast Crawl","Швидко повзти"
"Crawl","Повзти"
"Slow Crawl","Повільно повзти"
"Maximum Flight Speed","Чимдуж летіти"
"Faster Flight","Дуже швидко летіти"
"Fast Flight","Швидко летіти"
"Fly","Летіти"
"Slow Flight","Повільно летіти"
"Hover","Ширяння"
"A squat amphibian with leathery skin, found in relatively dry areas.","Земноводна зі згрубілою шкірою, що мешкають у відносно сухих районах."
"toad","ропуха"
"toads","ропухи"
"beauty","красу"
"toad man","жаболюд"
"toad men","жаболюди"
"toad woman","жабо-жінка"
"toad women","жабо-жінки"
"A dark green man with the distinct head of a toad.","Темно-зелений чоловік з чітко вираженою головою жаби."
"giant toad","гігантська жаба"
"giant toads","гігантські жаби"
"A huge monster in the shape of a toad.","Величезне чудовисько у формі жаби."
"A tiny burrowing creature, found in moist soil.  It is legless, long and thin.","Крихітна риюча істота, що мешкає у вологому ґрунті. Вона безнога, довга і тонка."
"worm","черв'як"
"worms","черв'яки"
"wriggling","звиваючись"
"worm man","хробако-чоловік"
"worm men","хробако-чоловіки"
"A worm-like creature with the torso of a man.","Хробакоподібна істота з тулубом людини."
"A small blue-crested bird living in temperate woodlands, known for its harsh chirps.","Невеликий синьошийний птах, що мешкає в лісах помірного поясу, знаний своїм різким щебетанням."
"blue jay","синя сойка"
"blue jays","сині сойки"
"blue jay hatchling","пташеня синьої сойки"
"blue jay hatchlings","пташенята синьої сойки"
"coloration","забарвлення"
"bluejay man","синьосойколюд"
"bluejay men","синьосойколюди"
"bluejay woman","синьосойколюду жінка"
"bluejay women","синьосойколюду жінки"
"A person with the head and wings of a bluejay.","Людина з головою і крилами сойки."
"giant bluejay","гігантська синя сойка"
"giant bluejays","гігантські сині сойки"
"giant bluejay hatchling","пташеня гігантської синьої сойки"
"giant bluejay hatchlings","пташенята гіганстької синьої сойки"
"A huge monster in the form of a bluejay.","Гігантський монстр у вигляді синьої сойки."
"A small bright red bird with a distinctive crest, found in temperate forests.","Невелика яскраво-червона пташка з характерним гребенем, що мешкає в лісах помірного клімату."
"cardinal","кардинал"
"cardinals","кардинали"
"cardinal hatchling","пташеня кардинала"
"cardinal hatchlings","пташенята кардинала"
"cardinal man","кардиналолюду чоловік"
"cardinal men","кардиналолюду чоловіки"
"cardinal woman","кардиналолюду жінка"
"cardinal women","кардиналолюду жінки"
"A person with the head and wings of a cardinal.","Людина з головою і крилами кардинала."
"A huge monster in the form of a cardinal.","Величезне чудовисько в образі кардинала."
"oriole","вивільга"
"orioles","вивільги"
"oriole hatchling","пташеня вивільги"
"oriole hatchlings","пташенята вивільги"
"penguin","пінгвін"
"penguins","пінгвіни"
"penguin chick","пташеня пінгвіна"
"penguin chicks","пташенята пінгвіна"
"small size","малий розмір"
"large size","дуже великий розмір"
"kiwi","ківі"
"kiwis","ківі"
"kiwi chick","пташеня ківі"
"kiwi chicks","пташенята ківі"
"long beaks","довгі дзьоби"
"great size","великий розмір"
"ostrich","страус"
"ostriches","страуси"
"ostrich chick","пташеня страуса"
"ostrich chicks","пташенята страуса"
"long necks","довгі шиї"
"crow","ворона"
"crows","ворони"
"crow hatchling","вороненя"
"crow hatchlings","воронята"
"intelligence","кмітливість"
"crow man","чоловік-ворон"
"crow men","чоловік воронn"
"crow woman","жінка-ворона"
"crow women","жінки-ворони"
"A small person with the head and wings of a crow.","Маленька людина з  воронячою головою та крилами."
"giant crow","велетенський ворон"
"giant crows","велетенські ворони"
"raven","крук"
"ravens","круки"
"raven hatchling","пташеня крука"
"raven hatchlings","пташенята крука"
"kea","кеа"
"kea chick","пташеня кеа"
"kea chicks","пташенята кеа"
"yellow eyes","жовті очі"
"sparrow","горобець"
"sparrows","горобці"
"sparrow hatchling","пташеня горобця"
"sparrow hatchlings","пташенята горобця"
"long legs","довгі ноги"
"loon","гагара"
"loons","гагари"
"loon chick","пташеня гагари"
"loon chicks","пташенята гагари"
"barn owl","сипуха"
"barn owls","сипухи"
"barn owl chick","пташеня сипухи"
"barn owl chicks","пташенята сипухи"
"ability to speak","здатність говорити"
"kakapo","какапо"
"kakapo chick","пташеня какапо"
"kakapo chicks","пташенята какапо"
"longevity","довголіття"
"A tiny, brightly-colored tree parrot.  It uses its tongue to feed on plants.","Крихітний, яскраво забарвлений деревний папуга. Він використовує язик, щоб харчуватися рослинами."
"size","розмір"
"ear tufts","пучки на вухах"
"eagle","орел"
"eagles","орли"
"giant masked lovebird","гігантський нерозлучник у масці"
"giant masked lovebirds"," гігантські нерозлучники в масці"
"giant masked lovebird hatchling","дитинча нерозлучника в масці"
"giant masked lovebird hatchlings"," гігантські пташенята в масці"
"grasshopper","коник"
"grasshoppers","коники"
"chirping","стрекотіння"
"great leaps","великі стрибки"
"mantis","богомол"
"mantises","богомоли"
"mantis man","людина-богомол"
"mantis men","люди-богомоли"
"mantis woman","жінка-богомол"
"mantis women","жінки-богомоли"
"A green person with the head and arms of a mantis.","Зелена людина з головою і кінцівками богомола."
"giant mantis","гігантський богомол"
"giant mantises","гігантські богомоли"
"tick","кліщ"
"ticks","кліщі"
"tick woman","жінка-кліщ"
"tick women","жінки-кліщі"
"tick man","людина-кліщ"
"tick men","люди-кліщі"
"A person with the head and legs of a tick.","Людина з головою і ногами кліща."
"giant tick","гігантський кліщ"
"giant ticks","гігантські кліщі"
"A large monster taking the shape of a tick.","Велике чудовисько у формі кліща."
"louse","воша"
"lice","воші"
"slug","слизняк"
"slugs","слизняки"
"slime trails","сліди слизу"
"mosquito","комар"
"mosquitos","комарі"
"termite","терміт"
"termites","терміти"
"venomous bite","отруйний укус"
"snail","равлик"
"snails","равлики"
"dog","пес"
"dogs","пси"
"canine","пса"
"loyalty","відданість"
"puppy","цуценя"
"puppies","цуценята"
"ears","вуха"
"front paws","передні лапи"
"rear paws","задні лапи"
"cat","кіт"
"cats","коти"
"feline","котячий"
"kitten","кошеня"
"kittens","кошенята"
"Clean","Чистий"
"Head bump","Удар головою"
"mule","мул"
"mules","мули"
"mule foal","дитинча мула"
"mule foals","дитинчата мула"
"donkey","віслюк"
"donkeys","віслюки"
"asinine","віслячий"
"donkey foal","ослятко"
"donkey foals","ослята"
"horse","кінь"
"horses","коні"
"equine","кінський"
"strength","силу"
"cow","корова"
"cows","корови"
"bovine","коров'ячий"
"cow calf","теля"
"cow calves","телята"
"frozen cow's milk","із замороженого коров'ячого молока"
"cow's milk","з коров'ячого молока"
"boiling cow's milk","з киплячого коров'ячого молока"
"bull","бик"
"bulls","бики"
"bull calf","бичок"
"bull calves","бички"
"sheep","вівця"
"ovine","овечий"
"lamb","ягня"
"lambs","ягнята"
"wool","вовна"
"ewe","овечка"
"ewes","овечки"
"ram","баран"
"rams","барани"
"pig","свиня"
"pigs","свині"
"porcine","свинячий"
"piglet","порося"
"piglets","поросята"
"snorts","рохкання"
"sow","свиня"
"sows","свині"
"boar","кабан"
"boars","кабани"
"goat","козел"
"goats","козли"
"hircine","козячий"
"goat kid","козеня"
"goat kids","козенята"
"nanny goat","коза"
"nanny goats","кози"
"billy goat","цап"
"billy goats","цапи"
"beard","борода"
"chicken","курка"
"chickens","кури"
"chick","курча"
"chicks","курчата"
"clucking","кудкудакання"
"hen","курка"
"hens","кури"
"rooster","півень"
"roosters","півні"
"three toes","три пальці на ногах"
"duck","качка"
"ducks","качки"
"duckling","каченя"
"ducklings","каченята"
"quacks","крякання"
"drake","селезень"
"drakes","селезні"
"antler","ріг"
"goose","гусак"
"geese","гуси"
"gosling","гусеня"
"goslings","гусенята"
"gander","гусак"
"ganders","гусаки"
"yak","як"
"yaks","яки"
"yak calf","теля яка"
"yak calves","телята яка"
"shaggy hair","кошлате волосся"
"llama","лама"
"llamas","лами"
"alpaca","альпака"
"alpacas","альпаки"
"baby alpaca","дитинча альпаки"
"baby alpacas","дитинчата альпаки"
"guineafowl","цесарка"
"guineafowls","цесарки"
"keet","пташеня цесарки"
"keets","пташенята цесарки"
"guineahen","цесарка"
"guineahens","цесарки"
"turkey","індик"
"turkeys","індики"
"poult","індича"
"poults","індичата"
"turkey hen","індичка"
"turkey hens","індички"
"turkey gobbler","індик"
"turkey gobblers","індики"
"A small lagomorph with long ears.  It has powerful hind legs which it uses to swiftly avoid predators.  It can be found anywhere from forests to deserts.","Невелика тварина з довгими вухами.  Має сильні задні ноги, які використовує, щоб швидко тікати від хижаків . Зустрічається всюди від лісів до пустель."
"rabbit","кріль"
"rabbits","кролі"
"bunny","кролик"
"bunnies","кролики"
"ability to burrow","здатність рити норки"
"doe rabbit","кролиця"
"doe rabbits","кролиці"
"buck rabbit","кріль"
"buck rabbits","кролі"
"A rolling platform for carrying passengers or cargo.","Колісна платформа для перевезення пасажирів та вантажів."
"wagon","віз"
"wagons","вози"
"wood","дерево"
"wooden","з дерева"
"chimera","химера"
"chimeras","химери"
"chimeric","химери"
"terrifying features","жахливий вигляд"
"centaur","кентавр"
"centaurs","кентаври"
"dragonfly","бабка"
"dragonflies","бабки"
"buzzing","дзижчання"
"beards","бороди"
"long horns","довгі роги"
"whistles","свист"
"Spit","Плювок"
"lips","губи"
"nose bridge","перенісся"
"eyebrows","брови"
"walrus","морж"
"walruses","моржі"
"walrus calf","дитинча моржа"
"walrus calves","дитинчата моржа"
"A large fish found in coastal temperate waters.","Велика риба найдена  на побережжі помірних вод."
"speed","швидкість"
"majesty","велич"
"long bodies","довгі тіла"
"A large oceanic fish.  It is flat, round and red.","Велика океанічна риба. Вона пласка, кругла та червона."
"long noses","довгі носи"
"carp","короп"
"spirit","дух"
"pike","піка"
"cunning","хитрість"
"mischief","пустощі"
"cougar","пума"
"cougars","пуми"
"cougar cub","дитинча пуми"
"cougar cubs","дитинчата пуми"
"cougar man","людина-пума"
"cougar men","люди-пуми"
"cougar woman","жінка-пума"
"cougar women","жінки-пуми"
"A person with the head and tail of a cougar.","Людина з головою і хвостом пуми."
"giant cougar","гігантська пума"
"giant cougars","гігантські пуми"
"giant cougar cub","дитинча гігантської пуми"
"giant cougar cubs","дитинчата гігантської пуми"
"A huge monster in the form of a cougar.","Величезний монстр, схожий на пуму."
"wolf","вовк"
"wolves","вовки"
"wolf pup","вовченя"
"wolf pups","вовченята"
"wolf man","вовкулака"
"wolf men","вовкулаки"
"A person with the head and tail of a wolf.","Людина з головою та хвостом вовка."
"giant wolf","величезний вовк"
"giant wolves","величезні вовки"
"giant wolf pup","вовченя величезного вовка"
"giant wolf pups","вовченята величезного вовка"
"A huge monster in the shape of a wolf.","Велетенське чудовисько у вигляді вовка."
"legs","ноги"
"capybara","капібара"
"capybaras","капібари"
"capybara pup","дитинча капібари"
"capybara pups","дитинчата капібари"
"capybara man","Капібара-чоловік"
"capybara men","Чоловіки-капібара"
"A humanoid with the head of a capybara.  It is fond of swimming.","Гуманоїд з головою капібари.Любить плавати."
"A small mammal with a striped face.  It lives in groups and is ferocious in combat.","Маленький ссавець з розполосаним обличчям.Живе группами та небезпечний у бою."
"underground communities","підземні общини"
"striped faces","розполосоване обличчя"
"A humanoid with the head and stripes of a badger.","Гуманоїд з головою та полосками,як у борсука."
"A huge monster the shape of a badger.  It is ferocious in combat.","Велетенський монстр з формами борсука.Небезпечний у бою."
"broad antlers","широкі роги"
"A humanoid with the head and antlers of a moose.","Гуманоїд з головою та рогами лося."
"A huge monster the shape of a moose.","Величезний монстр з формами лося."
"large striped tails","величезні розполосовані хвости"
"head and tail","голова та хвіст"
"A medium-sized, walking red panda with arms and a tail.  It prefers the forest and its beloved trees.","Ходяча руда панда середнього розміру з руками та хвостом.Вона надає перевагу лісам та полюбляє дерева."
"A large monster with the shape of a red panda.","Величезний монстр з формами рудої панди."
"A huge, hairless mammal, found grazing in grasslands in groups.  It eats plants which it lifts up with its long trunk.  When angered, it will attack with its long tusks.","Великий,лисий ссавець,що пасеться біля трави у групах.Їсть рослини,які підіймає своїм довгим хоботом.Коли спровокований,атакує своїми довгими бивнями."
"lion","лев"
"lions","леви"
"lion cub","левеня"
"lion cubs","левенята"
"roars","рев"
"lion woman","жінка-левиця"
"lion women","жінки-левиці"
"lion man","людина-лев"
"lion men","люди-леви"
"A person with the head of a lion.","Людина з головою лева."
"giant lion","гігантський лев"
"giant lions","гігантські леви"
"giant lion cub","гігантське левеня"
"giant lion cubs","гігантські левенята"
"gazelle","газель"
"gazelles","газелі"
"gazelle fawn","дитинча газелі"
"gazelle fawns","дитинчата газелі"
"colorful faces","кольорові обличчя"
"gorilla","горила"
"gorillas","горили"
"colorful hair","кольорове волосся"
"long arms","довгі руки"
"fur","хутро"
"manes","гриви"
"Spit molten rock","Плюватися топленим камінням"
"exterior","зовнішність"
"blood","з крові"
"large eyes","великі очі"
"claws","дере"
"Spray juice","Пирскати соком"
"plump helmet man","гриболюд"
"plump helmet men","гриболюди"
"plump helmet man tissue","гриболюд"
"melted plump helmet man tissue","з розжареної тканини гриболюда"
"boiling plump helmet man tissue","з парів тканини гриболюда"
"octopus","восьминіг"
"octopuses","восьминоги"
"Squirt ink","Упорскувати чорнило"
"adorable pups","чарівних тюленят"
"harp seal woman","жінка-тюлень"
"harp seal women","жінки-тюлені"
"harp seal man","людина-тюлень"
"harp seal men","люди-тюлені"
"A person with the head and flippers of a harp seal.","Людина з головою і плавниками з тюленя."
"giant harp seal","гігантський тюлень"
"giant harp seals","гігантські тюлені"
"giant harp seal pup","гігантське тюленя"
"giant harp seal pups","гігантські тюленята"
"A huge monster in the shape of a harp seal.","Величезний монстр, схожий на тюленя."
"gnawed","гризе"
"translucence","просвічуванність"
"bitten","вкушений"
"chameleon","хамелеон"
"chameleons","хамелеони"
"playfulness","пустотливість"
"dams","греблі"
"gills","зябра"
"puffy cheeks","пухкі щоки"
"hedgehog","їжак"
"hedgehogs","їжаки"
"many spines","багато голок"
"rat","пацюк"
"rats","пацюки"
"friendliness","дружелюбність"
"oyster","устриця"
"oysters","устриці"
"A tiny orange marine fish that lives inside the tentacles of a poisonous invertebrate.","Крихітна помаранчева морська риба, яка живе в щупальцях отруйних безхребетних."
"clownfish","риба-клоун"
"A small, spineless, eel-like fish that lives on the bottom of the ocean.  It can turn the water around its body into a cloud of slime to escape predators.","Маленька безхребетна вугроподібна риба, що живе на дні океану. Він може перетворити воду навколо свого тіла на хмару слизу, щоб уникнути хижаків."
"hagfish","миксина"
"slime","із слизу"
"ability to tie themselves in knots","вміння зав'язуватися у вузол"
"A small, jawless, filter-feeding fish found in brooks and streams.","Невелика безщелепна риба, що годується планктоном, що видобувається фільтрацією води. Мешкає в струмках та річках."
"brook lamprey","струмкова мінога"
"brook lampreys","струмкові міноги"
"A medium-sized, winged fish found in the muddy coasts of both temperate and tropical waters.","Крилата риба середнього розміру, що водиться на мулистих узбережжях помірних і тропічних вод."
"bat ray","орляк"
"bat rays","орляки"
"shape","форму"
"A small winged fish found in shallow seas.","Невелика крилата риба, що мешкає на морських мілинах."
"thornback ray","морська лисиця"
"thornback rays","морські лисиці"
"back spines","шипи на спині"
"gigantic squid","гігантський кальмар"
"gigantic squids","гігантські кальмари"
"A huge sea monster the shape of a squid.","Величезний монстр, схожий на кальмара."
"whiskers","вуса"
"wide dorsal fins","широкі спинні плавники"
"A tiny colorful fish found in tropical lakes and rivers.","Маленька кольорова рибка,що живе у тропічник річках та озерах."
"guppy","гуппі"
"guppies","гуппі"
"perch","окунь"
"dwarf","дварф"
"dwarves","дварфи"
"dwarven","дварфійський"
"dwarven child","дварф-дитинча"
"dwarven children","дварфи-діти"
"craftsdwarf","дварф-ремісник"
"craftsdwarves","дварфи-ремісники"
"fisherdwarf","рибалка"
"fisherdwarves","рибалки"
"speardwarf","дварф зі списом"
"speardwarves","дварфи зі списами"
"marksdwarf","дварф-арбалетник"
"marksdwarves","дварф-арбалетники"
"axedwarf","дварф з бойовою сокирою"
"axedwarves","дварф з бойовими сокирами"
"swordsdwarf","дварф з мечем"
"swordsdwarves","дварфи з мечами"
"macedwarf","дварф з булавою"
"macedwarves","дварфи з булавами"
"pikedwarf","дварф з пікою"
"pikedwarves","дварфи з піками"
"bowdwarf","дварф-лучник"
"bowdwarves","дварфи-лучники"
"Elite Marksdwarf","Елітний дварф-арбалетник"
"Elite Marksdwarves","Елітні дварфи-арбалетники"
"Elite Bowdwarf","Елітний дварф-лучник"
"Elite Bowdwarves","Елітні дварфи-лучники"
"finger","палець"
"fingers","пальці"
"ear","вухо"
"knuckles","суглоби"
"cheek","щока"
"nails","нігті"
"arms","руки"
"hands","кулаки"
"leg","нога"
"A medium-sized creature prone to great ambition.","Істота середніх розмірів,що схильна до великих амбіцій."
"human","Людина"
"humans","люди"
"stature","Висота"
"A medium-sized creature dedicated to the ruthless protection of nature.","Істота середнього розміру,що присвятила себе безжальній охороні природи."
"elf","ельф"
"elves","ельфи"
"elven","ельфів"
"spit","із слини"
"spits","плює"
"troll","троль"
"trolls","тролі"
"gore","бодаєте"
"gores","бодає"
"A giant humanoid monster found stomping about in the evil plains.  Their low howls can be heard long before they are seen.","Гігантський людиноподібний монстр, що мешкає на злих рівнинах. Його низьке виття можна почути задовго до того, як його побачиш."
"ogre","огр"
"ogres","огри"
"low howls","низьке виття"
"A horse-like creature with a spiral horn growing from its forehead.","Коневидне створіння з закрученим рогом, що росте з його лоба."
"unicorn","одноріг"
"unicorns","однороги"
"unicorn foal","лоша однорога"
"unicorn foals","лошата однорога"
"A gigantic reptilian creature.  It is magical and can breathe fire.  These monsters can live for thousands of years.","Гігантська магічна рептилія, яка може дихати вогнем. Ці чудовиська можуть прожити тисячі років."
"dragon","дракон"
"dragons","дракони"
"draconic","драконячий"
"dragon hatchling","дитинча дракона"
"dragon hatchlings","дитинчата дракона"
"Breathe fire","Видихати вогонь"
"terrible majesty","жахлива велич"
"fangs","ікла"
"A giant dragon-like monster with seven biting heads.","Колосальний драконоподібне чудовисько із сімома головами, які кусаються."
"hydra","гідра"
"hydras","гідри"
"seven heads","сім голів"
"A bird of prey so large and ferocious it dwarfs many dragons.  All beneath its mighty wings should fear the sky.","Хижий птах, настільки великий і лютий, що перевершує багатьох драконів.  Все під його могутніми крилами повинно боятися неба."
"dedication to their young","догляд за пташенятами"
"Hurl fireball","Метати вогняні кулі"
"Spray jet of fire","Порскати струменем вогню"
"smoke","димом"
"Spray web","Порскати павутиною"
"bat","кажан"
"bats","кажани"
"haunting cries","тривожні крики"
"comforting whirs","заспокійливе мурчання"
"frozen dwarven milk","із замерзлого дварфійського молока"
"dwarven milk","з дварфійського молока"
"boiling dwarven milk","з киплячого дварфійського молока"
"dwarven cheese","з дварфійського сиру"
"melted dwarven cheese","з розплавленого дварфійського сиру"
"boiling dwarven cheese","з киплячого дварфійського сиру"
"fire man","вогневик"
"fire men","вогневики"
"licks of fire","язики полум'я"
"flowing movement","плавний рух"
"magma","з магми"
"iron","залізний"
"mud","бруд"
"reptile man","чоловік-рептилія"
"reptile men","чоловіки-рептилії"
"reptile woman","жінка-рептилія"
"reptile women","жінки-рептилії"
"lash","шмагаєте"
"lashes","шмагає"
"A small rodent covered with sharp quills.  They eat grass and leaves and can even climb trees.","Невеликий гризун вкритий гострими голками. Харчується травою і листям, може навіть лазити по деревах."
"porcupine","їжатець"
"porcupines","їжатці"
"porcupine pup","дитинча їжатця"
"porcupine pups","дитинчата їжатця"
"quills","голки"
"short tails","короткі хвости"
"long ears","довгі вуха"
"opossum","опосум"
"opossums","опосуми"
"baby opossum","дитинча опосума"
"baby opossums","дитинчата опосума"
"opossum man","людина-опосум"
"opossum men","люди-опосуми"
"opossum woman","жінка-опосум"
"opossum women","жінки-опосуми"
"A person with the head and tail of an opossum.","Людина з головою і хвостом опосума."
"giant opossum","гігантський опосум"
"giant opossums","гігантські опосуми"
"baby giant opossum","дитинча гігантського опосума"
"baby giant opossums","дитинчата гігантського опосума"
"A huge monster in the shape of an opossum.","Величезний монстр, схожий на опосума."
"mongoose","мангуст"
"mongooses","мангусти"
"agility","спритність"
"charming hood","чарівний капюшон"
"sloth","лінивець"
"sloths","лінивці"
"slow movement","повільність"
"long limbs","довгі кінцівки"
"aggression","агресію"
"deadly bite","смертельний укус"
"tapir","тапір"
"tapirs","тапіри"
"tapir calf","дитинча тапіра"
"tapir calves","дитинчата тапіра"
"floppy noses","видовжені носи"
"frozen tapir's milk","із замерзлого молока тапіра"
"tapir's milk","з молока тапіра"
"tapir cheese","із сиру тапіра"
"tapir cheese powder","з порошка із сиру тапіра"
"melted tapir cheese","з розплавленого сиру тапіра"
"A medium-sized mammalian predator.  It is known by the tell-tale tufts of hair on the tips of its ears.","Середнього розміру хижак з класу ссавців. Відоме своїми пучками волосся на кінчиках його вух."
"lynx","рись"
"lynx cub","рисеня"
"lynx cubs","рисенята"
"lynx man","людина-рись"
"lynx men","люди-рисі"
"lynx woman","жінка-рись"
"lynx women","жінки-рисі"
"A person with the head and tail of a lynx.","Людина з головою і хвостом рисі."
"giant lynx","гігантська рись"
"giant lynx cub","гігантське рисеня"
"giant lynx cubs","гігантські рисенята"
"A huge monster in the shape of a lynx.","Величезний монстр, схожий на рись."
"azure","блакитний"
"black","чорний"
"blue","синій"
"bronze","бронзовий"
"brown","коричневий"
"chestnut","з каштану"
"chocolate","шоколадовий"
"cinnamon","цинамоновий"
"clear","чистий"
"cobalt","кобальтовий"
"copper","мідний"
"cream","кремовий"
"crimson","кармазиновий"
"dark blue","темно-синій"
"dark brown","темно-коричневий"
"dark green","темно-зелений"
"dark indigo","темно-індиговий"
"dark olive","темно-оливковий"
"dark pink","темно-рожевий"
"dark scarlet","темно-червоногарячий"
"dark violet","темно-фіолетовий"
"emerald","смарагд"
"flax","блідо-жовтий"
"gold","золотий"
"gray","сірий"
"green","зелений"
"indigo","індиговий"
"lemon","цитриновий"
"light blue","світло-синій"
"ochre","охра"
"olive","оливковий"
"orange","помаранчевий"
"pink","рожевий"
"red","червоний"
"rose","синяво-рожевий"
"rust","жовтаво-брунатний"
"silver","срібний"
"vermilion","цинобровий"
"violet","фіолетовий"
"white","білий"
"yellow","жовтий"
"yellow-green","жовтозелений"
"star","зірка"
"stars","зірки"
"three-pointed","трикутна"
"four-pointed","чотирикутна"
"five-pointed","п'ятикутна"
"many-pointed","багатокутна"
"crescent","півмісяць"
"crescents","півмісяці"
"narrow","вузький"
"thick","широкий"
"cross","хрест"
"crosses","хрести"
"broad","широкий"
"tall","високий"
"thin","тонкий"
"square","квадрат"
"squares","квадрати"
"circle","коло"
"circles","кола"
"diamond","алмаз"
"diamonds","алмази"
"sun","сонце"
"suns","сонця"
"wave","хвиля"
"waves","хвилі"
"mountain","гора"
"mountains","гори"
"cloud","хмара"
"clouds","хмари"
"pebble","галька"
"pebbles","галька"
"smooth","гладкий"
"cabochon","кабошон"
"cabochons","кабошон"
"oval","овальний"
"round","круглий"
"king","король"
"kings","королі"
"queen","королева"
"queens","королеви"
"king consort","король-консорт"
"kings consort","королі-консорти"
"queen consort","королева-консорт"
"queens consort","королеви-консорт"
"general","генерал"
"generals","генерали"
"militia-dwarf","ополченець-дварф"
"militia-dwarves","ополченці-дварфи"
"sheriff","шериф"
"sheriffs","шерифи"
"mayor","міський голова"
"mayors","міські голови"
"chief medical dwarf","головний лікар"
"chief medical dwarves","головні лікарі"
"The chief medical dwarf allows you to see the overall health of dwarves in your fortress.","Головний лікар дозволяє вам побачити загальний стан здоров'я гномів у вашій фортеці."
"diplomat","дипломат"
"diplomats","дипломати"
"duke","герцог"
"dukes","герцоги"
"duchess","герцогиня"
"duchesses","герцогині"
"duke consort","герцог-консорт"
"dukes consort","герцоги-консорти"
"duchess consort","герцогиня-консорт"
"duchesses consort","герцогині-консорти"
"a duchy","герцогство"
"count","граф"
"counts","графи"
"countess","графиня"
"countesses","графині"
"count consort","граф-консорт"
"counts consort","графи-консорти"
"countess consort","графиня-консорт"
"countesses consort","графині-консорти"
"a county","графство"
"baron","барон"
"barons","барони"
"baroness","баронеса"
"baronesses","баронеси"
"baron consort","барон-консорт"
"barons consort","барони-консорти"
"baroness consort","баронеса-консорт"
"baronesses consort","баронеси-консорти"
"a barony","баронство"
"hammerer","молотобоєць"
"hammerers","молотобійці"
"druid","друїд"
"druids","друїди"
"princess","принцеса"
"princesses","принцеси"
"creature","створіння"
"arrow","стріла"
"arrows","стріли"
"shirt","сорочка"
"shirts","сорочки"
"biscuits","печиво"
"helm","шолом"
"helms","шоломи"
"cap","шапка"
"caps","шапки"
"hood","каптур"
"hoods","каптури"
"turban","тюрбан"
"turbans","тюрбани"
"mask","маска"
"masks","маски"
"trousers","штани"
"greaves","поножі"
"thong","ремінь"
"thongs","ремені"
"skirt","спідниця"
"skirts","спідниці"
"short","коротка"
"long","довга"
"shield","щит"
"shields","щити"
"sandal","сандаля"
"sandals","сандалі"
"sock","шкарпетка"
"socks","шкарпетки"
"cauldron","казан"
"cauldrons","казани"
"ladle","черпак"
"ladles","черпаки"
"slash","розсікаєте"
"slashes","розсікає"
"strike","б'єте"
"strikes","б'є"
"handle","руків'ям"
"hack","рубаєте"
"hacks","рубає"
"flat","плазом"
"large","великий"
"hive","вулик"
"hives","вулики"
"honeycomb","стільники"
"honeycombs","стільники"
"pouch","торба"
"pouches","торби"
"minecart","вагонетка"
"minecarts","вагонетки"
"wheelbarrow","тачка"
"wheelbarrows","тачки"
"scroll","сувій"
"scrolls","сувої"
"bookcase","книжкова шафа"
"bookcases","книжкові шафи"
"helve","держаком"
"helves","держаки"
"axe","сокира"
"axes","сокири"
"mini-forge","міні-кузня"
"mini-forges","міні-кузні"
"axe blade","лезо сокири"
"axe blades","леза сокир"
"giant","колосальний"
"enormous","величезний"
"drill","сверлите"
"drills","сверлить"
"ball","куля"
"balls","кулі"
"spiked","з шипами"
"disc","диск"
"discs","диски"
"large, serrated","великий, зубчастий"
"saw","пилите"
"saws","пилить"
"whip","батіг"
"whips","батоги"
"battle axe","бойова сокира"
"battle axes","бойові сокири"
"pommel","обухом"
"war hammer","бойовий молот"
"war hammers","бойові молоти"
"bash","гамселите"
"bashes","гамселить"
"short sword","короткий меч"
"short swords","короткі мечі"
"spear","спис"
"spears","списи"
"shaft","держаком"
"mace","булава"
"maces","булави"
"crossbow","арбалет"
"crossbows","арбалети"
"pick","кирка"
"picks","кирки"
"bow","лук"
"bows","луки"
"blowgun","духова трубка"
"blowguns","духові трубки"
"pikes","піки"
"halberd","алебарда"
"halberds","алебарди"
"two-handed sword","дворучний меч"
"two-handed swords","дворучні мечі"
"long sword","довгий меч"
"long swords","довгі мечі"
"maul","кувалда"
"mauls","кувалди"
"great axe","дворучна сокира"
"great axes","дворучні сокири"
"dagger","кинджал"
"daggers","кинджали"
"scourge","батіг"
"scourges","батоги"
"flail","ціп"
"flails","ціпи"
"morningstar","моргенштерн"
"morningstars","моргенштерни"
"scimitar","шабля"
"scimitars","шаблі"
"training axe","тренувальна сокира"
"training axes","тренувальні сокири"
"training sword","тренувальний меч"
"training swords","тренувальні мечі"
"training spear","тренувальний спис"
"training spears","тренувальні списи"
"molten iron","з розплавленого заліза"
"molten gold","з розплавленого золота"
"molten silver","з розплавленого срібла"
"molten copper","з розплавленої міді"
"nickel","нікелевий"
"molten nickel","з розплавленого нікелю"
"zinc","цинковий"
"molten zinc","з розплавленого цинку"
"molten bronze","з розплавленої бронзи"
"brass","латунний"
"molten brass","з розплавленої латуні"
"steel","сталевий"
"molten steel","з розплавленої сталі"
"pig iron","з переробного чавуну"
"molten pig iron","з розплавленого переробного чавуну"
"platinum","з платини"
"molten platinum","з розплавленої платини"
"electrum","з електруму"
"molten electrum","з розплавленого електруму"
"tin","олов'яний"
"molten tin","з розплавленого олова"
"lead","свинцевий"
"molten lead","з розплавленого свинцю"
"aluminum","алюмінієвий"
"molten aluminum","з розплавленого алюмінію"
"nickel silver","з нейзильберу"
"molten nickel silver","з розплавленого нейзильберу"
"billon","з білону"
"molten billon","з розплавленого білону"
"sterling silver","зі стерлінгового срібла"
"molten sterling silver","з розплавленого стерлінгового срібла"
"black bronze","з чорної бронзи"
"molten black bronze","з розплавленої чорної бронзи"
"brick","цеглина"
"bricks","цегла"
"porcelain","з порцеляни"
"onyx","онікс"
"onyxes","онікси"
"morion","моріон"
"morions","моріони"
"моріонs","моріони"
"variscite","варисцит"
"variscites","варисцити"
"варисцитs","варисцити"
"chrysoprase","хризопраз"
"chrysoprases","хризопрази"
"хризопразs","хризопрази"
"chrysocolla","хризокола"
"chrysocollas","хризокола"
"хризоколаs","хризокола"
"sard","сард"
"sards","сарди"
"сардs","сарди"
"carnelian","карнеол"
"carnelians","карнеоли"
"карнеолs","карнеоли"
"citrine","цитрин"
"citrines","цитрини"
"цитринs","цитрини"
"pyrite","пірит"
"pyrites","пірити"
"піритs","пірити"
"aventurine","авантюрин"
"aventurines","авантюрини"
"авантюринs","авантюрини"
"turquoise","бірюза"
"turquoises","бірюза"
"бірюзаs","бірюза"
"melanite","меланіт"
"melanites","меланіти"
"меланітs","меланіти"
"demantoid","демантоїд"
"demantoids","демантоїди"
"демантоїдs","демантоїди"
"peridot","перидот"
"peridots","перидоти"
"перидотs","перидоти"
"almandine","альмандин"
"almandines","альмандини"
"альмандинs","альмандини"
"rhodolite","родоліт"
"rhodolites","родоліти"
"родолітs","родоліти"
"tanzanite","танзаніт"
"tanzanites","танзаніти"
"танзанітs","танзаніти"
"morganite","морганіт"
"morganites","морганіти"
"морганітs","морганіти"
"kunzite","кунцит"
"kunzites","кунцити"
"кунцитs","кунцити"
"topaz","топаз"
"topazes","топази"
"amethyst","аметист"
"amethysts","аметисти"
"аметистs","аметисти"
"aquamarine","аквамарин"
"aquamarines","аквамарини"
"аквамаринs","аквамарини"
"chrysoberyl","хризоберил"
"chrysoberyls","хризоберили"
"хризоберилs","хризоберили"
"emeralds","смарагди"
"смарагдs","смарагди"
"ruby","рубін"
"rubies","рубіни"
"sapphire","сапфір"
"sapphires","сапфіри"
"сапфірs","сапфіри"
"dolomite","з доломіту"
"chalk","з крейди"
"gold nuggets","золотий самородок"
"clay","глина"
"silt","мул"
"yellow sand","жовтий пісок"
"white sand","білий пісок"
"black sand","чорний пісок"
"red sand","червоний пісок"
"peat","торф"
"fire clay","вогнетривка глина"
"stone","камінь"
"boiling magma","з киплячої магми"
"metal","з металу"
"molten metal","з розплавленого металу"
"boiling metal","з киплячого металу"
"fatty","з жиру"
"grease","мастило"
"greasy","з мастила"
"meat","м'ясо"
"sinew","із сухожилля"
"bone meal","з кісткового борошна"
"cartilaginous","з хряща"
"leather","зі шкіри"
"parchment","пергамент"
"pearl","з перлів"
"silk","із шовку"
"frozen blood","із замороженої крові"
"boiling blood","з киплячої крові"
"boiling slime","з киплячого слизу"
"frozen pus","із замороженого гною"
"pus","гнійний"
"boiling pus","з киплячого гною"
"soap","з мила"
"melted soap","з розплавленого мила"
"tallow","сало"
"melted tallow","з розтопленого смальцю"
"frozen milk","заморожене молоко"
"frozen milky","із замороженого молока"
"milk","молоко"
"milky","молочний"
"cheese","сир"
"cheesy","сирний"
"melted cheese","розплавлений сир"
"melted cheesy","з розправленого сиру"
"plant","рослина"
"seed","зерновий"
"leaf","з листя"
"fruit","плоди"
"mushroom","грибний"
"flower","квітковий"
"fiber","з волокон"
"frozen alcohol","із замороженого алкоголю"
"alcohol","з алкоголю"
"boiling alcohol","з киплячого алкоголю"
"inebriation","сп'яніння"
"frozen extract","із замороженого екстракту"
"extract","з екстракту"
"boiling extract","з киплячого екстракту"
"soil","з ґрунту"
"eggshell","з яєчної шкаралупи"
"eggshell powder","з порошка з яєчної шкаралупи"
"frozen egg white","із замороженого яєчного білка"
"egg white","з яєчного білка"
"boiling egg white","з киплячого яєчного білка"
"frozen egg yolk","із замороженого яєчного жовтка"
"egg yolk","з яєчного жовтка"
"boiling egg yolk"," киплячого яєчного жовтка"
"frozen vegetable oil","із замороженої олії"
"vegetable oil","з олії"
"boiling vegetable oil","з киплячої олії"
"wax","віск"
"melted wax","з розплавленого воску"
"frozen ink","із замороженого чорнила"
"ink","з чорнила"
"boiling ink","з киплячого чорнила"
"spongy","ніздрюватий"
"frozen tears","із замерзлих сліз"
"tears","із сліз"
"boiling tears","з киплячих сліз"
"frozen spit","із замерзлої слини"
"boiling spit","з киплячої слини"
"frozen sweat","із замерзлого поту"
"sweat","потовий"
"boiling sweat","з киплячого поту"
"single-grain wheat","з пшениці однозернянки"
"frozen single-grain wheat beer","заморожене пиво з пшениці однозернянки"
"single-grain wheat beer","пиво з пшениці однозернянки"
"boiling single-grain wheat beer","кипляче пиво з пшениці однозернянки"
"single-grain wheat flour","борошно з пшениці однозернянки"
"single-grain wheat seed","зернина пшениці однозернянки"
"single-grain wheat seeds","насіння пшениці однозернянки"
"beer","пиво"
"single-grain wheat leaf","листок пшениці однозернянки"
"single-grain wheat leaves","листя пшениці однозернянки"
"two-grain wheat","з пшениці двозернянки"
"frozen two-grain wheat beer","заморожене пиво з пшениці двозернянки"
"two-grain wheat beer","пиво з пшениці двозернянки"
"boiling two-grain wheat beer","кипляче пиво з пшениці двозернянки"
"two-grain wheat flour","борошно з пшениці двозернянки"
"two-grain wheat seed","зернина пшениці двозернянки"
"two-grain wheat seeds","насіння пшениці двозернянки"
"two-grain wheat leaf","листок пшениці двозернянки"
"two-grain wheat leaves","листя пшениці двозернянки"
"soft wheat","з м'якої пшениці"
"frozen soft wheat beer","заморожене пиво з м'якої пшениці"
"soft wheat beer","пиво з м'якої пшениці"
"boiling soft wheat beer","кипляче пиво з м'якої пшениці"
"soft wheat flour","борошно з м'якої пшениці"
"soft wheat seed","зернина м'якої пшениці"
"soft wheat seeds","насіння м'якої пшениці"
"soft wheat leaf","листок м'якої пшениці"
"soft wheat leaves","листя м'якої пшениці"
"hard wheat","з твердої пшениці"
"frozen hard wheat beer","заморожене пиво з твердої пшениці"
"hard wheat beer","пиво з твердої пшениці"
"boiling hard wheat beer","кипляче пиво з твердої пшениці"
"hard wheat flour","борошно з твердої пшениці"
"hard wheat seed","зернина твердої пшениці"
"hard wheat seeds","насіння твердої пшениці"
"hard wheat leaf","листок твердої пшениці"
"hard wheat leaves","листя твердої пшениці"
"spelt","зі спельти"
"frozen spelt beer","заморожене пиво зі спельти"
"spelt beer","пиво зі спельти"
"boiling spelt beer","кипляче пиво зі спельти"
"spelt flour","борошно зі спельти"
"spelt seed","зернина спельти"
"spelt seeds","насіння спельти"
"spelt leaf","листок спельти"
"spelt leaves","листя спельти"
"barley","з ячменю"
"frozen barley wine","заморожене вино з ячменю"
"barley wine","вино з ячменю"
"boiling barley wine","кипляче вино з ячменю"
"barley flour","борошно з ячменю"
"barley seed","зернина ячменю"
"barley seeds","насіння ячменю"
"wine","вино"
"barley leaf","листок ячменю"
"barley leaves","листя ячменю"
"buckwheat","з гречки"
"frozen buckwheat beer","заморожене пиво з гречки"
"buckwheat beer","пиво з гречки"
"boiling buckwheat beer","кипляче пиво з гречки"
"buckwheat flour","борошно з гречки"
"buckwheat seed","зернина гречки"
"buckwheat seeds","насіння гречки"
"buckwheat leaf","листок гречки"
"buckwheat leaves","листя гречки"
"buckwheat flower","цвіт гречки"
"buckwheat flowers","цвіт гречки"
"цвіт гречкиs","цвіт гречки"
"oat","з вівса"
"oats","овес"
"oat flour","вівсяне борошно"
"oat seed","зернина вівса"
"oat seeds","насіння вівса"
"oat leaf","листок вівса"
"oat leaves","листя вівса"
"alfalfa","з люцерни"
"alfalfa seed","зернина люцерни"
"alfalfa seeds","насіння люцерни"
"sprouts","паростки"
"alfalfa leaf","листок люцерни"
"alfalfa leaves","листя люцерни"
"rye","з жита"
"frozen rye beer","заморожене житнє пиво"
"rye beer","житнє пиво"
"boiling rye beer","кипляче житнє пиво"
"rye flour","житнє борошно"
"rye seed","зернина жита"
"rye seeds","насіння жита"
"rye leaf","листок жита"
"rye leaves","листя жита"
"sorghum","із сорго"
"frozen sorghum beer","заморожене пиво із сорго"
"sorghum beer","пиво із сорго"
"boiling sorghum beer","кипляче пиво із сорго"
"sorghum flour","борошно із сорго"
"sorghum seed","зернина сорго"
"sorghum seeds","зерня сорго"
"sorghum leaf","листок сорго"
"sorghum leaves","листя сорго"
"rice flour","рисове борошно"
"rice","рис"
"grain","зерня"
"rice leaf","листок рису"
"rice leaves","листя рису"
"frozen maize beer","заморожене кукурудзяне пиво"
"maize beer","кукурудзяне пиво"
"boiling maize beer","кипляче кукурудзяне пиво"
"maize flour","кукурудзяне борошно"
"maize","кукуруза"
"maize leaf","листок кукурудзи"
"maize leaves","листя кукурудзи"
"quinoa","кіноа"
"leaves","листя"
"leaf coloration","забарвлення листка"
"flax plant","льон"
"flax plants","кусти льону"
"flowers","квіти"
"hemp plant","конопля"
"hemp plants","рослини коноплі"
"hemp seed","насіння коноплі"
"hemp seeds","насіння коноплі"
"hemp","конопля"
"hemp slurry","конопляна паперова маса"
"hemp paper","конопляний папір"
"hemp leaf","лист коноплі"
"hemp leaves","листя коноплі"
"cotton plant","бавовна"
"cotton plants","бавовна"
"edible roots","їстівне коріння"
"taste","смак"
"roots","коріння"
"muskmelon","диня"
"muskmelons","дині"
"диняs","дині"
"boiling potato wine","кипляче картопляне вино"
"potato seed","насінина картоплі"
"potato seeds","насіння картоплі"
"red bean vine","червона квасоля vine"
"soybean plant","сойова рослина"
"soybean plants","сойова рослина"
"soybean","соєві боби"
"soybeans","соєві боби"
"spinach","із шпинату"
"spinach seed","зернина шпинату"
"spinach seeds","насіння шпинату"
"spinach leaf","листок шпинату"
"spinach leaves","листя шпинату"
"spinach flower","квітка шпинату"
"spinach flowers","квітки шпинату"
"квітка шпинатуs","квітки шпинату"
"squash seed","зернина гарбуза"
"squash seeds","насіння гарбуза"
"squash leaf","листок гарбуза"
"squash leaves","листя гарбуза"
"squash flower","квітка гарбуза"
"squash flowers","квітки гарбуза"
"квітка гарбузаs","квітки гарбуза"
"squash","гарбуз"
"squashes","гарбузи"
"boiling sweet potato wine","кипляче картопляне вино"
"tomato plant","рослина томату"
"tomato plants","рослини томату"
"frozen tomato wine","заморожене томатне вино"
"tomato wine","томатне вино"
"boiling tomato wine","кипляче томатне вино"
"tomato seed","насінина помідору"
"tomato seeds","насіння помідору"
"tomato leaf","листок помідора"
"tomato leaves","листя помідора"
"tomato flower","квітка помідора"
"tomato flowers","квітки помідора"
"квітка помідораs","квітки помідора"
"tomato","помідор"
"tomatoes","помідори"
"watermelon vine","лоза кавуна"
"watermelon vines","лози кавуна"
"watermelon seed","насінина кавуна"
"watermelon seeds","насіння кавуна"
"watermelon leaf","листок кавуна"
"watermelon leaves","листя кавуна"
"watermelon flower","квітка кавуна"
"watermelon flowers","квітки кавуна"
"квітка кавунаs","квітки кавуна"
"watermelon","кавун"
"watermelons","кавуни"
"кавунs","кавуни"
"tubers","бульби"
"frozen wine","заморожене вино"
"boiling wine","кипляче вино"
"fruit and nuts","плоди та горіхи"
"coffee bean","кавовий біб"
"coffee beans","кавові боби"
"nuts","горіхи"
"apple tree","з яблуні"
"apple trees","яблуні"
"frozen apple cider","замерзлий яблучний сидр"
"apple cider","яблучний сидр"
"boiling apple cider","киплячий яблучний сидр"
"apple","яблуко"
"apples","яблука"
"яблукоs","яблука"
"apricot","абрикос"
"apricots","абрикоси"
"абрикосs","абрикоси"
"cherry","вишня"
"cherries","вишні"
"peach","персик"
"peaches","персики"
"pear","груша"
"pears","груші"
"грушаs","груші"
"plum","слива"
"plums","сливи"
"сливаs","сливи"
"plump helmet","з товстого шоломника"
"plump helmets","товсті шоломники"
"frozen dwarven wine","заморожене дварфійське вино"
"dwarven wine","дварфійське вино"
"boiling dwarven wine","кипляче дварфійське вино"
"plump helmet spawn","спора товстого шоломника"
"frozen dwarven ale","заморожений дварфійський ель"
"dwarven ale","дварфійський ель"
"boiling dwarven ale","киплячий дварфійський ель"
"frozen dwarven beer","заморожене дварфійське пиво"
"dwarven beer","дварфійське пиво"
"boiling dwarven beer","кипляче дварфійське пиво"
"frozen dwarven rum","заморожений дварфійський ром"
"dwarven rum","дварфійський ром"
"boiling dwarven rum","киплячий дварфійський ром"
"dwarven sugar","дварфійський цукор"
"frozen dwarven syrup","заморожений дварфійський сироп"
"dwarven syrup","дварфійський сироп"
"boiling dwarven syrup","киплячий дварфійський сироп"
"fisher berry","рибальська ягода"
"fisher berries","рибальські ягоди"
"frozen fisher berry wine","заморожене вино з рибальської ягоди"
"fisher berry wine","вино з рибальської ягоди"
"boiling fisher berry wine","кипляче вино з рибальської ягоди"
"fisher berry seed","насіння рибальської ягоди"
"fisher berry seeds","насіння рибальської ягоди"
"pine","із сосни"
"pines","сосни"
"cedar","з кедру"
"cedars","кедри"
"oak","дуб"
"oaks","дубы"
"oaken","дубовий"
"acorn","жолудь"
"acorns","жолуді"
"жолудьs","жолуді"
"maple","з клену"
"maples","клени"
"willow","верба"
"willows","верби"
"chestnuts","каштани"
"alder","з вільхи"
"alders","вільхи"
"birch","береза"
"birches","берези"
"birchen","з берези"
"catkins","сережки"
"ash","ясен"
"ashes","ясени"
"ashen","з ясену"
"candlenut","свічковий горіх"
"candlenuts","свічково горіховий"
"log","колода"
"tool","інструмент"
"casket","труна"
"make wooden grate","зробити дерев'яні ґрати"
"grate","ґрати"
"make wooden bin","зробити дерев'яний ящик"
"bin","ящик"
"make wooden splint","зробити дерев'яні лубки"
"splint","лубки"
"make wooden crutch","зробити дерев'яні милиці"
"crutch","милиця"
"make wooden shield","зробити дерев'яний щит"
"sword","меч"
"make soap from tallow","зробити мило із сала"
"lye","луг"
"lye container","ємність із лугом"
"make soap from oil","зробити мило з олії"
"oil","олія"
"oil container","ємність з олією"
"tool stone","інструментальний камінь"
"seeds","насіння"
"jug","глек"
"glaze","глазур"
"statue","статуя"
"craft","виріб"
"paste","паста"
"barrel/pot","бочка/горщик"
"brew drink from fruit","Варити напій із фруктів"
"make mead","варити медовуху"
"honey","мед"
"honey container","ємність з медом"
"process plant to bag","переробити в мішок"
"bag","мішок"
"bucket","відро"
"mash plant into slurry","переробляти рослину на паперову масу"
"press plant slurry into paper sheet","пресувати паперову масу в аркуші паперу"
"bind book","переплести книгу"
"quire","зошит"
"binding","палітурка"
"thread","нитка"
"book","книга"
"assemble stone axe","змайструвати кам'яну сокиру"
"make display case","виготовити вітрину"
"window","вікно"
"make bronze bars (use ore)","робити злитки бронзи (з руди)"
"make bronze bars (use bars)","робити злитки бронзи (зі злитків)"
"make electrum bars (use ore)","робити злитки електруму (з руди)"
"make electrum bars (use bars)","робити злитки електруму (зі злитків)"
"make billon bars (use ore)","робити злитки білона (з руди)"
"make lay pewter bars (use bars)","робити злитки п'ютеру (використовувати злитки)"
"make pig iron bars","Робити чавун"
"make steel bars","Робити сталеві злитки"
"make nickel silver bars","Робити нейзильберові злитки"
"make black bronze bars","Робити злитки чорної бронзи"
"make sterling silver bars","Робити злитки стерлінгового срібла"
"make rose gold bars","Робити злитки рожевого золота"
"make bismuth bronze bars","Робити злитки вісмутової бронзи"
"make adamantine wafers","Робити адамантієві пластини"
"animal","тварина"
"artistic","художній"
"beautiful","Прекрасний"
"fortresses","фортеці"
"quadruped","чотириногі"
"humanoid","гуманоїд"
"mayfly","травнева мушка"
"earwig","вуховертка"
"cricket","крикет"
"cockroach","тарган"
