"major","maj”r"
"natural minor","do§al min”r"
"harmonic minor","armonik min”r"
"melodic minor","melodik min”r"
"myxolydian","miksol"
"I was attacked by my own dead ","Kendi ”llerimin saldrsna u§radm "
"glass","cam"
"ice","buz"
"mud","‡amur"
"stone","taŸ"
"dabbling training partner","dabbling e§itim partneri"
"general","genel"
"water","su"
"far","uzak"
"low","dŸk"
"outside","dŸarda"
"cavern","ma§ara"
"desert","‡ol"
"forest","orman"
"taiga","tayga"
"glacier","buzul"
"savanna","savana"
"lake","g”l"
"mountains","da§lar"
"ocean","okyanus"
"sky","g”kyz"
"tavern","meyhane"
"tomb","mezar"
"underworld","yeralt dnyas"
"marsh","bataklk"
"swamp","bataklk"
"drums","davul"
"attack","saldr"
"drink","i‡mek"
"eat","yemek"
"trade","takas"
"gem","mcevher"
"announcement","duyuru"
"companion","arkadaŸ"
"speak","konuŸmak"
"generic","genel"
"confirm","onayla"
"Beauty","Gzellik"
"Writing Material (Desired): ","Yazm Materyali (˜stenen): "
"its","Onun"
"it","O"
"itself","Kendi"
"Activity","Etkinlik"
"Training Session","E§itim oturumu"
"Activity Event","Etkinlik etkinli§i"
"Research","AraŸtrma"
"Play","Oyna"
"Worship","˜badet"
"Socialize","SosyalleŸtirmek"
" empty "," boŸ "
" empties "," boŸaltmak "
" pick up "," almak "
" picks up "," toplamak "
" embraces "," sarlma "
" has shared many tales from beyond "," uzak diyarlardan bir‡ok hikaye paylaŸt "
" has shared a few rumors."," birka‡ hikaye paylaŸt."
" has shared a rumor from abroad."," uzaklardan gelen bir hikaye paylaŸt."
" gives you "," sana verir "
" has discovered "," keŸfetti "
" has become a student of "," [NAME]'in ”§rencisi oldu "
"Ponder ","Kafa yormak "
"Learn ","™§ren "
"Teach ","™§ret "
"Discuss ","TartŸmak "
"Read","Okuma"
"Write","Yaz"
"Write about ","Hakknda yazmak "
"Copy","Kopyala"
"Meditate on ","meditasyon yap
  "
"Pray to ","dua "
"Go to Combat Training","SavaŸ e§itimine git"
"Organize Combat Training","SavaŸ e§itimini organize et"
"Lead Combat Training","SavaŸ e§itimine liderlik yap"
"Wait for Combat Training","SavaŸ e§itimini bekle"
"Play Make Believe","Hayal kur oyna"
"Play with ","ile oyna "
"Toy","oyuncak"
"Inveigh Against ","[NAME]'e karŸ ‡kmak "
"Promote ","Terfi "
"Law","kanun"
"Loyalty","Sadakat"
"Family","Aile"
"Friendship","Dostluk"
"Power","Kuvvet"
"Truth","Ger‡ek"
"Cunning","Marifetli"
"Eloquence","Gzel konuŸma"
"Fairness","adalet"
"Decorum","Terbiye"
"Tradition","Gelenek"
"Artwork","Sanat eseri"
"Cooperation","˜Ÿbirli§i"
"Independence","Ba§mszlk"
"Stoicism","Dayankllk"
"Introspection","˜‡g”zlem"
"Self-Control","™z kontrol"
"Tranquility","Huzur
 "
"Harmony","Uyum"
"Merriment","Arjantin *"
"Craftsmanship","Zanaatkarlk"
"Martial Prowess","D”vŸ yetene§i"
"Skill","Beceri"
"Hard Work","Sk ‡alŸma"
"Sacrifice","Kurban"
"Competition","YarŸma"
"Perseverance","Sabr"
"Leisure Time","BoŸ Zaman"
"Commerce","Ticaret"
"Romance","Romantizm"
"Nature","Do§a"
"Peace","BarŸ"
"Knowledge","Bilgi"
"Preach on ","[NAME]'a dua et "
"Listen to Sermon","Vaaz Dinle"
"Tell Story","Hikaye S”yle"
"Listen to Story","Hikaye Dinle"
"Listen to Poetry","iir dinlemek"
"Play ","Oyna "
"Simulate ","Taklit etmek "
"Sing","ark S”yle"
"Chant","˜lahi s”ylemek"
"Recite Poetry","iir Oku"
"Perform Music","Mzik yapmak"
"Listen to Music","Mzik Dinle"
"Perform Dance","Dans etmek"
"Watch Dance","Dans ˜zle"
"Go to ","[NAME]'a git "
" Demonstration"," G”stermek"
"Lead ","KurŸun "
"Organize ","Organize "
"Watch ","˜zle "
"Wait for ","[NAME] i‡in bekle "
"Serve Customer","MŸteriye hizmet et"
"Serve ","Hizmet "
"Go to Individual Combat Drill","KiŸisel savaŸ e§itimine git"
"Individual Combat Drill","KiŸisel savaŸ e§itimi"
"/Resting","/Dinleniyor"
"Go to Sparring Match","TartŸmaya git"
"Spar","TartŸma"
"Go to Sparring Practice","TartŸma prati§ine git"
"Watch Sparring Practice","TartŸma prati§ini izle"
"Archery Practice","Ok‡uluk prati§i"
"You cannot perform here.","Burda sergileyemezsin"
"You could not find a partner.","Ortak bulamadn"
"There are not enough dancers.","Yeterince dans‡ yok"
"There is not enough room to perform here.","Performans i‡in yeterince alan yok"
"You","sen"
"Some children","Baz ‡ocuklar"
"is","olmak"
"are","olmak"
"begins","BaŸlar"
"begin","baŸlamak"
" playing make believe."," hayal dnyasna dalmŸ."
" playing with "," ile oynamak "
"a toy","bir oyuncak"
"The performers","Sanat‡lar"
"a sermon on ","bir vaaz "
"the story of ","[NAME]'in hikayesi "
"reciting the poem ","Ÿiiri okumak "
"an improvised recital of ","do§a‡lama bir resital "
"the musical composition ","mzikal kompozisyon "
"improvised music, ","do§a‡lama mzik, "
"dancing ","dans ediyor "
"an improvised dance, ","do§a‡lama bir dans, "
" in the middle of "," ortasnda "
"You continue the sermon.","Vaaznza devam ediyorsunuz."
"The sermon continues.","Vaaz devam ediyor."
"You continue the story.","Hikayeye devam ediyorsun."
"The story continues.","Hikaye devam ediyor."
"You begin","Siz baŸlayn"
"The poetry enters","iir giriŸ yapar"
"the ","Ve "
" line."," ‡izgi."
"the verse paragraph","iir paragraf"
" verse paragraph"," iir paragraf"
"the stanza","D”rtlk"
" stanza"," D”rtlk"
"You continue the poem.","iire devam ediyorsun."
"The poem continues.","iir devam eder."
"You enter ","Giriyorsun "
"The dance enters a new section with ","Dans [NAME] ile beraber yeni b”lme giriyor "
"The music enters ","Mzik giriyor "
"a simple passage","Basit bir ge‡iŸ"
"the introduction","BaŸlang‡"
"the exposition","sergi"
" of the theme"," tema"
" of the first theme"," ilk tema"
" of the second theme"," ikinci tema"
" of the previous passage"," ”nceki pasajn"
"a recapitulation","bir ”zet"
"the synthesis","sentez"
" of the two themes"," iki temadan"
" of previous passages"," ”nceki pasajlardan"
"a verse","bir kta"
"a chorus","bir koro"
"the finale","final"
"the coda","koda"
"a bridge-passage","bir k”pr-ge‡it"
"first ","ilk "
"second ","ikinci "
"theme","konu"
"a series of variations","bir dizi varyasyon"
" on the theme"," tema zerinde"
" on the first theme"," ilk temada"
" on the second theme"," ikinci temada"
" and "," ve "
"You continue the dance.","dansa devam et."
"The dance continues.","Dans devam ediyor."
"You continue the music.","Sen mzi§e devam et."
"The music continues.","Mzik devam ediyor."
"You conclude your performance.","Performansnz sonlandrn."
"The performers are finished.","Sanat‡larn iŸi bitti."
"Some performers finish their act.","Baz sanat‡lar g”sterilerini bitirir."
" has finished performing."," performansn bitirdi."
" concludes a performance."," bir performans sonlandryor."
"You've learned ","™§rendiniz "
"You feel like you know the basic rules of ","Temel kurallar bildi§inizi hissediyorsunuz "
" now."," Ÿimdi."
"Your","Sizin"
"'s","olmak"
" lay"," sermek"
" forth an awe-inspiring sermon for the ages!"," €a§lar boyu hayranlk uyandran bir vaaz!"
" artfully deliver"," ustalkla teslim etmek"
" a lucid and powerful sermon."," berrak ve g‡l bir vaaz."
" giving a creditable sermon."," itibarl bir vaaz vermek."
" just can't give a sermon very well."," vaaz vermeyi pek beceremiyorum."
" dance"," dans"
" flawlessly, like someone out of a legend!"," kusursuz, adeta bir efsaneden frlamŸ gibi!"
" dancing exceptionally."," ola§anst dans ediyor."
" dancing well."," iyi dans ediyor"
" get"," almak"
" tangled up."," karŸmŸ"
" and the "," ve "
" are indistinguishable!"," ayrt edilemez!"
"instrument","enstrman"
" delivering a virtuoso performance on the "," virt”z bir performans sergiliyor "
" is absolutely flawless."," kesinlikle kusursuz."
"chant","ilahi"
"song","Ÿark"
" could nearly pass for the voice of the "," neredeyse sesine benzeyebilirdi "
" play"," oyna"
" the "," "
" with skill."," beceri ile."
"sing","Ÿark"
" beautifully."," gzelce"
" sound"," ses"
" vaguely like the intended "," ama‡lanan gibi belirsiz bir Ÿekilde "
" playing the "," oynamak "
" well."," iyi"
"chanting","ilahi s”ylemek"
"singing","Ÿark s”ylemek"
" make"," yapmak"
" a mockery of the "," bir alay konusu "
" with a shameworthy performance."," utan‡ verici bir performansla."
"doesn't","yapmaz"
"don't","yapma"
" seem to know how to play the "," nasl oynanaca§n biliyor gibi g”rnyor "
" sloppily"," ”zensizce"
" and even forget"," ve hatta unut"
" some of the words."," baz kelimeler."
" bring"," getirmek"
" the poem to life with this flawless recitation."," Bu kusursuz anlatmla Ÿiiri hayata d”ndryoruz."
" choose"," se‡mek"
" the perfect phrasing."," mkemmel bir ifade."
" recite"," oku"
" the words evocatively."," Kelimeler ‡a§rŸmsal bir Ÿekilde."
" enunciate"," telaffuz etmek"
" crisply."," net bir Ÿekilde."
" speak"," konuŸ"
" mumble"," mrldanmak"
", having completely forgotten the words.","kelimeleri tamamen unutmuŸtu."
" poorly."," k”t"
" weave"," ”rg"
" a mesmerizing tale!"," byleyici bir hikaye!"
" tell"," s”ylemek"
" the story in vivid detail."," Hikayeyi canl ayrntlarla anlat."
" telling the tale quite well."," Hikayeyi gayet gzel anlatyor."
" stumble"," yanlmak"
" over the details."," ayrntlar zerinde."
"It has no writing.","Yazs yok."
"The pages are blank.","Sayfalar boŸ."
"It has no pages.","Sayfalar yok."
"Reputation:","˜tibar:"
"legendary hero","efsanevi karhaman"
"famous hero","nl kahraman"
"hero","karhaman"
"greatly respected for heroic acts","kahramanca hareketlerinden dolay byk sayg duyulan"
"respected for heroic acts","kahramanca hareketlerinden dolay sayg duyulan"
"legendary training partner","efsanevi e§itim orta§"
"famous training partner","nl e§itim orta§"
"noted training partner","tannmŸ e§itim orta§"
"training partner","e§itim orta§"
"legendary brawler","efsanevi kavgac"
"famous brawler","nl kavgac"
"noted brawler","nl kavgac"
"known brawler","bilinen kavgac"
"rumored brawler","s”ylentilere g”re kavgac"
"legendary villain","efsanevi k”t adam"
"infamous villain","rezil k”t adam"
"noted villain","tannmŸ k”t adam"
"known villain","bilinen k”t adam"
"legendary trade partner","efsanevi ticaret orta§"
"famous trade partner","nl ticaret orta§"
"noted trade partner","tannmŸ ticaret orta§"
"trade partner","ticaret orta§"
"dabbling trade partner","amat”r ticaret orta§"
"legendarily polite","efsanevi kibar"
"famously polite","meŸhur kibar"
"notably polite","”zellikle kibar"
"polite","kibar"
"possibly polite","muhtemelen kibar"
"legendary killer","efsanevi katil"
"infamous killer","rezil katil"
"noted killer","tannmŸ katil"
"known killer","bilinen katil"
"rumored killer","katil s”ylentisi"
"legendary murderer","efsanevi katil"
"infamous murderer","rezil katil"
"noted murderer","tannmŸ katil"
"known murderer","bilinen katil"
"rumored murderer","s”ylentilere g”re katil"
"legendary comrade","Efsanevi yoldaŸ"
"famous comrade","nl yoldaŸ"
"noted comrade","tannmŸ yoldaŸ"
"comrade","yoldaŸ"
"possible comrade","olas yoldaŸ"
"legendary ally","efsanevi mttefik"
"famous ally","nl mttefik"
"Unknown","Bilinmiyor"
"Artifacts","Eserler"
"Tropical Saltwater Lake","Tropikal Tuzlu Su G”l"
"Temperate Freshwater River","Ilman Tatl Su Nehri"
"Temperate Saltwater River","Ilman Tuzlu Su Nehri"
"Tropical Freshwater River","Tropikal Tatl Su Nehri"
"Tropical Saltwater River","Tropikal Tuzlu Su Nehri"
"Subterranean Water","Yeralt Suyu"
"Subterranean Chasm","Yeralt U‡urumu"
"Subterranean Magma","Yeralt Magmas"
" in the year "," Yl i‡inde "
"Somebody","Birisi"
"bribery","RŸvet"
"vandalism","Vandallk"
" by "," yannda "
"Artifact","Eser"
"death","”lm"
"spinning ","d”nyor "
" feel"," hisset"
"Reset","Sfrla"
"Equipment","Ekipman"
"Skills","Yetenekler"
"Scorching","Kavurucu"
"Subterranean","Toprak Alt"
"Thread (Yarn)","Lif (˜plik)"
"refusing ","Reddediyor "
"praying","dua ediyor"
"in a fetal position","cenin pozisyonunda"
"Cancel","˜ptal"
"Overview","Genel BakŸ"
"Items","EŸyalar"
"Health","Sa§lk"
"Strong","G‡l"
"Anxious","Huzursuz"
"Flatterer","Ya§c"
"Hopeful","Umutlu"
"Curious","Merakl"
"Private","™zel"
"Temperate","Ilml"
"Loner","Yalnz"
"Stressed","Stresli"
"Starving","A‡lktan ”lyor"
"Hungry","A‡"
"Drowsy","Uykulu"
"Exhausted","Yorgun DŸmŸ"
"Tired","Yorgun"
"Drowning","Bo§uluyor"
"Numb","DonakalmŸ"
"Healthy","Sa§lkl"
"None","Hi‡"
"Status","Durum"
"Description","A‡klama"
"Geography","Co§rafya"
"Medicine","Tp"
"Poem","iir"
"Doctor","Doktor"
"Friend","ArkadaŸ"
"Master","Temel"
"Treasure hunter","Hazine avcs"
"Thief","Hrsz"
"Back","Geri"
"Active","Aktif"
"Inactive","Pasif"
"Assigned","Atand"
"Not ready to be split","Ayrlmaya hazr de§il"
"Unnamed bedroom","˜simsiz yatak odas"
"Open","A‡k"
"Nothing","Hi‡bir ey"
"he","o"
"is in ","i‡eride "
"resentful","dargn"
"Building","Bina"
"Fuel","Yakt"
"Cleaning","Temizleme"
"dialog","diyalog"
"Remove","Kaldr"
"Missions","G”revler"
"Done","Bitti"
"Clothing","Alt Giyim"
"Save","Kaydet"
"Settings","Ayarlar"
"Continue","Devam et"
"Quit","€kŸ"
"Place a bed","Yatak yerleŸtirin"
"Okay","Tamam"
"Next","˜leri"
"[C:6:0:1]Plump Helmets[C:7:0:0] are edible and the default [C:6:0:0]Wagon[C:7:0:0] comes with [C:6:0:1]Plump Helmet Spawn[C:7:0:0], which are their ""seeds"".","[C:6:0:1]Tombul Mantarlar[C:7:0:0] tketilebilir ve varsaylan[C:7:0:0]Vagon bunlarn ""tohumlaryla"" beraber gelir."
"You may create multiple characters during character creation.  These are your party.  You may select one party leader freely ","Karakter oluŸturma srasnda birden ‡ok karakter oluŸturabilirsiniz. Bunlar senin partin. Bir parti liderini ”zgrce se‡ebilirsiniz "
" cringing"," yalaka"
" melting"," erime"
"Random","Rastgele"
"Clear","Temizle"
"Name","˜sim"
"Plant","Bitkiyi Ek"
"plant","bitki"
"tooth","diŸ"
"Text entry","Metin giriŸi"
"Fortress","Hisar"
"Fullscreen","Tam Ekran"
"Resolution:","€”znrlk:"
"Audio","Ses"
"Game","Oyun"
"Pause","Durdur"
"Never","Asla"
"Storage path decrease (# of contained item cap)","Depolama yolu azalŸ (# i‡erilen ”§e snr) "
"Disabled","Devre DŸ"
"Forgotten beast irritation minimum (less = sooner)","UnutulmuŸ canavar tahriŸi minimum (daha az = daha erken)"
"Installed","Kuruldu"
"Items...","EŸyalar..."
"Finalizing creatures...","Yaratklar tamamlanyor... "
"Adventurer","Macerac"
"spring","bahar"
" save"," kaydet"
"Folder: ","Dosya: "
"fort","kale"
"adventurer","macerac"
"Start new game in existing world","Mevcut dnyada yeni oyuna baŸla"
"Create new world","Yeni Dnya yarat"
"Mods","modlar"
"About DF","DF Hakknda"
"Loading...","Ykleniyor..."
"Historical figure marriages","TarihŒ figr evlilikleri "
"trusted","gvenilir"
"Start War","SavaŸ BaŸlat
 "
"minecarts","maden arabalar
 "
"Wood","Odun"
"Bone","Kemik"
"Shell","Kabuk"
"Standard","Standart"
"Rotten raw hide","€rmŸ ham deri
 "
"Soap","Sabun"
"Coal","K”mr"
"Merchants from ","tccarlar "
"A few facts","Birka‡ ger‡ek"
"All tasks","Tm g”revler
 "
"Animals","Hayvanlar"
"Food","Gda"
"Stone","TaŸ"
"Finished goods","BitmiŸ mallar
 "
"Cloth","kumaŸ"
"Armor","Zrh"
"Unprepared fish","HazrlanmamŸ balk "
"Plants","Bitkiler"
"Seeds","tohumlar"
"Item types","™§e trleri
 "
"Type","Tr"
"Clay","Kil"
"Legs","Bacaklar"
"at most","en ‡ok"
"Hospital","Hastane"
"Barracks","KŸla"
"Confirm","Onayla"
"Select the squads to train here.","Burada e§itilecek takmlar se‡in."
"Furniture","EŸyalar"
"Farming","€ift‡ilik"
"Jeweler","Kuyumcu"
"Kitchen","Mutfak"
"Farmer","€ift‡i"
"Table","Masa"
"Wall","Duvar"
"Lever","Kaldra‡"
"Vertical axle","Dikey mil "
"Disconnected","Ba§lant Koptu"
"Cannot build at highest level","En st seviyede inŸa edilemez"
"Water","Su"
"Paint","Boya"
"Cold","So§uk"
"Training","E§itiliyor"
"Open the labor menu.","˜Ÿgc mensn a‡n."
"The squad leader is traveling or otherwise occupied off-site.","Birlik lideri seyahat ediyor veya baŸka bir yerde meŸgul. "
"Make crossbows here from wood or bone.  The metalsmith's forge can be used for metal crossbows and metal bolts, and the crafts workshop is used to make other bolts.","Burada tahtadan veya kemikten tatar yaylar yapn. Metal ustasnn demirhanesi metal tatar yaylar ve metal cvatalar i‡in kullanlabilir ve el sanatlar at”lyesi di§er cvatalar yapmak i‡in kullanlr."
"You can make a variety of objects using three different types of glass.  You can also collect sand in bags from a task originating here, if you have a sand collection zone.  Magma below the furnace will power tasks.  You are responsible for placing the furnace above the magma, but no other fuel is required.","3 farkl cam trn kullanarak bir sr trde eŸya yapabilirsiniz. Bir kum toplama b”lgeniz varsa, bu b”lgede baŸlayan g”revlerden kum torbalar da toplayabilirsiniz . Frnn altndaki magma g”revlere g‡ sa§layacaktr. Frn magmann zerine yerleŸtirmek sizin sorumlulu§unuzdadr, ancak baŸka bir yakta gerek yoktur."
"Bake clay objects here, as well as a few other useful materials.  Clay can also be collected here if you have a clay collection zone.  Magma below the kiln will power tasks.  You are responsible for placing the kiln above the magma, but no other fuel is required.","Burada kil nesnelerin yan sra  baŸka faydal malzeme de piŸirebilirsiniz. E§er kil toplama b”lgeniz varsa kil de buradan toplanabilir. Frnn altndaki magma g”revlere g‡ sa§layacaktr. Frn magmann zerine yerleŸtirmek sizin sorumlulu§unuzdadr, ancak baŸka bir yakta gerek yoktur."
"Blocks creatures but allows the passage of fluids and items.  Can be built over empty spaces, stairs, ramps, or above liquids.  Bars unlike grates do not have a quality and so do not enhance the value of rooms significantly.  Bars can be connected to levers.","Yaratklar engeller ancak svlarn ve eŸyalarn ge‡iŸine izin verir. BoŸ alanlarn, merdivenlerin, rampalarn veya svlarn zerine inŸa edilebilir. Izgaralardan farkl olarak parmaklklarn bir kalitesi yoktur ve bu nedenle odalarn de§erini ”nemli ”l‡de artrmaz. Parmaklklar kola ba§lanabilir."
"Cook","PiŸirme"
"You have no appropriate ingredients.","Uygun malzemen yok."
"Equip","Donan"
"decorum","nezaket"
"the beast","canavar"
"It's for the best.","En iyisi bu."
"the brewing trouble","patlamak zere olan bela"
"general ill feelings over past historical events","ge‡miŸ tarihi olaylar hakknda hoŸnutsuzluk"
"What's available here?","Burada iŸe yarar ne var?"
"It is good to see you here.","seni burada g”rmek gzel."
"We have many drinks to choose from.  [You receive a list.]","Bir sr i‡ki se‡ene§imiz var. [Bir liste alyorsun.]"
", taking over my duties and responsibilities?",", benim g”rev ve sorumluluklarm stlenmek?"
"What a strange place!","Ne garip bir yer!"
"I will not bow before you.","Senin ”nnde e§ilmeyece§im."
"Drop ","Damla "
" saw the sun and vomited on the spot!"," GneŸi g”rnce orackta kustu!"
"Who?","Kim?"
"I started my pilgrimage in ","Yolculu§uma baŸladm "
"Great","Harika"
"Splendid","MuhteŸem"
"Good","Gzel"
"Decent","Fena de§il"
"We will fight no more.","Daha fazla savaŸmayaca§z"
"I disagree.","Katlmyorum."
" aggressive"," agresif"
"through touch","dokunuŸla"
"Tenth","Onuncu"
"'s Workshop","'nn At”lyesi"
"Tool","Alet"
"Farm Plot","Tarm Arazisi"
"Construction","˜nŸaat"
"Crafts Market","El Sanatlar Pazar
 "
"General Store","Genel ma§aza
 "
"Custom Workshop","™zel At”lye
 "
" Door"," Kap"
"Home","Ev"
"Bone Carving Workshop","Kemik Oymacl§ At”lyesi"
"Bowmaking Workshop","Yayclk At”lyesi"
"Dump","€”plk"
"Easy difficulty","Kolay zorluk "
"High","Yksek"
"Creativity","Yaratclk"
"effortlessly ","‡aba gerektirmeden "
"profaned our homes","evlerimizi kirletti"
"the throne room","taht odas
 "
"the worthlessness","De§ersizlik"
"you.","sen"
" an enemy fighter."," bir dŸman savaŸ‡s."
"The amount of practice that goes into mastering a skill is so impressive.","Bir yetenekte uzmanlaŸmak i‡in gereken pratik miktar ‡ok etkileyici."
"I get so jealous sometimes.","Bazen ‡ok kskanyorum. "
"I look splendid today.","Bugn harika g”rnyorum. "
"I am very aroused!","€ok canlandm!"
"Such nostalgia!","Ne nostalji! "
"It makes me so gloomy.","˜‡imi ‡ok karartyor."
"It could happen!","Olabilir! "
"I'm not dismayed.","DehŸete dŸmedim."
"I bow to no one.","Kimseye boyun e§miyorum."
"gave","verdi"
" was preached"," vaaz edildi "
"I was out in a blizzard.","Bir kar frtnasnda dŸardaydm."
"I slept on ice.","Buzun stnde yattm. "
"a very good setting","‡ok iyi bir dzenleme"
"sadness","znt "
"glumness","keyifsizlik "
"A vile monster from the bowels of the earth has been preying on our people.","Dnyann derinliklerinden gelen aŸa§lk bir canavar insanlarmz avlyor."
"There is a tomb","Burada bir mezar var"
"I'd love to travel and create art.","Yolculuk yapmay ve sanat yaratmay ‡ok severim."
"beast","yaratk"
"slayer","katil"
"is lanky, with strong muscles and some fat","g‡l kaslar ve biraz ya§ ile birlikte srk gibi"
"has what was once a thin frame, now bearing enormous, thick layers of fat","bir zamanlar zayf bir yaps olup Ÿimdi muazzam kaln ya§ tabakalar taŸyan"
"is tall, weak and skinny","uzun, zayf ve sska"
"is tall and muscular","uzun ve kasl"
"is tall and fat","uzun ve ŸiŸman"
"is muscular and extremely short","kasl ve aŸr ksa"
"is fat and very small","ŸiŸman ve ‡ok k‡k"
"is incredibly skinny and very small","inanlmaz derecede zayf ve ‡ok k‡k"
"is skinny and very small","sska ve ‡ok k‡k"
"is very small","‡ok k‡k"
"high-cheekboned","‡kk elmack kemikli"
"extremely tall","olduk‡a uzun"
"somewhat tall","biraz uzun"
"very short","olduk‡a ksa"
"somewhat short","biraz ksa"
"extraordinarily broad","ola§anst kaln yapl"
"somewhat broad","biraz kaln yapl"
"extremely narrow","ola§anst ince yapl"
"somewhat narrow","biraz ine yapl"
"extremely long","aŸr uzun"
"quite long","olduk‡a uzun"
"somewhat long","biraz uzun"
"extremely short","aŸr ksa"
"incredibly high","olduk‡a ksa"
"somewhat high","biraz ksa"
"extremely low","olduk‡a dŸk"
"slightly low","biraz dŸk"
"straight scar.  ","Dz yara izi. "
"Strange mood","Garip ruh hali"
"Embark","YerleŸ"
"Eggs","Yumurtalar"
"Trap Components","Tuzak Par‡alar"
"Footwear","Ayakkab"
"Tools","Aletler"
"Miscellaneous","€eŸitli"
"Clean","Temizle"
"Rest","Dinlen"
"balance","denge"
"beauty","gzellik"
"birth","do§um"
"fire","ateŸ"
"fishing","balk‡lk"
"food","yemek"
"games","oyunlar"
"lies","yalanlar"
"plants","bitkiler"
"Forest","Orman"
"Ocean","Okyanus"
"Sandstone","Kum TaŸ"
"Bowmaking","Yay yapm"
"Growing","Byyor"
"Music","Mzik"
"Crossbow","Tatar yay"
"Pressing","Basmak"
"Machinery","Makineler"
"Cooking","PiŸirme"
"Diagnostics","TeŸhis"
"Crossbowman","Tatar ok‡usu"
"murderer","cani"
"elk","geyik"
"Temperature: ","Scaklk: "
"Freezing","Arjantin"
"Warm","Scak"
"Trees: ","A§a‡: "
"Scarce","Kt"
"Woodland","Ormanlk"
"Heavily Forested","Yo§un Ormanlk"
"Other Vegetation: ","Di§er Bitki ™rts: "
"Moderate","˜lml"
"Thick","Kaln"
"Surroundings: ","€evre: "
"Serene","Dingin"
"Sinister","U§ursuz"
"Mirthful","NeŸeli"
"Wilderness","Kr"
"Haunted","Arjantin"
"Untamed Wilds","EvcilleŸtirilmemiŸ VahŸi Hayvanlar"
"Terrifying","Korkun‡"
"Multiple Constructions","€oklu Yaplar"
"Major River: ","Byk Nehir: "
"River: ","Irmak: "
"Minor River: ","K‡k Nehir: "
"Stream: ","Dere: "
"Volcano: ","Yanarda§: "
"Mountain: ","Da§: "
"Charge attack: move toward your opponent","Saldry ykle: Rakibine do§ru hareket et"
"What do you want to throw?","Ne atmak istiyorsun?"
"Entombed","G”mld"
"chieftess","Ÿef"
"Captain","Kaptan"
"blade","b‡ak "
"crossbow","tatar yay"
"Perfect","Kusursuz"
"advisor","danŸman "
"furniture ","mobilya "
"non-absorbent ","emici olmayan "
"catapult parts","frlatma dzene§i par‡alar"
"chain ","zincir "
"Crossbow-making","Tatarca yay yapm"
"Mechanics","Mekanik"
"Load","Kayd Ykle"
"after being unable to find an artifact","bir sanat eseri bulamadktan sonra"
"due to envy of those that live on","hayatta kalanlarn kskan‡l§ nedeniyle"
"slashed out","kesip atlmŸ"
" escaped from "," elinden ka‡t "
"discourse on ethics as it regards the benefit of the state","devletin ‡karlarn g”zeten etik kurallar hakknda konuŸ"
"discourse on the meaning of individual happiness","bireysel mutlulu§un anlam hakknda konuŸ"
"discourse on medical ethics","tbbi etik kurallar hakknda konuŸ"
"discourse on the nature of truth","ger‡ekli§in do§as hakknda konuŸ"
"discourse on the nature of justification","meŸrulaŸtrmann do§as hakknda konuŸ"
"discourse on the nature of perception","alglamann do§as hakknda konuŸ"
"discourse on the nature of belief","inancn do§as hakknda konuŸ"
"discourse on the relationship between wholes and parts","btnlerin ve par‡alarn arasndaki iliŸki hakknda konuŸ"
"discourse on the relationship between objects and their properties","nesneler ve ”zellikleri hakknda konuŸ"
"discourse on the nature of mind and body","zihnin ve bedenin do§as hakknda konuŸ"
"discourse on the nature of time","zamann do§as hakknda konuŸ"
"discourse on the nature of existence","varoluŸun do§as hakknda konuŸ"
"discourse on the nature of events","olaylarn do§as hakknda konuŸ"
"discourse on ethics as applied to war","savaŸ eti§i hakknda konuŸ"
"discourse on the nature of causation","nedenselli§in do§as hakknda konuŸ"
"discourse on the nature of processes","sre‡lerin do§as hakknda konuŸ"
"discourse on ethics as applied to interpersonal conduct","sosyal etik hakknda konuŸ"
"discourse on education","e§itim hakknda konuŸ"
"discourse on law","yasa hakknda konuŸ"
"discourse on grammar","dilbilgisi hakknda konuŸ"
"discourse on social welfare","sosyal refah hakknda konuŸ"
"discourse on economic policy","ekonomik politika hakknda konuŸ"
"discourse on government","hkmet hakknda konuŸ"
"discourse on diplomacy","diplomasi hakknda konuŸ"
"the notion of etymology","etimolojinin anlam"
"discourse on the value of art","sanatn de§eri hakknda konuŸ"
"discourse on the nature of beauty","gzelli§in do§as hakknda konuŸ"
"the idea of using symbolic notation for addition","katlm i‡in sembolik g”sterim kullanma fikri"
"the notion of conflict between members of a community","bir toplulu§un yeleri arasndaki ‡atŸmann anlam"
"the notion of bonds between members of a community","bir toplulu§un yeleri arasndaki ba§larn anlam"
"the notion of historical, governmental and social cycles","tarihsel, hkmetsel ve sosyal d”nglerin anlam"
"discourse on the causes of historical events","tarihsel olaylarn nedenleri hakknda konuŸ"
"the idea of source reliability","kaynak gvenilebilirli§i fikri"
"the killing of ","”lm "
"decided to become a mercenary, operating","paral bir asker olmaya karar verdi, ‡alŸyor"
"appearing not to age","yaŸlanmyor gibi g”rnyor"
"created","yaratt"
"the crossbow","tatar yay"
"Some","Baz"
" bandit gang from "," k”kenli eŸkya ‡etesi "
"Pillaging","Ya§malyor"
"Race","Irk"
"hunger","a‡lk"
"encrusted with","kaplanmŸ"
"finely-crafted ","incelikle hazrlanmŸ "
" symbols"," emboller"
"Seed","Tohum"
"Cheese","Peynir"
"Drowned","Bo§uldu"
"Leapt from a great height","Byk bir ykseklikten atlad"
"Sleep","Uyku"
"No activity","Etkinlik yok"
"Report crime","Su‡u bildir"
"Place item in tomb","mezara yerleŸtir"
"Store item in stockpile","šrn stokta sakla"
"Store item in bag","šrn ‡antada sakla"
"Store item in barrel","™§eyi varilde saklayn"
"Store item in bin","™§eyi ‡”p kutusunda sakla"
"Store item in vehicle","™§eyi ara‡ta sakla"
"Dump item","™§eyi boŸalt"
"Select","Se‡"
"Zoom In","YaknlaŸtr"
"Zoom Out","UzaklaŸtr"
"the Economy","Ekonomi"
" as well as "," yansra "
" finale"," final"
"Use Seed","Tohumu kullan"
"Embark Points","Ykleme Noktalar"
"Temperature","Scaklk"
"Volcanism","Volkanizma"
"Minimum ","Asgari "
"North or South","Kuzey veya Gney"
"North and/or South","Kuzey ve/veya Gney"
"Number of Civilizations","Medeniyet Says"
"Shallow Clay","S§ Kil"
"Shallow Sand","S§ Kum"
"Little soil","K‡k toprak"
"Some soil","Baz toprak"
"Deep soil","Derin toprak"
"Very deep soil","€ok derin toprak"
"Extremely deep soil","Son derece derin toprak"
"Varied aquifer","€eŸitli akifer"
"Heavy aquifer","A§r Akifer"
"Small","K‡k"
"Height","Ykseklik"
"Change","De§iŸtir"
"Are you sure you want to go on?","Devam etmek istedi§ine emin misin?"
"Like others in ","Di§erleri gibi "
" culture, "," kltr "
"personally ","Ÿahsen "
"is an absolute believer in the rule of law","hukukun stnl§ne mutlak bir inanandr."
"has a great deal of respect for the law","Yasalara byk sayg duyar"
"respects the law","yasalara saygl"
"does not respect the law","yasalara sayg duymuyor"
"disdains the law","yasay k‡msyor"
"sees family as one of the most important things in life","aileyi hayattaki en ”nemli Ÿeylerden biri olarak g”rr"
"values family greatly","aileye byk de§er verir"
"does not care about family one way or the other","Aileyi ”yle ya da b”yle umursamyor"
"finds friendship burdensome","arkadaŸl§ klfetli buluyor"
"believes that honesty is a high ideal","drstl§n yksek bir ideal oldu§una inanr"
"values honesty","drstl§e de§er verir"
"holds well-laid plans and shrewd deceptions in the highest regard","˜yi hazrlanmŸ planlara ve kurnaz aldatmacalara en st dzeyde sahiptir"
"greatly respects the shrewd and guileful","kurnaz ve kurnaz olanlara byk sayg duyar"
"does not really value cunning and guile","kurnazl§a ve kurnazl§a ger‡ekten de§er vermiyor"
"finds ","Bulur "
" somewhat disgusted with eloquent speakers"," anlaml konuŸmaclardan biraz i§renmiŸ"
"sees artful speech and eloquence as a wasteful form of deliberate deception and treats it as such","sanatsal konuŸmay ve konuŸma sanatn kastl aldatmann israf dolu bir yolu olarak g”rr ve o Ÿekilde muamele eder"
"holds fairness as one of the highest ideals and despises cheating of any kind","adaleti en yksek ideallerden biri olarak g”rr ve her trl hileyi k‡mser"
"has great respect for fairness","adalete byk sayg duyar"
"respects fair-dealing and fair-play","adil muamele ve adil oyuna sayg duyar"
"does not care about fairness","adaleti umursamyor"
"sees life as unfair and doesn't mind it that way","hayat adaletsiz olarak g”rr ve bu Ÿekilde umursamaz"
"finds the idea of fair-dealing foolish and cheats when ","adil davranma fikrini aptalca bulur ve hile yapar "
"is disgusted by the idea of fairness and will freely cheat anybody at any time","Adalet fikrinden i§renir ve herhangi bir zamanda herkesi ”zgrce aldatr."
"values decorum, dignity and proper behavior","nezakete, Ÿerefe ve uygun davranŸlara de§er verir"
"believes that self-mastery and the denial of impulses are of the highest ideals","kendine ustalk yapmann ve i‡gdlerin inkarnn en yksek ideallerden geldi§ine inanr"
"is greatly disturbed by quiet and a peaceful existence","sessizlikten ve huzurlu bir yaŸamdan ‡ok rahatsz olur "
"values leisure time","boŸ vakte ”nem verir"
"thinks that the world should be engaged in perpetual warfare","dnyann sonsuz bir savaŸa girmesi gerekti§ini dŸnyor"
"is rarely happy or enthusiastic","nadiren mutlu ya da hevesli"
"is stubborn","˜nat‡"
"is brave in the face of imminent danger","yaklaŸan tehlikenin karŸsnda cesur"
", even though ","olsa bile "
"a very good dining room","‡ok iyi bir yemek odas"
"Others refused to journey to this dangerous fortress.","Di§erleri bu tehlikeli kaleye yolculuk yapmay reddetti."
" will be leaving soon."," yaknda gidiyor."
"Cannot generate random creatures -- missing tissue template ","Rastgele yaratklar retilemiyor -- doku kalb eksik "
" and select the pitch of the instrument.]"," ve enstrmann perdesini se‡.]"
"The musician ","Mzisyen "
"the nature of beauty","gzelli§in do§as"
"anesthesia","anestezi"
"the use of specialized wards in hospitals","hastanelerde ”zelleŸtirilmiŸ ko§uŸlarn kullanm"
"the Age","€a§"
"Then","sonra"
"The Day","Gndz"
"The Night","Gece"
"The Wind","Rzgar"
"The Sea","Deniz"
"The Sands","Kumlar"
"The Wise","Bilgelik"
"The Dirt","€amur"
"The Fool","Aptal"
"The Future","Gelecek"
"The Past","Ge‡miŸ"
"Mourn","Yas Tut"
"In The Beginning","BaŸlang‡ta"
"In The End","Sonunda"
"the Poetry","iirsel"
"the Words","Kelimeler"
"the Voice","Ses"
"the Rhythm","Ritim"
"the Notes","Notlar"
"the Music","Mzik"
"Friends","ArkadaŸlar"
"the Lie","Yalan"
"the Truth","Hakikat"
"the Word","Kelime"
"the Festival","Festival"
"the Competitor","YarŸmac"
"Healing","˜yileŸiyor"
"Happiness","Mutluluk"
"the Facts","Olgular"
"the Believer","˜nan‡l"
"the Soul","Ruh"
"the Body","Vcut"
"the Mind","Zihin"
"the Event","Olay"
"the Whole","Btn"
"Properties","™zellikler"
"the Object","Obje"
"the Process","Sre‡"
"the Relationship","˜liŸki"
"the War","SavaŸ"
"the Warrior","SavaŸ‡"
"the Soldier","Asker"
"the Military","Askeri"
"the Cause","Sebep"
"the Effect","Etki"
"Effects","Etkiler"
"the Rule","Kural"
"the Law","Yasa"
"the Meaning","Anlam"
"the Student","™§renci"
"the Teacher","™§retmen"
"the Poor","Fakir"
"the State","Durum"
"the Proof","Kant"
"the Altitude","Ykseklik"
"the Angles","A‡lar"
"the Infinite","Sonsuz"
"Completion","tamamlama "
"Cycles","D”nŸ"
"Reproduction","€o§alma"
"Diseases","Hastalklar"
"Breathing","Nefes alyor"
"Odometers","Kilometre saya‡lar"
"the Mechanical Compass","Mekanik Pusula"
"Valves","Valfler"
"Water Wheels","Su €arklar"
"the Water Wheel","Su €ark"
"the Library","Ktphane"
"the Catacombs","Yeralt Mezarlar"
"the Sewers","Kanalizasyonlar"
"the Dungeon","Zindan"
"the Rescue","Kurtarma"
"Freedom","™zgrlk"
"the Flight","U‡uŸ"
"the Search","Arama"
"the Infiltration","Szma"
"the Raid","Baskn"
"the Invasion","˜Ÿgal"
"the Attack","Saldr"
"the Rampage","Hcum"
"the Razing","Ykm"
"Loss","Kayp"
"Treasure","Hazine"
"Masterpiece","aheser"
"Hunger","A‡lk"
"the Wound","Yara"
"Deceit","Dzenbazlk"
"the Mystery","Gizem"
"Storage","Depolama"
"Ruin","Yknt"
"the Castle","Kale"
"the Tomb","Mezar"
"the Horror","Korku"
"the World","Dnya"
"the Ocean","Okyanus"
"the Waters","Denizler"
"the Glacier","Buzul"
"the Tundra","Tundra"
"the Shrubland","€aldiyar"
"the Plains","Ovalar"
"the Caverns","Ma§aralar"
"the Underground","Yeralt"
" corpses"," cesetler"
" corpse"," ceset"
"the Creature","Yaratk"
"the Coins","Altnlar"
"an unnamed group","isimsiz grup"
"the People","Halk"
"the Settlement","YerleŸke"
"the Group","grup"
"the Faith","˜nan‡"
"the Religion","Din"
"the Fighters","D”vŸ‡ler"
"geography:surveying:triangulation","co§rafya:”l‡me:nirengi"
" from paternal grandmother"," Babaanneden"
"The Arena","Arena"
"Evil","K”t"
"Embark preparations were not completed.","Ykleme hazrlklar tamamlanmad."
"Train","E§itil"
"Inappropriate dig square","Uygunsuz kaz"
"No food available","Yiyecek mevcut de§il"
"sage","bilge"
"mathematician","matematik‡i"
"Peasant","K”yl"
"Tame","Evcil"
"Soap Maker","Sabun Yapc"
"Engineer","Mhendis"
"Administrator","y”netici"
"Trader","tccar"
"Intruders!  Drive them away!","Saldrganlar! Onlar uzaklaŸtr!"
"An ambush!  Curse them!","Bir pusu! Onlar lanetle!"
"An ambush!  Drive them out!","Bir pusu! ™ldr onlar!"
"tough","sert"
"very slow to tire","yormak i‡in ‡ok yavaŸ"
"a great musical sense","mthiŸ bir mzikal sezi"
"little natural inclination toward music","mzi§e karŸ ‡ok az do§al e§ilim"
"been scared to death","”lmne korktu"
"died in the dark.","karanlkta ”ld."
"died in the heat.","yanarak ”ld."
"frozen to death.","”lmne dondu."
"been shot and killed.","vurulup ”ld."
"Close","Kapat"
"Winter has arrived on the calendar.","Takvime g”re kŸ geldi."
"Autumn has arrived on the calendar.","Takvime g”re gz geldi."
"The wet season has arrived!","Islak mevsim geldi!"
"on the front of ","”nnde "
"on the wall ","duvarda "
"The item ","EŸya "
"The image ","Resim "
"Something has collapsed on the surface!","Yzeyde bir Ÿey ‡”kt!"
"The weather has cleared.","Hava dzeldi."
"You have discovered a river.","Bir nehir keŸfettiniz.
 "
"You have discovered a great magma sea.","Harika bir magma denizi keŸfettiniz.
 "
"You have discovered a cave entrance.","Bir ma§ara giriŸi keŸfettiniz.
 "
"You have discovered a deep pit.","Derin bir ‡ukur keŸfettiniz.
 "
"You have discovered a magma pool.","Bir magma havuzu keŸfettiniz.
 "
"!  Praise the miners!","! Madencilere Ÿkr!"
" in the water"," suda"
" in the lava"," lavda"
" in the magma"," magmada"
" lies on the ground."," Yerde yatyor"
"body","vcut"
"bodies","vcutlar"
"upper body","st vcut"
"upper bodies","st vcutlar"
"lower body","alt vcut"
"lower bodies","alt vcutlar"
"right upper arm","sa§ st kol"
"left upper arm","sol st kol"
"right lower arm","sa§ alt kol"
"left lower arm","sol alt kol"
"right hand","sa§ el"
"left hand","sol el"
"right upper leg","sa§ st bacak"
"left upper leg","sol st bacak"
"right lower leg","sa§ alt bacak"
"left lower leg","sol alt bacak"
"right foot","sa§ ayak"
"right feet","sa§ ayaklar"
"left foot","sol ayak"
"left feet","sol ayaklar"
"right front leg","sa§ ”n bacak"
"right front foot","sa§ ”n ayak"
"right front feet","sa§ ”n ayak"
"left front foot","sol ”n ayak"
"left front feet","sol ”n ayak"
"right rear leg","sa§ arka bacak"
"left rear leg","sol arka bacak"
"right rear foot","sa§ arka ayak"
"right rear feet","sa§ arka ayak"
"left rear foot","sol arka ayak"
"left rear feet","sol arka ayak"
"first neck","birinci boyun"
"second neck","ikinci boyun"
"third neck","‡nc boyun"
"fourth neck","d”rdnc boyun"
"fifth neck","beŸinci boyun"
"sixth neck","altnc boyun"
"seventh neck","yedinci boyun"
"first head","birinci kafa"
"second head","ikinci kafa"
"third head","‡nc kafa"
"fourth head","d”rdnc kafa"
"fifth head","beŸinci kafa"
"sixth head","altnc kafa"
"seventh head","yedinci kafa"
"head","baŸ"
"neck","boyun"
"right hoof","sa§ toynak"
"right hooves","sa§ toynaklar"
"left hoof","sol toynak"
"left hooves","sol toynaklar"
